"accession"	"accession_version"	"secondary_accessions"	"organism"	"ncbi_taxid"	"ncbi_taxon_name"	"ncbi_taxon_rank"	"ncbi_species"	"ncbi_species_taxid"	"genus"	"family"	"full_taxonomy"	"definition"	"sourcedb"	"sequence_status"	"molecule_type"	"topology"	"genome_length_bp"	"ncbi_slen"	"length_matches_ncbi"	"gc_content_pct"	"n_ambiguous_bases"	"ambiguous_base_codes"	"host"	"strain"	"isolate"	"geo_loc_name"	"collection_date"	"ncbi_create_date"	"ncbi_update_date"	"genbank_locus_date"	"first_submission_date"	"public_release_date"	"refseq_relation"	"refseq_relation_source"	"gff3_status"
"PZ228996"	"PZ228996.1"	NA	"Cydia pomonella nucleopolyhedrovirus"	"3726545"	"Cydia pomonella nucleopolyhedrovirus"	"species"	"Cydia pomonella nucleopolyhedrovirus"	"3726545"	"Alphabaculovirus"	"Baculoviridae"	"Viruses; Naldaviricetes; Lefavirales; Baculoviridae; Alphabaculovirus; unclassified Alphabaculovirus"	"Cydia pomonella nucleopolyhedrovirus isolate CypoNPV, complete genome"	"insd"	"GenBank"	"genomic DNA"	"circular"	112909	112909	TRUE	34.4454	0	NA	"Cydia pomonella"	NA	"CypoNPV"	"China: Liaoning, Shenyang"	"Oct-2024"	"2026-07-13"	"2026-07-13"	"2026-07-13"	"2026-03-26"	NA	NA	NA	"ok_downloaded"
"PZ161873"	"PZ161873.1"	NA	"Glena bisulca granulovirus"	"3695548"	"Glena bisulca granulovirus"	"species"	"Glena bisulca granulovirus"	"3695548"	"Betabaculovirus"	"Baculoviridae"	"Viruses; Naldaviricetes; Lefavirales; Baculoviridae; Betabaculovirus; unclassified Betabaculovirus"	"Glena bisulca granulovirus isolate IIBBL BCIPV 1002, complete genome"	"insd"	"GenBank"	"genomic DNA"	"circular"	104702	104702	TRUE	30.9497	0	NA	"Glena bisulca"	NA	"IIBBL BCIPV 1002"	"Colombia"	"29-Jan-1980"	"2026-06-08"	"2026-06-08"	"2026-06-08"	"2026-03-13"	NA	NA	NA	"ok_downloaded"
"PX739045"	"PX739045.1"	NA	"Rhagastis binoculata nucleopolyhedrovirus"	"3692312"	"Rhagastis binoculata nucleopolyhedrovirus"	"species"	"Rhagastis binoculata nucleopolyhedrovirus"	"3692312"	NA	"Baculoviridae"	"Viruses; Naldaviricetes; Lefavirales; Baculoviridae; unclassified Baculoviridae"	"Rhagastis binoculata nucleopolyhedrovirus clone NPV-41, complete genome"	"insd"	"GenBank"	"genomic DNA"	"circular"	134298	134298	TRUE	36.9775	0	NA	"Rhagastis binoculata"	NA	NA	"Taiwan: New Taipei City, Tianshang Mountain Trail"	"20-Jan-2021"	"2026-03-10"	"2026-03-10"	"2026-03-10"	"2025-12-20"	NA	NA	NA	"ok_downloaded"
"PX879552"	"PX879552.1"	NA	"Lymantria dispar granulovirus"	"3693569"	"Lymantria dispar granulovirus"	"species"	"Lymantria dispar granulovirus"	"3693569"	"Betabaculovirus"	"Baculoviridae"	"Viruses; Naldaviricetes; Lefavirales; Baculoviridae; Betabaculovirus; unclassified Betabaculovirus"	"Lymantria dispar granulovirus isolate LydiGV-M1, complete genome"	"insd"	"GenBank"	"genomic DNA"	"linear"	147179	147179	TRUE	44.0525	0	NA	"Lymantria dispar"	NA	"LydiGV-M1"	"Mongolia"	"2025"	"2026-02-02"	"2026-03-10"	"2026-03-10"	"2026-01-14"	NA	NA	NA	"ok_downloaded"
"PX684878"	"PX684878.1"	NA	"Autographa gamma granulovirus"	"271102"	"Autographa gamma granulovirus"	"species"	"Autographa gamma granulovirus"	"271102"	"Betabaculovirus"	"Baculoviridae"	"Viruses; Naldaviricetes; Lefavirales; Baculoviridae; Betabaculovirus; unclassified Betabaculovirus"	"Autographa gamma granulovirus isolate Darmstadt, complete genome"	"insd"	"GenBank"	"genomic DNA"	"circular"	174429	174429	TRUE	40.7014	0	NA	"Autographa gamma"	NA	"Darmstadt"	"Germany:Darmstadt"	"14-May-1976"	"2026-02-28"	"2026-02-28"	"2026-02-28"	"2025-12-09"	NA	NA	NA	"ok_downloaded"
"PX684877"	"PX684877.1"	NA	"Eudryas unio granulovirus"	"3478692"	"Eudryas unio granulovirus"	"species"	"Eudryas unio granulovirus"	"3478692"	"Betabaculovirus"	"Baculoviridae"	"Viruses; Naldaviricetes; Lefavirales; Baculoviridae; Betabaculovirus; unclassified Betabaculovirus"	"Eudryas unio granulovirus isolate IIBBL:BCIPV:1229, complete genome"	"insd"	"GenBank"	"genomic DNA"	"circular"	181984	181984	TRUE	40.6069	0	NA	"Eudryas unio"	NA	"IIBBL:BCIPV:1229"	"USA"	"14-Sep-1995"	"2026-02-28"	"2026-02-28"	"2026-02-28"	"2025-12-09"	NA	NA	NA	"ok_downloaded"
"PX684876"	"PX684876.1"	NA	"Eudryas unio granulovirus"	"3478692"	"Eudryas unio granulovirus"	"species"	"Eudryas unio granulovirus"	"3478692"	"Betabaculovirus"	"Baculoviridae"	"Viruses; Naldaviricetes; Lefavirales; Baculoviridae; Betabaculovirus; unclassified Betabaculovirus"	"Eudryas unio granulovirus isolate IIBBL:BCIPV:1112, complete genome"	"insd"	"GenBank"	"genomic DNA"	"circular"	181737	181737	TRUE	40.6301	0	NA	"Eudryas unio"	NA	"IIBBL:BCIPV:1112"	"USA"	"Oct-1995"	"2026-02-28"	"2026-02-28"	"2026-02-28"	"2025-12-09"	NA	NA	NA	"ok_downloaded"
"PX586830"	"PX586830.1"	NA	"Malacosoma neustria nucleopolyhedrovirus"	"38012"	"Malacosoma neustria nucleopolyhedrovirus"	"species"	"Malacosoma neustria nucleopolyhedrovirus"	"38012"	"Alphabaculovirus"	"Baculoviridae"	"Viruses; Naldaviricetes; Lefavirales; Baculoviridae; Alphabaculovirus; unclassified Alphabaculovirus"	"Malacosoma neustria nucleopolyhedrovirus isolate ManeNPV-Er, complete genome"	"insd"	"GenBank"	"genomic DNA"	"circular"	129144	129144	TRUE	38.2132	0	NA	"Eriogaster sp."	NA	"ManeNPV-Er"	"Mongolia"	"2025"	"2026-02-07"	"2026-02-07"	"2026-02-07"	"2025-11-21"	NA	NA	NA	"ok_downloaded"
"PQ824858"	"PQ824858.1"	NA	"Cnaphalocrocis medinalis granulovirus"	"1750712"	"Cnaphalocrocis medinalis granulovirus"	"no rank"	"Betabaculovirus cnamedinalis"	"3047765"	"Betabaculovirus"	"Baculoviridae"	"Viruses; Naldaviricetes; Lefavirales; Baculoviridae; Betabaculovirus; Betabaculovirus cnamedinalis"	"Cnaphalocrocis medinalis granulovirus isolate DH2021101412, complete genome"	"insd"	"GenBank"	"genomic DNA"	"circular"	111118	111118	TRUE	35.087	0	NA	"Cnaphalocrocis medinalis"	NA	"DH2021101412"	"China"	"14-Oct-2021"	"2025-11-10"	"2025-11-10"	"2025-11-10"	"2024-12-30"	NA	NA	NA	"ok_downloaded"
"PQ824857"	"PQ824857.1"	NA	"Cnaphalocrocis medinalis granulovirus"	"1750712"	"Cnaphalocrocis medinalis granulovirus"	"no rank"	"Betabaculovirus cnamedinalis"	"3047765"	"Betabaculovirus"	"Baculoviridae"	"Viruses; Naldaviricetes; Lefavirales; Baculoviridae; Betabaculovirus; Betabaculovirus cnamedinalis"	"Cnaphalocrocis medinalis granulovirus isolate DH2021101410, complete genome"	"insd"	"GenBank"	"genomic DNA"	"circular"	111014	111014	TRUE	35.0929	0	NA	"Cnaphalocrocis medinalis"	NA	"DH2021101410"	"China"	"14-Oct-2021"	"2025-11-10"	"2025-11-10"	"2025-11-10"	"2024-12-30"	NA	NA	NA	"ok_downloaded"
"PQ824856"	"PQ824856.1"	NA	"Cnaphalocrocis medinalis granulovirus"	"1750712"	"Cnaphalocrocis medinalis granulovirus"	"no rank"	"Betabaculovirus cnamedinalis"	"3047765"	"Betabaculovirus"	"Baculoviridae"	"Viruses; Naldaviricetes; Lefavirales; Baculoviridae; Betabaculovirus; Betabaculovirus cnamedinalis"	"Cnaphalocrocis medinalis granulovirus isolate DH2021101409, complete genome"	"insd"	"GenBank"	"genomic DNA"	"circular"	112264	112264	TRUE	35.1252	0	NA	"Cnaphalocrocis medinalis"	NA	"DH2021101409"	"China"	"14-Oct-2021"	"2025-11-10"	"2025-11-10"	"2025-11-10"	"2024-12-30"	NA	NA	NA	"ok_downloaded"
"PQ824855"	"PQ824855.1"	NA	"Cnaphalocrocis medinalis granulovirus"	"1750712"	"Cnaphalocrocis medinalis granulovirus"	"no rank"	"Betabaculovirus cnamedinalis"	"3047765"	"Betabaculovirus"	"Baculoviridae"	"Viruses; Naldaviricetes; Lefavirales; Baculoviridae; Betabaculovirus; Betabaculovirus cnamedinalis"	"Cnaphalocrocis medinalis granulovirus isolate DH2021101408, complete genome"	"insd"	"GenBank"	"genomic DNA"	"circular"	112196	112196	TRUE	35.1055	0	NA	"Cnaphalocrocis medinalis"	NA	"DH2021101408"	"China"	"14-Oct-2021"	"2025-11-10"	"2025-11-10"	"2025-11-10"	"2024-12-30"	NA	NA	NA	"ok_downloaded"
"PQ824854"	"PQ824854.1"	NA	"Cnaphalocrocis medinalis granulovirus"	"1750712"	"Cnaphalocrocis medinalis granulovirus"	"no rank"	"Betabaculovirus cnamedinalis"	"3047765"	"Betabaculovirus"	"Baculoviridae"	"Viruses; Naldaviricetes; Lefavirales; Baculoviridae; Betabaculovirus; Betabaculovirus cnamedinalis"	"Cnaphalocrocis medinalis granulovirus isolate DH2021101407, complete genome"	"insd"	"GenBank"	"genomic DNA"	"circular"	112168	112168	TRUE	35.1188	0	NA	"Cnaphalocrocis medinalis"	NA	"DH2021101407"	"China"	"14-Oct-2021"	"2025-11-10"	"2025-11-10"	"2025-11-10"	"2024-12-30"	NA	NA	NA	"ok_downloaded"
"PQ824853"	"PQ824853.1"	NA	"Cnaphalocrocis medinalis granulovirus"	"1750712"	"Cnaphalocrocis medinalis granulovirus"	"no rank"	"Betabaculovirus cnamedinalis"	"3047765"	"Betabaculovirus"	"Baculoviridae"	"Viruses; Naldaviricetes; Lefavirales; Baculoviridae; Betabaculovirus; Betabaculovirus cnamedinalis"	"Cnaphalocrocis medinalis granulovirus isolate DH2021101406, complete genome"	"insd"	"GenBank"	"genomic DNA"	"circular"	112112	112112	TRUE	35.1104	0	NA	"Cnaphalocrocis medinalis"	NA	"DH2021101406"	"China"	"14-Oct-2021"	"2025-11-10"	"2025-11-10"	"2025-11-10"	"2024-12-30"	NA	NA	NA	"ok_downloaded"
"PQ824852"	"PQ824852.1"	NA	"Cnaphalocrocis medinalis granulovirus"	"1750712"	"Cnaphalocrocis medinalis granulovirus"	"no rank"	"Betabaculovirus cnamedinalis"	"3047765"	"Betabaculovirus"	"Baculoviridae"	"Viruses; Naldaviricetes; Lefavirales; Baculoviridae; Betabaculovirus; Betabaculovirus cnamedinalis"	"Cnaphalocrocis medinalis granulovirus isolate DH2021101405, complete genome"	"insd"	"GenBank"	"genomic DNA"	"circular"	112046	112046	TRUE	35.1177	0	NA	"Cnaphalocrocis medinalis"	NA	"DH2021101405"	"China"	"14-Oct-2021"	"2025-11-10"	"2025-11-10"	"2025-11-10"	"2024-12-30"	NA	NA	NA	"ok_downloaded"
"PQ824851"	"PQ824851.1"	NA	"Cnaphalocrocis medinalis granulovirus"	"1750712"	"Cnaphalocrocis medinalis granulovirus"	"no rank"	"Betabaculovirus cnamedinalis"	"3047765"	"Betabaculovirus"	"Baculoviridae"	"Viruses; Naldaviricetes; Lefavirales; Baculoviridae; Betabaculovirus; Betabaculovirus cnamedinalis"	"Cnaphalocrocis medinalis granulovirus isolate DH2021101404, complete genome"	"insd"	"GenBank"	"genomic DNA"	"circular"	111284	111284	TRUE	35.0643	0	NA	"Cnaphalocrocis medinalis"	NA	"DH2021101404"	"China"	"14-Oct-2021"	"2025-11-10"	"2025-11-10"	"2025-11-10"	"2024-12-30"	NA	NA	NA	"ok_downloaded"
"PQ824850"	"PQ824850.1"	NA	"Cnaphalocrocis medinalis granulovirus"	"1750712"	"Cnaphalocrocis medinalis granulovirus"	"no rank"	"Betabaculovirus cnamedinalis"	"3047765"	"Betabaculovirus"	"Baculoviridae"	"Viruses; Naldaviricetes; Lefavirales; Baculoviridae; Betabaculovirus; Betabaculovirus cnamedinalis"	"Cnaphalocrocis medinalis granulovirus isolate DH2021101403, complete genome"	"insd"	"GenBank"	"genomic DNA"	"circular"	112003	112003	TRUE	35.1241	0	NA	"Cnaphalocrocis medinalis"	NA	"DH2021101403"	"China"	"14-Oct-2021"	"2025-11-10"	"2025-11-10"	"2025-11-10"	"2024-12-30"	NA	NA	NA	"ok_downloaded"
"PQ824849"	"PQ824849.1"	NA	"Cnaphalocrocis medinalis granulovirus"	"1750712"	"Cnaphalocrocis medinalis granulovirus"	"no rank"	"Betabaculovirus cnamedinalis"	"3047765"	"Betabaculovirus"	"Baculoviridae"	"Viruses; Naldaviricetes; Lefavirales; Baculoviridae; Betabaculovirus; Betabaculovirus cnamedinalis"	"Cnaphalocrocis medinalis granulovirus isolate DH2021101402, complete genome"	"insd"	"GenBank"	"genomic DNA"	"circular"	111953	111953	TRUE	35.1147	0	NA	"Cnaphalocrocis medinalis"	NA	"DH2021101402"	"China"	"14-Oct-2021"	"2025-11-10"	"2025-11-10"	"2025-11-10"	"2024-12-30"	NA	NA	NA	"ok_downloaded"
"PQ824848"	"PQ824848.1"	NA	"Cnaphalocrocis medinalis granulovirus"	"1750712"	"Cnaphalocrocis medinalis granulovirus"	"no rank"	"Betabaculovirus cnamedinalis"	"3047765"	"Betabaculovirus"	"Baculoviridae"	"Viruses; Naldaviricetes; Lefavirales; Baculoviridae; Betabaculovirus; Betabaculovirus cnamedinalis"	"Cnaphalocrocis medinalis granulovirus isolate DH2019101614, complete genome"	"insd"	"GenBank"	"genomic DNA"	"circular"	111742	111742	TRUE	35.1103	0	NA	"Cnaphalocrocis medinalis"	NA	"DH2019101614"	"China"	"16-Oct-2019"	"2025-11-10"	"2025-11-10"	"2025-11-10"	"2024-12-30"	NA	NA	NA	"ok_downloaded"
"PQ824847"	"PQ824847.1"	NA	"Cnaphalocrocis medinalis granulovirus"	"1750712"	"Cnaphalocrocis medinalis granulovirus"	"no rank"	"Betabaculovirus cnamedinalis"	"3047765"	"Betabaculovirus"	"Baculoviridae"	"Viruses; Naldaviricetes; Lefavirales; Baculoviridae; Betabaculovirus; Betabaculovirus cnamedinalis"	"Cnaphalocrocis medinalis granulovirus isolate DH2019101613, complete genome"	"insd"	"GenBank"	"genomic DNA"	"circular"	112008	112008	TRUE	35.1198	0	NA	"Cnaphalocrocis medinalis"	NA	"DH2019101613"	"China"	"16-Oct-2019"	"2025-11-10"	"2025-11-10"	"2025-11-10"	"2024-12-30"	NA	NA	NA	"ok_downloaded"
"PQ824846"	"PQ824846.1"	NA	"Cnaphalocrocis medinalis granulovirus"	"1750712"	"Cnaphalocrocis medinalis granulovirus"	"no rank"	"Betabaculovirus cnamedinalis"	"3047765"	"Betabaculovirus"	"Baculoviridae"	"Viruses; Naldaviricetes; Lefavirales; Baculoviridae; Betabaculovirus; Betabaculovirus cnamedinalis"	"Cnaphalocrocis medinalis granulovirus isolate DH2019101612, complete genome"	"insd"	"GenBank"	"genomic DNA"	"circular"	111816	111816	TRUE	35.08	0	NA	"Cnaphalocrocis medinalis"	NA	"DH2019101612"	"China"	"16-Oct-2019"	"2025-11-10"	"2025-11-10"	"2025-11-10"	"2024-12-30"	NA	NA	NA	"ok_downloaded"
"PQ824845"	"PQ824845.1"	NA	"Cnaphalocrocis medinalis granulovirus"	"1750712"	"Cnaphalocrocis medinalis granulovirus"	"no rank"	"Betabaculovirus cnamedinalis"	"3047765"	"Betabaculovirus"	"Baculoviridae"	"Viruses; Naldaviricetes; Lefavirales; Baculoviridae; Betabaculovirus; Betabaculovirus cnamedinalis"	"Cnaphalocrocis medinalis granulovirus isolate DH2019101610, complete genome"	"insd"	"GenBank"	"genomic DNA"	"circular"	111283	111283	TRUE	35.1455	0	NA	"Cnaphalocrocis medinalis"	NA	"DH2019101610"	"China"	"16-Oct-2019"	"2025-11-10"	"2025-11-10"	"2025-11-10"	"2024-12-30"	NA	NA	NA	"ok_downloaded"
"PQ824844"	"PQ824844.1"	NA	"Cnaphalocrocis medinalis granulovirus"	"1750712"	"Cnaphalocrocis medinalis granulovirus"	"no rank"	"Betabaculovirus cnamedinalis"	"3047765"	"Betabaculovirus"	"Baculoviridae"	"Viruses; Naldaviricetes; Lefavirales; Baculoviridae; Betabaculovirus; Betabaculovirus cnamedinalis"	"Cnaphalocrocis medinalis granulovirus isolate DH2019101609, complete genome"	"insd"	"GenBank"	"genomic DNA"	"circular"	111363	111363	TRUE	35.1346	0	NA	"Cnaphalocrocis medinalis"	NA	"DH2019101609"	"China"	"16-Oct-2019"	"2025-11-10"	"2025-11-10"	"2025-11-10"	"2024-12-30"	NA	NA	NA	"ok_downloaded"
"PQ824843"	"PQ824843.1"	NA	"Cnaphalocrocis medinalis granulovirus"	"1750712"	"Cnaphalocrocis medinalis granulovirus"	"no rank"	"Betabaculovirus cnamedinalis"	"3047765"	"Betabaculovirus"	"Baculoviridae"	"Viruses; Naldaviricetes; Lefavirales; Baculoviridae; Betabaculovirus; Betabaculovirus cnamedinalis"	"Cnaphalocrocis medinalis granulovirus isolate DH2019101608, complete genome"	"insd"	"GenBank"	"genomic DNA"	"circular"	112412	112412	TRUE	35.1502	0	NA	"Cnaphalocrocis medinalis"	NA	"DH2019101608"	"China"	"16-Oct-2019"	"2025-11-10"	"2025-11-10"	"2025-11-10"	"2024-12-30"	NA	NA	NA	"ok_downloaded"
"PQ824842"	"PQ824842.1"	NA	"Cnaphalocrocis medinalis granulovirus"	"1750712"	"Cnaphalocrocis medinalis granulovirus"	"no rank"	"Betabaculovirus cnamedinalis"	"3047765"	"Betabaculovirus"	"Baculoviridae"	"Viruses; Naldaviricetes; Lefavirales; Baculoviridae; Betabaculovirus; Betabaculovirus cnamedinalis"	"Cnaphalocrocis medinalis granulovirus isolate DH2019101607, complete genome"	"insd"	"GenBank"	"genomic DNA"	"circular"	112192	112192	TRUE	35.1567	0	NA	"Cnaphalocrocis medinalis"	NA	"DH2019101607"	"China"	"16-Oct-2019"	"2025-11-10"	"2025-11-10"	"2025-11-10"	"2024-12-30"	NA	NA	NA	"ok_downloaded"
"PQ824841"	"PQ824841.1"	NA	"Cnaphalocrocis medinalis granulovirus"	"1750712"	"Cnaphalocrocis medinalis granulovirus"	"no rank"	"Betabaculovirus cnamedinalis"	"3047765"	"Betabaculovirus"	"Baculoviridae"	"Viruses; Naldaviricetes; Lefavirales; Baculoviridae; Betabaculovirus; Betabaculovirus cnamedinalis"	"Cnaphalocrocis medinalis granulovirus isolate DH2019101606, complete genome"	"insd"	"GenBank"	"genomic DNA"	"circular"	111968	111968	TRUE	35.0716	0	NA	"Cnaphalocrocis medinalis"	NA	"DH2019101606"	"China"	"16-Oct-2019"	"2025-11-10"	"2025-11-10"	"2025-11-10"	"2024-12-30"	NA	NA	NA	"ok_downloaded"
"PQ824840"	"PQ824840.1"	NA	"Cnaphalocrocis medinalis granulovirus"	"1750712"	"Cnaphalocrocis medinalis granulovirus"	"no rank"	"Betabaculovirus cnamedinalis"	"3047765"	"Betabaculovirus"	"Baculoviridae"	"Viruses; Naldaviricetes; Lefavirales; Baculoviridae; Betabaculovirus; Betabaculovirus cnamedinalis"	"Cnaphalocrocis medinalis granulovirus isolate DH2019101605, complete genome"	"insd"	"GenBank"	"genomic DNA"	"circular"	112119	112119	TRUE	35.1252	0	NA	"Cnaphalocrocis medinalis"	NA	"DH2019101605"	"China"	"16-Oct-2019"	"2025-11-10"	"2025-11-10"	"2025-11-10"	"2024-12-30"	NA	NA	NA	"ok_downloaded"
"PQ824839"	"PQ824839.1"	NA	"Cnaphalocrocis medinalis granulovirus"	"1750712"	"Cnaphalocrocis medinalis granulovirus"	"no rank"	"Betabaculovirus cnamedinalis"	"3047765"	"Betabaculovirus"	"Baculoviridae"	"Viruses; Naldaviricetes; Lefavirales; Baculoviridae; Betabaculovirus; Betabaculovirus cnamedinalis"	"Cnaphalocrocis medinalis granulovirus isolate DH2019101603, complete genome"	"insd"	"GenBank"	"genomic DNA"	"circular"	112139	112139	TRUE	35.1278	0	NA	"Cnaphalocrocis medinalis"	NA	"DH2019101603"	"China"	"16-Oct-2019"	"2025-11-10"	"2025-11-10"	"2025-11-10"	"2024-12-30"	NA	NA	NA	"ok_downloaded"
"PQ824838"	"PQ824838.1"	NA	"Cnaphalocrocis medinalis granulovirus"	"1750712"	"Cnaphalocrocis medinalis granulovirus"	"no rank"	"Betabaculovirus cnamedinalis"	"3047765"	"Betabaculovirus"	"Baculoviridae"	"Viruses; Naldaviricetes; Lefavirales; Baculoviridae; Betabaculovirus; Betabaculovirus cnamedinalis"	"Cnaphalocrocis medinalis granulovirus isolate DH2019093023, complete genome"	"insd"	"GenBank"	"genomic DNA"	"circular"	111932	111932	TRUE	35.2008	0	NA	"Cnaphalocrocis medinalis"	NA	"DH2019093023"	"China"	"30-Sep-2019"	"2025-11-10"	"2025-11-10"	"2025-11-10"	"2024-12-30"	NA	NA	NA	"ok_downloaded"
"PQ824837"	"PQ824837.1"	NA	"Cnaphalocrocis medinalis granulovirus"	"1750712"	"Cnaphalocrocis medinalis granulovirus"	"no rank"	"Betabaculovirus cnamedinalis"	"3047765"	"Betabaculovirus"	"Baculoviridae"	"Viruses; Naldaviricetes; Lefavirales; Baculoviridae; Betabaculovirus; Betabaculovirus cnamedinalis"	"Cnaphalocrocis medinalis granulovirus isolate DH2019093022, complete genome"	"insd"	"GenBank"	"genomic DNA"	"circular"	111684	111684	TRUE	35.0883	0	NA	"Cnaphalocrocis medinalis"	NA	"DH2019093022"	"China"	"30-Sep-2019"	"2025-11-10"	"2025-11-10"	"2025-11-10"	"2024-12-30"	NA	NA	NA	"ok_downloaded"
"PQ824836"	"PQ824836.1"	NA	"Cnaphalocrocis medinalis granulovirus"	"1750712"	"Cnaphalocrocis medinalis granulovirus"	"no rank"	"Betabaculovirus cnamedinalis"	"3047765"	"Betabaculovirus"	"Baculoviridae"	"Viruses; Naldaviricetes; Lefavirales; Baculoviridae; Betabaculovirus; Betabaculovirus cnamedinalis"	"Cnaphalocrocis medinalis granulovirus isolate DH2019093020, complete genome"	"insd"	"GenBank"	"genomic DNA"	"circular"	111999	111999	TRUE	35.0816	0	NA	"Cnaphalocrocis medinalis"	NA	"DH2019093020"	"China"	"30-Sep-2019"	"2025-11-10"	"2025-11-10"	"2025-11-10"	"2024-12-30"	NA	NA	NA	"ok_downloaded"
"PQ824835"	"PQ824835.1"	NA	"Cnaphalocrocis medinalis granulovirus"	"1750712"	"Cnaphalocrocis medinalis granulovirus"	"no rank"	"Betabaculovirus cnamedinalis"	"3047765"	"Betabaculovirus"	"Baculoviridae"	"Viruses; Naldaviricetes; Lefavirales; Baculoviridae; Betabaculovirus; Betabaculovirus cnamedinalis"	"Cnaphalocrocis medinalis granulovirus isolate DH2019093019, complete genome"	"insd"	"GenBank"	"genomic DNA"	"circular"	112123	112123	TRUE	35.1302	0	NA	"Cnaphalocrocis medinalis"	NA	"DH2019093019"	"China"	"30-Sep-2019"	"2025-11-10"	"2025-11-10"	"2025-11-10"	"2024-12-30"	NA	NA	NA	"ok_downloaded"
"PQ824834"	"PQ824834.1"	NA	"Cnaphalocrocis medinalis granulovirus"	"1750712"	"Cnaphalocrocis medinalis granulovirus"	"no rank"	"Betabaculovirus cnamedinalis"	"3047765"	"Betabaculovirus"	"Baculoviridae"	"Viruses; Naldaviricetes; Lefavirales; Baculoviridae; Betabaculovirus; Betabaculovirus cnamedinalis"	"Cnaphalocrocis medinalis granulovirus isolate DH2019093017, complete genome"	"insd"	"GenBank"	"genomic DNA"	"circular"	111687	111687	TRUE	35.167	0	NA	"Cnaphalocrocis medinalis"	NA	"DH2019093017"	"China"	"30-Sep-2019"	"2025-11-10"	"2025-11-10"	"2025-11-10"	"2024-12-30"	NA	NA	NA	"ok_downloaded"
"PQ824833"	"PQ824833.1"	NA	"Cnaphalocrocis medinalis granulovirus"	"1750712"	"Cnaphalocrocis medinalis granulovirus"	"no rank"	"Betabaculovirus cnamedinalis"	"3047765"	"Betabaculovirus"	"Baculoviridae"	"Viruses; Naldaviricetes; Lefavirales; Baculoviridae; Betabaculovirus; Betabaculovirus cnamedinalis"	"Cnaphalocrocis medinalis granulovirus isolate DH2019093016, complete genome"	"insd"	"GenBank"	"genomic DNA"	"circular"	112171	112171	TRUE	35.1044	0	NA	"Cnaphalocrocis medinalis"	NA	"DH2019093016"	"China"	"30-Sep-2019"	"2025-11-10"	"2025-11-10"	"2025-11-10"	"2024-12-30"	NA	NA	NA	"ok_downloaded"
"PQ824832"	"PQ824832.1"	NA	"Cnaphalocrocis medinalis granulovirus"	"1750712"	"Cnaphalocrocis medinalis granulovirus"	"no rank"	"Betabaculovirus cnamedinalis"	"3047765"	"Betabaculovirus"	"Baculoviridae"	"Viruses; Naldaviricetes; Lefavirales; Baculoviridae; Betabaculovirus; Betabaculovirus cnamedinalis"	"Cnaphalocrocis medinalis granulovirus isolate DH2019093014, complete genome"	"insd"	"GenBank"	"genomic DNA"	"circular"	111869	111869	TRUE	35.108	0	NA	"Cnaphalocrocis medinalis"	NA	"DH2019093014"	"China"	"30-Sep-2019"	"2025-11-10"	"2025-11-10"	"2025-11-10"	"2024-12-30"	NA	NA	NA	"ok_downloaded"
"PQ824831"	"PQ824831.1"	NA	"Cnaphalocrocis medinalis granulovirus"	"1750712"	"Cnaphalocrocis medinalis granulovirus"	"no rank"	"Betabaculovirus cnamedinalis"	"3047765"	"Betabaculovirus"	"Baculoviridae"	"Viruses; Naldaviricetes; Lefavirales; Baculoviridae; Betabaculovirus; Betabaculovirus cnamedinalis"	"Cnaphalocrocis medinalis granulovirus isolate DH2019093009, complete genome"	"insd"	"GenBank"	"genomic DNA"	"circular"	112384	112384	TRUE	35.1082	0	NA	"Cnaphalocrocis medinalis"	NA	"DH2019093009"	"China"	"30-Sep-2019"	"2025-11-10"	"2025-11-10"	"2025-11-10"	"2024-12-30"	NA	NA	NA	"ok_downloaded"
"PQ824830"	"PQ824830.1"	NA	"Cnaphalocrocis medinalis granulovirus"	"1750712"	"Cnaphalocrocis medinalis granulovirus"	"no rank"	"Betabaculovirus cnamedinalis"	"3047765"	"Betabaculovirus"	"Baculoviridae"	"Viruses; Naldaviricetes; Lefavirales; Baculoviridae; Betabaculovirus; Betabaculovirus cnamedinalis"	"Cnaphalocrocis medinalis granulovirus isolate DH2019093006, complete genome"	"insd"	"GenBank"	"genomic DNA"	"circular"	111351	111351	TRUE	35.0684	0	NA	"Cnaphalocrocis medinalis"	NA	"DH2019093006"	"China"	"30-Sep-2019"	"2025-11-10"	"2025-11-10"	"2025-11-10"	"2024-12-30"	NA	NA	NA	"ok_downloaded"
"PQ824829"	"PQ824829.1"	NA	"Cnaphalocrocis medinalis granulovirus"	"1750712"	"Cnaphalocrocis medinalis granulovirus"	"no rank"	"Betabaculovirus cnamedinalis"	"3047765"	"Betabaculovirus"	"Baculoviridae"	"Viruses; Naldaviricetes; Lefavirales; Baculoviridae; Betabaculovirus; Betabaculovirus cnamedinalis"	"Cnaphalocrocis medinalis granulovirus isolate DH2019082836, complete genome"	"insd"	"GenBank"	"genomic DNA"	"circular"	112085	112085	TRUE	35.1296	0	NA	"Cnaphalocrocis medinalis"	NA	"DH2019082836"	"China"	"28-Aug-2019"	"2025-11-10"	"2025-11-10"	"2025-11-10"	"2024-12-30"	NA	NA	NA	"ok_downloaded"
"PQ824828"	"PQ824828.1"	NA	"Cnaphalocrocis medinalis granulovirus"	"1750712"	"Cnaphalocrocis medinalis granulovirus"	"no rank"	"Betabaculovirus cnamedinalis"	"3047765"	"Betabaculovirus"	"Baculoviridae"	"Viruses; Naldaviricetes; Lefavirales; Baculoviridae; Betabaculovirus; Betabaculovirus cnamedinalis"	"Cnaphalocrocis medinalis granulovirus isolate DH2019082835, complete genome"	"insd"	"GenBank"	"genomic DNA"	"circular"	112218	112218	TRUE	35.0354	0	NA	"Cnaphalocrocis medinalis"	NA	"DH2019082835"	"China"	"28-Aug-2019"	"2025-11-10"	"2025-11-10"	"2025-11-10"	"2024-12-30"	NA	NA	NA	"ok_downloaded"
"PQ824827"	"PQ824827.1"	NA	"Cnaphalocrocis medinalis granulovirus"	"1750712"	"Cnaphalocrocis medinalis granulovirus"	"no rank"	"Betabaculovirus cnamedinalis"	"3047765"	"Betabaculovirus"	"Baculoviridae"	"Viruses; Naldaviricetes; Lefavirales; Baculoviridae; Betabaculovirus; Betabaculovirus cnamedinalis"	"Cnaphalocrocis medinalis granulovirus isolate DH2019082834, complete genome"	"insd"	"GenBank"	"genomic DNA"	"circular"	111703	111703	TRUE	35.1557	0	NA	"Cnaphalocrocis medinalis"	NA	"DH2019082834"	"China"	"28-Aug-2019"	"2025-11-10"	"2025-11-10"	"2025-11-10"	"2024-12-30"	NA	NA	NA	"ok_downloaded"
"PQ824826"	"PQ824826.1"	NA	"Cnaphalocrocis medinalis granulovirus"	"1750712"	"Cnaphalocrocis medinalis granulovirus"	"no rank"	"Betabaculovirus cnamedinalis"	"3047765"	"Betabaculovirus"	"Baculoviridae"	"Viruses; Naldaviricetes; Lefavirales; Baculoviridae; Betabaculovirus; Betabaculovirus cnamedinalis"	"Cnaphalocrocis medinalis granulovirus isolate DH2019082833, complete genome"	"insd"	"GenBank"	"genomic DNA"	"circular"	111992	111992	TRUE	35.1498	0	NA	"Cnaphalocrocis medinalis"	NA	"DH2019082833"	"China"	"28-Aug-2019"	"2025-11-10"	"2025-11-10"	"2025-11-10"	"2024-12-30"	NA	NA	NA	"ok_downloaded"
"PQ824825"	"PQ824825.1"	NA	"Cnaphalocrocis medinalis granulovirus"	"1750712"	"Cnaphalocrocis medinalis granulovirus"	"no rank"	"Betabaculovirus cnamedinalis"	"3047765"	"Betabaculovirus"	"Baculoviridae"	"Viruses; Naldaviricetes; Lefavirales; Baculoviridae; Betabaculovirus; Betabaculovirus cnamedinalis"	"Cnaphalocrocis medinalis granulovirus isolate DH2019082831, complete genome"	"insd"	"GenBank"	"genomic DNA"	"circular"	111893	111893	TRUE	35.147	0	NA	"Cnaphalocrocis medinalis"	NA	"DH2019082831"	"China"	"28-Aug-2019"	"2025-11-10"	"2025-11-10"	"2025-11-10"	"2024-12-30"	NA	NA	NA	"ok_downloaded"
"PQ824824"	"PQ824824.1"	NA	"Cnaphalocrocis medinalis granulovirus"	"1750712"	"Cnaphalocrocis medinalis granulovirus"	"no rank"	"Betabaculovirus cnamedinalis"	"3047765"	"Betabaculovirus"	"Baculoviridae"	"Viruses; Naldaviricetes; Lefavirales; Baculoviridae; Betabaculovirus; Betabaculovirus cnamedinalis"	"Cnaphalocrocis medinalis granulovirus isolate DH2019082830, complete genome"	"insd"	"GenBank"	"genomic DNA"	"circular"	111854	111854	TRUE	35.1422	0	NA	"Cnaphalocrocis medinalis"	NA	"DH2019082830"	"China"	"28-Aug-2019"	"2025-11-10"	"2025-11-10"	"2025-11-10"	"2024-12-30"	NA	NA	NA	"ok_downloaded"
"PQ824823"	"PQ824823.1"	NA	"Cnaphalocrocis medinalis granulovirus"	"1750712"	"Cnaphalocrocis medinalis granulovirus"	"no rank"	"Betabaculovirus cnamedinalis"	"3047765"	"Betabaculovirus"	"Baculoviridae"	"Viruses; Naldaviricetes; Lefavirales; Baculoviridae; Betabaculovirus; Betabaculovirus cnamedinalis"	"Cnaphalocrocis medinalis granulovirus isolate DH2019082803, complete genome"	"insd"	"GenBank"	"genomic DNA"	"circular"	112077	112077	TRUE	35.1018	0	NA	"Cnaphalocrocis medinalis"	NA	"DH2019082803"	"China"	"28-Aug-2019"	"2025-11-10"	"2025-11-10"	"2025-11-10"	"2024-12-30"	NA	NA	NA	"ok_downloaded"
"PQ824822"	"PQ824822.1"	NA	"Cnaphalocrocis medinalis granulovirus"	"1750712"	"Cnaphalocrocis medinalis granulovirus"	"no rank"	"Betabaculovirus cnamedinalis"	"3047765"	"Betabaculovirus"	"Baculoviridae"	"Viruses; Naldaviricetes; Lefavirales; Baculoviridae; Betabaculovirus; Betabaculovirus cnamedinalis"	"Cnaphalocrocis medinalis granulovirus isolate DH2019082802, complete genome"	"insd"	"GenBank"	"genomic DNA"	"circular"	112185	112185	TRUE	35.1188	0	NA	"Cnaphalocrocis medinalis"	NA	"DH2019082802"	"China"	"28-Aug-2019"	"2025-11-10"	"2025-11-10"	"2025-11-10"	"2024-12-30"	NA	NA	NA	"ok_downloaded"
"PQ824821"	"PQ824821.1"	NA	"Cnaphalocrocis medinalis granulovirus"	"1750712"	"Cnaphalocrocis medinalis granulovirus"	"no rank"	"Betabaculovirus cnamedinalis"	"3047765"	"Betabaculovirus"	"Baculoviridae"	"Viruses; Naldaviricetes; Lefavirales; Baculoviridae; Betabaculovirus; Betabaculovirus cnamedinalis"	"Cnaphalocrocis medinalis granulovirus isolate DH2019082801, complete genome"	"insd"	"GenBank"	"genomic DNA"	"circular"	112306	112306	TRUE	35.1219	0	NA	"Cnaphalocrocis medinalis"	NA	"DH2019082801"	"China"	"28-Aug-2019"	"2025-11-10"	"2025-11-10"	"2025-11-10"	"2024-12-30"	NA	NA	NA	"ok_downloaded"
"PQ824820"	"PQ824820.1"	NA	"Cnaphalocrocis medinalis granulovirus"	"1750712"	"Cnaphalocrocis medinalis granulovirus"	"no rank"	"Betabaculovirus cnamedinalis"	"3047765"	"Betabaculovirus"	"Baculoviridae"	"Viruses; Naldaviricetes; Lefavirales; Baculoviridae; Betabaculovirus; Betabaculovirus cnamedinalis"	"Cnaphalocrocis medinalis granulovirus isolate DH2019070107, complete genome"	"insd"	"GenBank"	"genomic DNA"	"circular"	112267	112267	TRUE	35.1056	0	NA	"Cnaphalocrocis medinalis"	NA	"DH2019070107"	"China"	"01-Jul-2019"	"2025-11-10"	"2025-11-10"	"2025-11-10"	"2024-12-30"	NA	NA	NA	"ok_downloaded"
"PQ824819"	"PQ824819.1"	NA	"Cnaphalocrocis medinalis granulovirus"	"1750712"	"Cnaphalocrocis medinalis granulovirus"	"no rank"	"Betabaculovirus cnamedinalis"	"3047765"	"Betabaculovirus"	"Baculoviridae"	"Viruses; Naldaviricetes; Lefavirales; Baculoviridae; Betabaculovirus; Betabaculovirus cnamedinalis"	"Cnaphalocrocis medinalis granulovirus isolate DH2019070106, complete genome"	"insd"	"GenBank"	"genomic DNA"	"circular"	111786	111786	TRUE	35.109	0	NA	"Cnaphalocrocis medinalis"	NA	"DH2019070106"	"China"	"01-Jul-2019"	"2025-11-10"	"2025-11-10"	"2025-11-10"	"2024-12-30"	NA	NA	NA	"ok_downloaded"
"PQ824818"	"PQ824818.1"	NA	"Cnaphalocrocis medinalis granulovirus"	"1750712"	"Cnaphalocrocis medinalis granulovirus"	"no rank"	"Betabaculovirus cnamedinalis"	"3047765"	"Betabaculovirus"	"Baculoviridae"	"Viruses; Naldaviricetes; Lefavirales; Baculoviridae; Betabaculovirus; Betabaculovirus cnamedinalis"	"Cnaphalocrocis medinalis granulovirus isolate DH2019070105, complete genome"	"insd"	"GenBank"	"genomic DNA"	"circular"	112125	112125	TRUE	35.0867	0	NA	"Cnaphalocrocis medinalis"	NA	"DH2019070105"	"China"	"01-Jul-2019"	"2025-11-10"	"2025-11-10"	"2025-11-10"	"2024-12-30"	NA	NA	NA	"ok_downloaded"
"PQ824817"	"PQ824817.1"	NA	"Cnaphalocrocis medinalis granulovirus"	"1750712"	"Cnaphalocrocis medinalis granulovirus"	"no rank"	"Betabaculovirus cnamedinalis"	"3047765"	"Betabaculovirus"	"Baculoviridae"	"Viruses; Naldaviricetes; Lefavirales; Baculoviridae; Betabaculovirus; Betabaculovirus cnamedinalis"	"Cnaphalocrocis medinalis granulovirus isolate DH2019070104, complete genome"	"insd"	"GenBank"	"genomic DNA"	"circular"	112648	112648	TRUE	35.1467	0	NA	"Cnaphalocrocis medinalis"	NA	"DH2019070104"	"China"	"01-Jul-2019"	"2025-11-10"	"2025-11-10"	"2025-11-10"	"2024-12-30"	NA	NA	NA	"ok_downloaded"
"PQ824816"	"PQ824816.1"	NA	"Cnaphalocrocis medinalis granulovirus"	"1750712"	"Cnaphalocrocis medinalis granulovirus"	"no rank"	"Betabaculovirus cnamedinalis"	"3047765"	"Betabaculovirus"	"Baculoviridae"	"Viruses; Naldaviricetes; Lefavirales; Baculoviridae; Betabaculovirus; Betabaculovirus cnamedinalis"	"Cnaphalocrocis medinalis granulovirus isolate DH2019070103, complete genome"	"insd"	"GenBank"	"genomic DNA"	"circular"	112037	112037	TRUE	35.1366	0	NA	"Cnaphalocrocis medinalis"	NA	"DH2019070103"	"China"	"01-Jul-2019"	"2025-11-10"	"2025-11-10"	"2025-11-10"	"2024-12-30"	NA	NA	NA	"ok_downloaded"
"PQ824815"	"PQ824815.1"	NA	"Cnaphalocrocis medinalis granulovirus"	"1750712"	"Cnaphalocrocis medinalis granulovirus"	"no rank"	"Betabaculovirus cnamedinalis"	"3047765"	"Betabaculovirus"	"Baculoviridae"	"Viruses; Naldaviricetes; Lefavirales; Baculoviridae; Betabaculovirus; Betabaculovirus cnamedinalis"	"Cnaphalocrocis medinalis granulovirus isolate DH2019070102, complete genome"	"insd"	"GenBank"	"genomic DNA"	"circular"	112338	112338	TRUE	35.1546	0	NA	"Cnaphalocrocis medinalis"	NA	"DH2019070102"	"China"	"01-Jul-2019"	"2025-11-10"	"2025-11-10"	"2025-11-10"	"2024-12-30"	NA	NA	NA	"ok_downloaded"
"PQ824814"	"PQ824814.1"	NA	"Cnaphalocrocis medinalis granulovirus"	"1750712"	"Cnaphalocrocis medinalis granulovirus"	"no rank"	"Betabaculovirus cnamedinalis"	"3047765"	"Betabaculovirus"	"Baculoviridae"	"Viruses; Naldaviricetes; Lefavirales; Baculoviridae; Betabaculovirus; Betabaculovirus cnamedinalis"	"Cnaphalocrocis medinalis granulovirus isolate DH2019070101, complete genome"	"insd"	"GenBank"	"genomic DNA"	"circular"	112324	112324	TRUE	35.0994	0	NA	"Cnaphalocrocis medinalis"	NA	"DH2019070101"	"China"	"01-Jul-2019"	"2025-11-10"	"2025-11-10"	"2025-11-10"	"2024-12-30"	NA	NA	NA	"ok_downloaded"
"PQ824813"	"PQ824813.1"	NA	"Cnaphalocrocis medinalis granulovirus"	"1750712"	"Cnaphalocrocis medinalis granulovirus"	"no rank"	"Betabaculovirus cnamedinalis"	"3047765"	"Betabaculovirus"	"Baculoviridae"	"Viruses; Naldaviricetes; Lefavirales; Baculoviridae; Betabaculovirus; Betabaculovirus cnamedinalis"	"Cnaphalocrocis medinalis granulovirus isolate DH2019060233, complete genome"	"insd"	"GenBank"	"genomic DNA"	"circular"	111613	111613	TRUE	35.1402	0	NA	"Cnaphalocrocis medinalis"	NA	"DH2019060233"	"China"	"02-Jun-2019"	"2025-11-10"	"2025-11-10"	"2025-11-10"	"2024-12-30"	NA	NA	NA	"ok_downloaded"
"PQ824812"	"PQ824812.1"	NA	"Cnaphalocrocis medinalis granulovirus"	"1750712"	"Cnaphalocrocis medinalis granulovirus"	"no rank"	"Betabaculovirus cnamedinalis"	"3047765"	"Betabaculovirus"	"Baculoviridae"	"Viruses; Naldaviricetes; Lefavirales; Baculoviridae; Betabaculovirus; Betabaculovirus cnamedinalis"	"Cnaphalocrocis medinalis granulovirus isolate DH2019060228, complete genome"	"insd"	"GenBank"	"genomic DNA"	"circular"	111841	111841	TRUE	35.1606	0	NA	"Cnaphalocrocis medinalis"	NA	"DH2019060228"	"China"	"02-Jun-2019"	"2025-11-10"	"2025-11-10"	"2025-11-10"	"2024-12-30"	NA	NA	NA	"ok_downloaded"
"PQ824811"	"PQ824811.1"	NA	"Cnaphalocrocis medinalis granulovirus"	"1750712"	"Cnaphalocrocis medinalis granulovirus"	"no rank"	"Betabaculovirus cnamedinalis"	"3047765"	"Betabaculovirus"	"Baculoviridae"	"Viruses; Naldaviricetes; Lefavirales; Baculoviridae; Betabaculovirus; Betabaculovirus cnamedinalis"	"Cnaphalocrocis medinalis granulovirus isolate DH2019060226, complete genome"	"insd"	"GenBank"	"genomic DNA"	"circular"	111887	111887	TRUE	35.1024	0	NA	"Cnaphalocrocis medinalis"	NA	"DH2019060226"	"China"	"02-Jun-2019"	"2025-11-10"	"2025-11-10"	"2025-11-10"	"2024-12-30"	NA	NA	NA	"ok_downloaded"
"PQ824810"	"PQ824810.1"	NA	"Cnaphalocrocis medinalis granulovirus"	"1750712"	"Cnaphalocrocis medinalis granulovirus"	"no rank"	"Betabaculovirus cnamedinalis"	"3047765"	"Betabaculovirus"	"Baculoviridae"	"Viruses; Naldaviricetes; Lefavirales; Baculoviridae; Betabaculovirus; Betabaculovirus cnamedinalis"	"Cnaphalocrocis medinalis granulovirus isolate DH2019060225, complete genome"	"insd"	"GenBank"	"genomic DNA"	"circular"	112006	112006	TRUE	35.107	0	NA	"Cnaphalocrocis medinalis"	NA	"DH2019060225"	"China"	"02-Jun-2019"	"2025-11-10"	"2025-11-10"	"2025-11-10"	"2024-12-30"	NA	NA	NA	"ok_downloaded"
"PQ824809"	"PQ824809.1"	NA	"Cnaphalocrocis medinalis granulovirus"	"1750712"	"Cnaphalocrocis medinalis granulovirus"	"no rank"	"Betabaculovirus cnamedinalis"	"3047765"	"Betabaculovirus"	"Baculoviridae"	"Viruses; Naldaviricetes; Lefavirales; Baculoviridae; Betabaculovirus; Betabaculovirus cnamedinalis"	"Cnaphalocrocis medinalis granulovirus isolate DH2019060223, complete genome"	"insd"	"GenBank"	"genomic DNA"	"circular"	111877	111877	TRUE	35.1377	0	NA	"Cnaphalocrocis medinalis"	NA	"DH2019060223"	"China"	"02-Jun-2019"	"2025-11-10"	"2025-11-10"	"2025-11-10"	"2024-12-30"	NA	NA	NA	"ok_downloaded"
"PQ824808"	"PQ824808.1"	NA	"Cnaphalocrocis medinalis granulovirus"	"1750712"	"Cnaphalocrocis medinalis granulovirus"	"no rank"	"Betabaculovirus cnamedinalis"	"3047765"	"Betabaculovirus"	"Baculoviridae"	"Viruses; Naldaviricetes; Lefavirales; Baculoviridae; Betabaculovirus; Betabaculovirus cnamedinalis"	"Cnaphalocrocis medinalis granulovirus isolate DH2019060222, complete genome"	"insd"	"GenBank"	"genomic DNA"	"circular"	111754	111754	TRUE	35.1102	0	NA	"Cnaphalocrocis medinalis"	NA	"DH2019060222"	"China"	"02-Jun-2019"	"2025-11-10"	"2025-11-10"	"2025-11-10"	"2024-12-30"	NA	NA	NA	"ok_downloaded"
"PQ824807"	"PQ824807.1"	NA	"Cnaphalocrocis medinalis granulovirus"	"1750712"	"Cnaphalocrocis medinalis granulovirus"	"no rank"	"Betabaculovirus cnamedinalis"	"3047765"	"Betabaculovirus"	"Baculoviridae"	"Viruses; Naldaviricetes; Lefavirales; Baculoviridae; Betabaculovirus; Betabaculovirus cnamedinalis"	"Cnaphalocrocis medinalis granulovirus isolate DH2019060216, complete genome"	"insd"	"GenBank"	"genomic DNA"	"circular"	112011	112011	TRUE	35.1037	0	NA	"Cnaphalocrocis medinalis"	NA	"DH2019060216"	"China"	"02-Jun-2019"	"2025-11-10"	"2025-11-10"	"2025-11-10"	"2024-12-30"	NA	NA	NA	"ok_downloaded"
"PQ824806"	"PQ824806.1"	NA	"Cnaphalocrocis medinalis granulovirus"	"1750712"	"Cnaphalocrocis medinalis granulovirus"	"no rank"	"Betabaculovirus cnamedinalis"	"3047765"	"Betabaculovirus"	"Baculoviridae"	"Viruses; Naldaviricetes; Lefavirales; Baculoviridae; Betabaculovirus; Betabaculovirus cnamedinalis"	"Cnaphalocrocis medinalis granulovirus isolate DH2019060209, complete genome"	"insd"	"GenBank"	"genomic DNA"	"circular"	112082	112082	TRUE	35.1234	0	NA	"Cnaphalocrocis medinalis"	NA	"DH2019060209"	"China"	"02-Jun-2019"	"2025-11-10"	"2025-11-10"	"2025-11-10"	"2024-12-30"	NA	NA	NA	"ok_downloaded"
"PQ824805"	"PQ824805.1"	NA	"Cnaphalocrocis medinalis granulovirus"	"1750712"	"Cnaphalocrocis medinalis granulovirus"	"no rank"	"Betabaculovirus cnamedinalis"	"3047765"	"Betabaculovirus"	"Baculoviridae"	"Viruses; Naldaviricetes; Lefavirales; Baculoviridae; Betabaculovirus; Betabaculovirus cnamedinalis"	"Cnaphalocrocis medinalis granulovirus isolate DH2019060208, complete genome"	"insd"	"GenBank"	"genomic DNA"	"circular"	112088	112088	TRUE	35.1135	0	NA	"Cnaphalocrocis medinalis"	NA	"DH2019060208"	"China"	"02-Jun-2019"	"2025-11-10"	"2025-11-10"	"2025-11-10"	"2024-12-30"	NA	NA	NA	"ok_downloaded"
"PQ824804"	"PQ824804.1"	NA	"Cnaphalocrocis medinalis granulovirus"	"1750712"	"Cnaphalocrocis medinalis granulovirus"	"no rank"	"Betabaculovirus cnamedinalis"	"3047765"	"Betabaculovirus"	"Baculoviridae"	"Viruses; Naldaviricetes; Lefavirales; Baculoviridae; Betabaculovirus; Betabaculovirus cnamedinalis"	"Cnaphalocrocis medinalis granulovirus isolate DH2019060207, complete genome"	"insd"	"GenBank"	"genomic DNA"	"circular"	112340	112340	TRUE	35.0988	0	NA	"Cnaphalocrocis medinalis"	NA	"DH2019060207"	"China"	"02-Jun-2019"	"2025-11-10"	"2025-11-10"	"2025-11-10"	"2024-12-30"	NA	NA	NA	"ok_downloaded"
"PQ824803"	"PQ824803.1"	NA	"Cnaphalocrocis medinalis granulovirus"	"1750712"	"Cnaphalocrocis medinalis granulovirus"	"no rank"	"Betabaculovirus cnamedinalis"	"3047765"	"Betabaculovirus"	"Baculoviridae"	"Viruses; Naldaviricetes; Lefavirales; Baculoviridae; Betabaculovirus; Betabaculovirus cnamedinalis"	"Cnaphalocrocis medinalis granulovirus isolate DH2019050620, complete genome"	"insd"	"GenBank"	"genomic DNA"	"circular"	112257	112257	TRUE	35.0571	0	NA	"Cnaphalocrocis medinalis"	NA	"DH2019050620"	"China"	"06-May-2019"	"2025-11-10"	"2025-11-10"	"2025-11-10"	"2024-12-30"	NA	NA	NA	"ok_downloaded"
"PQ824802"	"PQ824802.1"	NA	"Cnaphalocrocis medinalis granulovirus"	"1750712"	"Cnaphalocrocis medinalis granulovirus"	"no rank"	"Betabaculovirus cnamedinalis"	"3047765"	"Betabaculovirus"	"Baculoviridae"	"Viruses; Naldaviricetes; Lefavirales; Baculoviridae; Betabaculovirus; Betabaculovirus cnamedinalis"	"Cnaphalocrocis medinalis granulovirus isolate DH2019050619, complete genome"	"insd"	"GenBank"	"genomic DNA"	"circular"	111905	111905	TRUE	35.1468	0	NA	"Cnaphalocrocis medinalis"	NA	"DH2019050619"	"China"	"06-May-2019"	"2025-11-10"	"2025-11-10"	"2025-11-10"	"2024-12-30"	NA	NA	NA	"ok_downloaded"
"PQ824801"	"PQ824801.1"	NA	"Cnaphalocrocis medinalis granulovirus"	"1750712"	"Cnaphalocrocis medinalis granulovirus"	"no rank"	"Betabaculovirus cnamedinalis"	"3047765"	"Betabaculovirus"	"Baculoviridae"	"Viruses; Naldaviricetes; Lefavirales; Baculoviridae; Betabaculovirus; Betabaculovirus cnamedinalis"	"Cnaphalocrocis medinalis granulovirus isolate DH2019050616, complete genome"	"insd"	"GenBank"	"genomic DNA"	"circular"	112325	112325	TRUE	35.0937	0	NA	"Cnaphalocrocis medinalis"	NA	"DH2019050616"	"China"	"06-May-2019"	"2025-11-10"	"2025-11-10"	"2025-11-10"	"2024-12-30"	NA	NA	NA	"ok_downloaded"
"PQ824800"	"PQ824800.1"	NA	"Cnaphalocrocis medinalis granulovirus"	"1750712"	"Cnaphalocrocis medinalis granulovirus"	"no rank"	"Betabaculovirus cnamedinalis"	"3047765"	"Betabaculovirus"	"Baculoviridae"	"Viruses; Naldaviricetes; Lefavirales; Baculoviridae; Betabaculovirus; Betabaculovirus cnamedinalis"	"Cnaphalocrocis medinalis granulovirus isolate DH2019050615, complete genome"	"insd"	"GenBank"	"genomic DNA"	"circular"	112083	112083	TRUE	35.0874	0	NA	"Cnaphalocrocis medinalis"	NA	"DH2019050615"	"China"	"06-May-2019"	"2025-11-10"	"2025-11-10"	"2025-11-10"	"2024-12-30"	NA	NA	NA	"ok_downloaded"
"PQ824799"	"PQ824799.1"	NA	"Cnaphalocrocis medinalis granulovirus"	"1750712"	"Cnaphalocrocis medinalis granulovirus"	"no rank"	"Betabaculovirus cnamedinalis"	"3047765"	"Betabaculovirus"	"Baculoviridae"	"Viruses; Naldaviricetes; Lefavirales; Baculoviridae; Betabaculovirus; Betabaculovirus cnamedinalis"	"Cnaphalocrocis medinalis granulovirus isolate DH2019050608, complete genome"	"insd"	"GenBank"	"genomic DNA"	"circular"	111831	111831	TRUE	35.162	0	NA	"Cnaphalocrocis medinalis"	NA	"DH2019050608"	"China"	"06-May-2019"	"2025-11-10"	"2025-11-10"	"2025-11-10"	"2024-12-30"	NA	NA	NA	"ok_downloaded"
"PQ824798"	"PQ824798.1"	NA	"Cnaphalocrocis medinalis granulovirus"	"1750712"	"Cnaphalocrocis medinalis granulovirus"	"no rank"	"Betabaculovirus cnamedinalis"	"3047765"	"Betabaculovirus"	"Baculoviridae"	"Viruses; Naldaviricetes; Lefavirales; Baculoviridae; Betabaculovirus; Betabaculovirus cnamedinalis"	"Cnaphalocrocis medinalis granulovirus isolate DH2019050607, complete genome"	"insd"	"GenBank"	"genomic DNA"	"circular"	112103	112103	TRUE	35.0963	0	NA	"Cnaphalocrocis medinalis"	NA	"DH2019050607"	"China"	"06-May-2019"	"2025-11-10"	"2025-11-10"	"2025-11-10"	"2024-12-30"	NA	NA	NA	"ok_downloaded"
"PQ824797"	"PQ824797.1"	NA	"Cnaphalocrocis medinalis granulovirus"	"1750712"	"Cnaphalocrocis medinalis granulovirus"	"no rank"	"Betabaculovirus cnamedinalis"	"3047765"	"Betabaculovirus"	"Baculoviridae"	"Viruses; Naldaviricetes; Lefavirales; Baculoviridae; Betabaculovirus; Betabaculovirus cnamedinalis"	"Cnaphalocrocis medinalis granulovirus isolate DH2019050606, complete genome"	"insd"	"GenBank"	"genomic DNA"	"circular"	112286	112286	TRUE	35.1121	0	NA	"Cnaphalocrocis medinalis"	NA	"DH2019050606"	"China"	"06-May-2019"	"2025-11-10"	"2025-11-10"	"2025-11-10"	"2024-12-30"	NA	NA	NA	"ok_downloaded"
"PQ824796"	"PQ824796.1"	NA	"Cnaphalocrocis medinalis granulovirus"	"1750712"	"Cnaphalocrocis medinalis granulovirus"	"no rank"	"Betabaculovirus cnamedinalis"	"3047765"	"Betabaculovirus"	"Baculoviridae"	"Viruses; Naldaviricetes; Lefavirales; Baculoviridae; Betabaculovirus; Betabaculovirus cnamedinalis"	"Cnaphalocrocis medinalis granulovirus isolate DH2019050605, complete genome"	"insd"	"GenBank"	"genomic DNA"	"circular"	111609	111609	TRUE	35.1065	0	NA	"Cnaphalocrocis medinalis"	NA	"DH2019050605"	"China"	"06-May-2019"	"2025-11-10"	"2025-11-10"	"2025-11-10"	"2024-12-30"	NA	NA	NA	"ok_downloaded"
"PQ824795"	"PQ824795.1"	NA	"Cnaphalocrocis medinalis granulovirus"	"1750712"	"Cnaphalocrocis medinalis granulovirus"	"no rank"	"Betabaculovirus cnamedinalis"	"3047765"	"Betabaculovirus"	"Baculoviridae"	"Viruses; Naldaviricetes; Lefavirales; Baculoviridae; Betabaculovirus; Betabaculovirus cnamedinalis"	"Cnaphalocrocis medinalis granulovirus isolate DH2019050604, complete genome"	"insd"	"GenBank"	"genomic DNA"	"circular"	112101	112101	TRUE	35.1487	0	NA	"Cnaphalocrocis medinalis"	NA	"DH2019050604"	"China"	"06-May-2019"	"2025-11-10"	"2025-11-10"	"2025-11-10"	"2024-12-30"	NA	NA	NA	"ok_downloaded"
"PQ824794"	"PQ824794.1"	NA	"Cnaphalocrocis medinalis granulovirus"	"1750712"	"Cnaphalocrocis medinalis granulovirus"	"no rank"	"Betabaculovirus cnamedinalis"	"3047765"	"Betabaculovirus"	"Baculoviridae"	"Viruses; Naldaviricetes; Lefavirales; Baculoviridae; Betabaculovirus; Betabaculovirus cnamedinalis"	"Cnaphalocrocis medinalis granulovirus isolate DH2019050602, complete genome"	"insd"	"GenBank"	"genomic DNA"	"circular"	111500	111500	TRUE	35.1498	0	NA	"Cnaphalocrocis medinalis"	NA	"DH2019050602"	"China"	"06-May-2019"	"2025-11-10"	"2025-11-10"	"2025-11-10"	"2024-12-30"	NA	NA	NA	"ok_downloaded"
"PQ824793"	"PQ824793.1"	NA	"Cnaphalocrocis medinalis granulovirus"	"1750712"	"Cnaphalocrocis medinalis granulovirus"	"no rank"	"Betabaculovirus cnamedinalis"	"3047765"	"Betabaculovirus"	"Baculoviridae"	"Viruses; Naldaviricetes; Lefavirales; Baculoviridae; Betabaculovirus; Betabaculovirus cnamedinalis"	"Cnaphalocrocis medinalis granulovirus isolate DH2018110219, complete genome"	"insd"	"GenBank"	"genomic DNA"	"circular"	112017	112017	TRUE	35.1804	0	NA	"Cnaphalocrocis medinalis"	NA	"DH2018110219"	"China"	"02-Nov-2018"	"2025-11-10"	"2025-11-10"	"2025-11-10"	"2024-12-30"	NA	NA	NA	"ok_downloaded"
"PQ824792"	"PQ824792.1"	NA	"Cnaphalocrocis medinalis granulovirus"	"1750712"	"Cnaphalocrocis medinalis granulovirus"	"no rank"	"Betabaculovirus cnamedinalis"	"3047765"	"Betabaculovirus"	"Baculoviridae"	"Viruses; Naldaviricetes; Lefavirales; Baculoviridae; Betabaculovirus; Betabaculovirus cnamedinalis"	"Cnaphalocrocis medinalis granulovirus isolate DH2018110218, complete genome"	"insd"	"GenBank"	"genomic DNA"	"circular"	111953	111953	TRUE	35.1523	0	NA	"Cnaphalocrocis medinalis"	NA	"DH2018110218"	"China"	"02-Nov-2018"	"2025-11-10"	"2025-11-10"	"2025-11-10"	"2024-12-30"	NA	NA	NA	"ok_downloaded"
"PQ824791"	"PQ824791.1"	NA	"Cnaphalocrocis medinalis granulovirus"	"1750712"	"Cnaphalocrocis medinalis granulovirus"	"no rank"	"Betabaculovirus cnamedinalis"	"3047765"	"Betabaculovirus"	"Baculoviridae"	"Viruses; Naldaviricetes; Lefavirales; Baculoviridae; Betabaculovirus; Betabaculovirus cnamedinalis"	"Cnaphalocrocis medinalis granulovirus isolate DH2018110217, complete genome"	"insd"	"GenBank"	"genomic DNA"	"circular"	111964	111964	TRUE	35.1524	0	NA	"Cnaphalocrocis medinalis"	NA	"DH2018110217"	"China"	"02-Nov-2018"	"2025-11-10"	"2025-11-10"	"2025-11-10"	"2024-12-30"	NA	NA	NA	"ok_downloaded"
"PQ824790"	"PQ824790.1"	NA	"Cnaphalocrocis medinalis granulovirus"	"1750712"	"Cnaphalocrocis medinalis granulovirus"	"no rank"	"Betabaculovirus cnamedinalis"	"3047765"	"Betabaculovirus"	"Baculoviridae"	"Viruses; Naldaviricetes; Lefavirales; Baculoviridae; Betabaculovirus; Betabaculovirus cnamedinalis"	"Cnaphalocrocis medinalis granulovirus isolate DH2018110216, complete genome"	"insd"	"GenBank"	"genomic DNA"	"circular"	111999	111999	TRUE	35.1119	0	NA	"Cnaphalocrocis medinalis"	NA	"DH2018110216"	"China"	"02-Nov-2018"	"2025-11-10"	"2025-11-10"	"2025-11-10"	"2024-12-30"	NA	NA	NA	"ok_downloaded"
"PQ824789"	"PQ824789.1"	NA	"Cnaphalocrocis medinalis granulovirus"	"1750712"	"Cnaphalocrocis medinalis granulovirus"	"no rank"	"Betabaculovirus cnamedinalis"	"3047765"	"Betabaculovirus"	"Baculoviridae"	"Viruses; Naldaviricetes; Lefavirales; Baculoviridae; Betabaculovirus; Betabaculovirus cnamedinalis"	"Cnaphalocrocis medinalis granulovirus isolate DH2018110215, complete genome"	"insd"	"GenBank"	"genomic DNA"	"circular"	111532	111532	TRUE	35.1128	0	NA	"Cnaphalocrocis medinalis"	NA	"DH2018110215"	"China"	"02-Nov-2018"	"2025-11-10"	"2025-11-10"	"2025-11-10"	"2024-12-30"	NA	NA	NA	"ok_downloaded"
"PQ824788"	"PQ824788.1"	NA	"Cnaphalocrocis medinalis granulovirus"	"1750712"	"Cnaphalocrocis medinalis granulovirus"	"no rank"	"Betabaculovirus cnamedinalis"	"3047765"	"Betabaculovirus"	"Baculoviridae"	"Viruses; Naldaviricetes; Lefavirales; Baculoviridae; Betabaculovirus; Betabaculovirus cnamedinalis"	"Cnaphalocrocis medinalis granulovirus isolate DH2018110214, complete genome"	"insd"	"GenBank"	"genomic DNA"	"circular"	112119	112119	TRUE	35.1448	0	NA	"Cnaphalocrocis medinalis"	NA	"DH2018110214"	"China"	"02-Nov-2018"	"2025-11-10"	"2025-11-10"	"2025-11-10"	"2024-12-30"	NA	NA	NA	"ok_downloaded"
"PQ824787"	"PQ824787.1"	NA	"Cnaphalocrocis medinalis granulovirus"	"1750712"	"Cnaphalocrocis medinalis granulovirus"	"no rank"	"Betabaculovirus cnamedinalis"	"3047765"	"Betabaculovirus"	"Baculoviridae"	"Viruses; Naldaviricetes; Lefavirales; Baculoviridae; Betabaculovirus; Betabaculovirus cnamedinalis"	"Cnaphalocrocis medinalis granulovirus isolate DH2018110213, complete genome"	"insd"	"GenBank"	"genomic DNA"	"circular"	111735	111735	TRUE	35.1582	0	NA	"Cnaphalocrocis medinalis"	NA	"DH2018110213"	"China"	"02-Nov-2018"	"2025-11-10"	"2025-11-10"	"2025-11-10"	"2024-12-30"	NA	NA	NA	"ok_downloaded"
"PQ824786"	"PQ824786.1"	NA	"Cnaphalocrocis medinalis granulovirus"	"1750712"	"Cnaphalocrocis medinalis granulovirus"	"no rank"	"Betabaculovirus cnamedinalis"	"3047765"	"Betabaculovirus"	"Baculoviridae"	"Viruses; Naldaviricetes; Lefavirales; Baculoviridae; Betabaculovirus; Betabaculovirus cnamedinalis"	"Cnaphalocrocis medinalis granulovirus isolate DH2018110212, complete genome"	"insd"	"GenBank"	"genomic DNA"	"circular"	111776	111776	TRUE	35.1694	0	NA	"Cnaphalocrocis medinalis"	NA	"DH2018110212"	"China"	"02-Nov-2018"	"2025-11-10"	"2025-11-10"	"2025-11-10"	"2024-12-30"	NA	NA	NA	"ok_downloaded"
"PQ824785"	"PQ824785.1"	NA	"Cnaphalocrocis medinalis granulovirus"	"1750712"	"Cnaphalocrocis medinalis granulovirus"	"no rank"	"Betabaculovirus cnamedinalis"	"3047765"	"Betabaculovirus"	"Baculoviridae"	"Viruses; Naldaviricetes; Lefavirales; Baculoviridae; Betabaculovirus; Betabaculovirus cnamedinalis"	"Cnaphalocrocis medinalis granulovirus isolate DH2018110211, complete genome"	"insd"	"GenBank"	"genomic DNA"	"circular"	111177	111177	TRUE	35.0639	0	NA	"Cnaphalocrocis medinalis"	NA	"DH2018110211"	"China"	"02-Nov-2018"	"2025-11-10"	"2025-11-10"	"2025-11-10"	"2024-12-30"	NA	NA	NA	"ok_downloaded"
"PQ824784"	"PQ824784.1"	NA	"Cnaphalocrocis medinalis granulovirus"	"1750712"	"Cnaphalocrocis medinalis granulovirus"	"no rank"	"Betabaculovirus cnamedinalis"	"3047765"	"Betabaculovirus"	"Baculoviridae"	"Viruses; Naldaviricetes; Lefavirales; Baculoviridae; Betabaculovirus; Betabaculovirus cnamedinalis"	"Cnaphalocrocis medinalis granulovirus isolate DH2018100975, complete genome"	"insd"	"GenBank"	"genomic DNA"	"circular"	111182	111182	TRUE	35.101	0	NA	"Cnaphalocrocis medinalis"	NA	"DH2018100975"	"China"	"09-Oct-2018"	"2025-11-10"	"2025-11-10"	"2025-11-10"	"2024-12-30"	NA	NA	NA	"ok_downloaded"
"PQ824783"	"PQ824783.1"	NA	"Cnaphalocrocis medinalis granulovirus"	"1750712"	"Cnaphalocrocis medinalis granulovirus"	"no rank"	"Betabaculovirus cnamedinalis"	"3047765"	"Betabaculovirus"	"Baculoviridae"	"Viruses; Naldaviricetes; Lefavirales; Baculoviridae; Betabaculovirus; Betabaculovirus cnamedinalis"	"Cnaphalocrocis medinalis granulovirus isolate DH2018100974, complete genome"	"insd"	"GenBank"	"genomic DNA"	"circular"	112120	112120	TRUE	35.0901	0	NA	"Cnaphalocrocis medinalis"	NA	"DH2018100974"	"China"	"09-Oct-2018"	"2025-11-10"	"2025-11-10"	"2025-11-10"	"2024-12-30"	NA	NA	NA	"ok_downloaded"
"PQ824782"	"PQ824782.1"	NA	"Cnaphalocrocis medinalis granulovirus"	"1750712"	"Cnaphalocrocis medinalis granulovirus"	"no rank"	"Betabaculovirus cnamedinalis"	"3047765"	"Betabaculovirus"	"Baculoviridae"	"Viruses; Naldaviricetes; Lefavirales; Baculoviridae; Betabaculovirus; Betabaculovirus cnamedinalis"	"Cnaphalocrocis medinalis granulovirus isolate DH2018100972, complete genome"	"insd"	"GenBank"	"genomic DNA"	"circular"	112161	112161	TRUE	35.0978	0	NA	"Cnaphalocrocis medinalis"	NA	"DH2018100972"	"China"	"09-Oct-2018"	"2025-11-10"	"2025-11-10"	"2025-11-10"	"2024-12-30"	NA	NA	NA	"ok_downloaded"
"PQ824781"	"PQ824781.1"	NA	"Cnaphalocrocis medinalis granulovirus"	"1750712"	"Cnaphalocrocis medinalis granulovirus"	"no rank"	"Betabaculovirus cnamedinalis"	"3047765"	"Betabaculovirus"	"Baculoviridae"	"Viruses; Naldaviricetes; Lefavirales; Baculoviridae; Betabaculovirus; Betabaculovirus cnamedinalis"	"Cnaphalocrocis medinalis granulovirus isolate DH2018100963, complete genome"	"insd"	"GenBank"	"genomic DNA"	"circular"	111660	111660	TRUE	35.1343	0	NA	"Cnaphalocrocis medinalis"	NA	"DH2018100963"	"China"	"09-Oct-2018"	"2025-11-10"	"2025-11-10"	"2025-11-10"	"2024-12-30"	NA	NA	NA	"ok_downloaded"
"PQ824780"	"PQ824780.1"	NA	"Cnaphalocrocis medinalis granulovirus"	"1750712"	"Cnaphalocrocis medinalis granulovirus"	"no rank"	"Betabaculovirus cnamedinalis"	"3047765"	"Betabaculovirus"	"Baculoviridae"	"Viruses; Naldaviricetes; Lefavirales; Baculoviridae; Betabaculovirus; Betabaculovirus cnamedinalis"	"Cnaphalocrocis medinalis granulovirus isolate DH2018100956, complete genome"	"insd"	"GenBank"	"genomic DNA"	"circular"	111742	111742	TRUE	35.147	0	NA	"Cnaphalocrocis medinalis"	NA	"DH2018100956"	"China"	"09-Oct-2018"	"2025-11-10"	"2025-11-10"	"2025-11-10"	"2024-12-30"	NA	NA	NA	"ok_downloaded"
"PQ824779"	"PQ824779.1"	NA	"Cnaphalocrocis medinalis granulovirus"	"1750712"	"Cnaphalocrocis medinalis granulovirus"	"no rank"	"Betabaculovirus cnamedinalis"	"3047765"	"Betabaculovirus"	"Baculoviridae"	"Viruses; Naldaviricetes; Lefavirales; Baculoviridae; Betabaculovirus; Betabaculovirus cnamedinalis"	"Cnaphalocrocis medinalis granulovirus isolate DH2018100955, complete genome"	"insd"	"GenBank"	"genomic DNA"	"circular"	112350	112350	TRUE	35.0708	0	NA	"Cnaphalocrocis medinalis"	NA	"DH2018100955"	"China"	"09-Oct-2018"	"2025-11-10"	"2025-11-10"	"2025-11-10"	"2024-12-30"	NA	NA	NA	"ok_downloaded"
"PQ824778"	"PQ824778.1"	NA	"Cnaphalocrocis medinalis granulovirus"	"1750712"	"Cnaphalocrocis medinalis granulovirus"	"no rank"	"Betabaculovirus cnamedinalis"	"3047765"	"Betabaculovirus"	"Baculoviridae"	"Viruses; Naldaviricetes; Lefavirales; Baculoviridae; Betabaculovirus; Betabaculovirus cnamedinalis"	"Cnaphalocrocis medinalis granulovirus isolate DH2018100953, complete genome"	"insd"	"GenBank"	"genomic DNA"	"circular"	111762	111762	TRUE	35.1291	0	NA	"Cnaphalocrocis medinalis"	NA	"DH2018100953"	"China"	"09-Oct-2018"	"2025-11-10"	"2025-11-10"	"2025-11-10"	"2024-12-30"	NA	NA	NA	"ok_downloaded"
"PQ824777"	"PQ824777.1"	NA	"Cnaphalocrocis medinalis granulovirus"	"1750712"	"Cnaphalocrocis medinalis granulovirus"	"no rank"	"Betabaculovirus cnamedinalis"	"3047765"	"Betabaculovirus"	"Baculoviridae"	"Viruses; Naldaviricetes; Lefavirales; Baculoviridae; Betabaculovirus; Betabaculovirus cnamedinalis"	"Cnaphalocrocis medinalis granulovirus isolate DH2018100909, complete genome"	"insd"	"GenBank"	"genomic DNA"	"circular"	112120	112120	TRUE	35.0892	0	NA	"Cnaphalocrocis medinalis"	NA	"DH2018100909"	"China"	"09-Oct-2018"	"2025-11-10"	"2025-11-10"	"2025-11-10"	"2024-12-30"	NA	NA	NA	"ok_downloaded"
"PQ824776"	"PQ824776.1"	NA	"Cnaphalocrocis medinalis granulovirus"	"1750712"	"Cnaphalocrocis medinalis granulovirus"	"no rank"	"Betabaculovirus cnamedinalis"	"3047765"	"Betabaculovirus"	"Baculoviridae"	"Viruses; Naldaviricetes; Lefavirales; Baculoviridae; Betabaculovirus; Betabaculovirus cnamedinalis"	"Cnaphalocrocis medinalis granulovirus isolate DH2018100908, complete genome"	"insd"	"GenBank"	"genomic DNA"	"circular"	111879	111879	TRUE	35.1451	0	NA	"Cnaphalocrocis medinalis"	NA	"DH2018100908"	"China"	"09-Oct-2018"	"2025-11-10"	"2025-11-10"	"2025-11-10"	"2024-12-30"	NA	NA	NA	"ok_downloaded"
"PQ824775"	"PQ824775.1"	NA	"Cnaphalocrocis medinalis granulovirus"	"1750712"	"Cnaphalocrocis medinalis granulovirus"	"no rank"	"Betabaculovirus cnamedinalis"	"3047765"	"Betabaculovirus"	"Baculoviridae"	"Viruses; Naldaviricetes; Lefavirales; Baculoviridae; Betabaculovirus; Betabaculovirus cnamedinalis"	"Cnaphalocrocis medinalis granulovirus isolate DH2018100907, complete genome"	"insd"	"GenBank"	"genomic DNA"	"circular"	112011	112011	TRUE	35.1724	0	NA	"Cnaphalocrocis medinalis"	NA	"DH2018100907"	"China"	"09-Oct-2018"	"2025-11-10"	"2025-11-10"	"2025-11-10"	"2024-12-30"	NA	NA	NA	"ok_downloaded"
"PQ824774"	"PQ824774.1"	NA	"Cnaphalocrocis medinalis granulovirus"	"1750712"	"Cnaphalocrocis medinalis granulovirus"	"no rank"	"Betabaculovirus cnamedinalis"	"3047765"	"Betabaculovirus"	"Baculoviridae"	"Viruses; Naldaviricetes; Lefavirales; Baculoviridae; Betabaculovirus; Betabaculovirus cnamedinalis"	"Cnaphalocrocis medinalis granulovirus isolate DH2018091308, complete genome"	"insd"	"GenBank"	"genomic DNA"	"circular"	111583	111583	TRUE	35.0788	0	NA	"Cnaphalocrocis medinalis"	NA	"DH2018091308"	"China"	"13-Sep-2018"	"2025-11-10"	"2025-11-10"	"2025-11-10"	"2024-12-30"	NA	NA	NA	"ok_downloaded"
"PQ824773"	"PQ824773.1"	NA	"Cnaphalocrocis medinalis granulovirus"	"1750712"	"Cnaphalocrocis medinalis granulovirus"	"no rank"	"Betabaculovirus cnamedinalis"	"3047765"	"Betabaculovirus"	"Baculoviridae"	"Viruses; Naldaviricetes; Lefavirales; Baculoviridae; Betabaculovirus; Betabaculovirus cnamedinalis"	"Cnaphalocrocis medinalis granulovirus isolate DH2018091307, complete genome"	"insd"	"GenBank"	"genomic DNA"	"circular"	111493	111493	TRUE	35.1009	0	NA	"Cnaphalocrocis medinalis"	NA	"DH2018091307"	"China"	"13-Sep-2018"	"2025-11-10"	"2025-11-10"	"2025-11-10"	"2024-12-30"	NA	NA	NA	"ok_downloaded"
"PQ824772"	"PQ824772.1"	NA	"Cnaphalocrocis medinalis granulovirus"	"1750712"	"Cnaphalocrocis medinalis granulovirus"	"no rank"	"Betabaculovirus cnamedinalis"	"3047765"	"Betabaculovirus"	"Baculoviridae"	"Viruses; Naldaviricetes; Lefavirales; Baculoviridae; Betabaculovirus; Betabaculovirus cnamedinalis"	"Cnaphalocrocis medinalis granulovirus isolate DH2018091306, complete genome"	"insd"	"GenBank"	"genomic DNA"	"circular"	111580	111580	TRUE	35.1317	0	NA	"Cnaphalocrocis medinalis"	NA	"DH2018091306"	"China"	"13-Sep-2018"	"2025-11-10"	"2025-11-10"	"2025-11-10"	"2024-12-30"	NA	NA	NA	"ok_downloaded"
"PQ824771"	"PQ824771.1"	NA	"Cnaphalocrocis medinalis granulovirus"	"1750712"	"Cnaphalocrocis medinalis granulovirus"	"no rank"	"Betabaculovirus cnamedinalis"	"3047765"	"Betabaculovirus"	"Baculoviridae"	"Viruses; Naldaviricetes; Lefavirales; Baculoviridae; Betabaculovirus; Betabaculovirus cnamedinalis"	"Cnaphalocrocis medinalis granulovirus isolate DH2018091305, complete genome"	"insd"	"GenBank"	"genomic DNA"	"circular"	112026	112026	TRUE	35.1784	0	NA	"Cnaphalocrocis medinalis"	NA	"DH2018091305"	"China"	"13-Sep-2018"	"2025-11-10"	"2025-11-10"	"2025-11-10"	"2024-12-30"	NA	NA	NA	"ok_downloaded"
"PQ824770"	"PQ824770.1"	NA	"Cnaphalocrocis medinalis granulovirus"	"1750712"	"Cnaphalocrocis medinalis granulovirus"	"no rank"	"Betabaculovirus cnamedinalis"	"3047765"	"Betabaculovirus"	"Baculoviridae"	"Viruses; Naldaviricetes; Lefavirales; Baculoviridae; Betabaculovirus; Betabaculovirus cnamedinalis"	"Cnaphalocrocis medinalis granulovirus isolate DH2018091304, complete genome"	"insd"	"GenBank"	"genomic DNA"	"circular"	111234	111234	TRUE	35.0504	0	NA	"Cnaphalocrocis medinalis"	NA	"DH2018091304"	"China"	"13-Sep-2018"	"2025-11-10"	"2025-11-10"	"2025-11-10"	"2024-12-30"	NA	NA	NA	"ok_downloaded"
"PQ824769"	"PQ824769.1"	NA	"Cnaphalocrocis medinalis granulovirus"	"1750712"	"Cnaphalocrocis medinalis granulovirus"	"no rank"	"Betabaculovirus cnamedinalis"	"3047765"	"Betabaculovirus"	"Baculoviridae"	"Viruses; Naldaviricetes; Lefavirales; Baculoviridae; Betabaculovirus; Betabaculovirus cnamedinalis"	"Cnaphalocrocis medinalis granulovirus isolate DH2018091303, complete genome"	"insd"	"GenBank"	"genomic DNA"	"circular"	111658	111658	TRUE	35.1412	0	NA	"Cnaphalocrocis medinalis"	NA	"DH2018091303"	"China"	"13-Sep-2018"	"2025-11-10"	"2025-11-10"	"2025-11-10"	"2024-12-30"	NA	NA	NA	"ok_downloaded"
"PQ824768"	"PQ824768.1"	NA	"Cnaphalocrocis medinalis granulovirus"	"1750712"	"Cnaphalocrocis medinalis granulovirus"	"no rank"	"Betabaculovirus cnamedinalis"	"3047765"	"Betabaculovirus"	"Baculoviridae"	"Viruses; Naldaviricetes; Lefavirales; Baculoviridae; Betabaculovirus; Betabaculovirus cnamedinalis"	"Cnaphalocrocis medinalis granulovirus isolate DH2018091302, complete genome"	"insd"	"GenBank"	"genomic DNA"	"circular"	111960	111960	TRUE	35.134	0	NA	"Cnaphalocrocis medinalis"	NA	"DH2018091302"	"China"	"13-Sep-2018"	"2025-11-10"	"2025-11-10"	"2025-11-10"	"2024-12-30"	NA	NA	NA	"ok_downloaded"
"PQ824767"	"PQ824767.1"	NA	"Cnaphalocrocis medinalis granulovirus"	"1750712"	"Cnaphalocrocis medinalis granulovirus"	"no rank"	"Betabaculovirus cnamedinalis"	"3047765"	"Betabaculovirus"	"Baculoviridae"	"Viruses; Naldaviricetes; Lefavirales; Baculoviridae; Betabaculovirus; Betabaculovirus cnamedinalis"	"Cnaphalocrocis medinalis granulovirus isolate DH2018091301, complete genome"	"insd"	"GenBank"	"genomic DNA"	"circular"	111532	111532	TRUE	35.1218	0	NA	"Cnaphalocrocis medinalis"	NA	"DH2018091301"	"China"	"13-Sep-2018"	"2025-11-10"	"2025-11-10"	"2025-11-10"	"2024-12-30"	NA	NA	NA	"ok_downloaded"
"PQ824766"	"PQ824766.1"	NA	"Cnaphalocrocis medinalis granulovirus"	"1750712"	"Cnaphalocrocis medinalis granulovirus"	"no rank"	"Betabaculovirus cnamedinalis"	"3047765"	"Betabaculovirus"	"Baculoviridae"	"Viruses; Naldaviricetes; Lefavirales; Baculoviridae; Betabaculovirus; Betabaculovirus cnamedinalis"	"Cnaphalocrocis medinalis granulovirus isolate DH2018070654, complete genome"	"insd"	"GenBank"	"genomic DNA"	"circular"	111956	111956	TRUE	35.1531	0	NA	"Cnaphalocrocis medinalis"	NA	"DH2018070654"	"China"	"06-Jul-2018"	"2025-11-10"	"2025-11-10"	"2025-11-10"	"2024-12-30"	NA	NA	NA	"ok_downloaded"
"PQ824765"	"PQ824765.1"	NA	"Cnaphalocrocis medinalis granulovirus"	"1750712"	"Cnaphalocrocis medinalis granulovirus"	"no rank"	"Betabaculovirus cnamedinalis"	"3047765"	"Betabaculovirus"	"Baculoviridae"	"Viruses; Naldaviricetes; Lefavirales; Baculoviridae; Betabaculovirus; Betabaculovirus cnamedinalis"	"Cnaphalocrocis medinalis granulovirus isolate DH2018070653, complete genome"	"insd"	"GenBank"	"genomic DNA"	"circular"	112131	112131	TRUE	35.1437	0	NA	"Cnaphalocrocis medinalis"	NA	"DH2018070653"	"China"	"06-Jul-2018"	"2025-11-10"	"2025-11-10"	"2025-11-10"	"2024-12-30"	NA	NA	NA	"ok_downloaded"
"PQ824764"	"PQ824764.1"	NA	"Cnaphalocrocis medinalis granulovirus"	"1750712"	"Cnaphalocrocis medinalis granulovirus"	"no rank"	"Betabaculovirus cnamedinalis"	"3047765"	"Betabaculovirus"	"Baculoviridae"	"Viruses; Naldaviricetes; Lefavirales; Baculoviridae; Betabaculovirus; Betabaculovirus cnamedinalis"	"Cnaphalocrocis medinalis granulovirus isolate DH2018070652, complete genome"	"insd"	"GenBank"	"genomic DNA"	"circular"	111998	111998	TRUE	35.1247	0	NA	"Cnaphalocrocis medinalis"	NA	"DH2018070652"	"China"	"06-Jul-2018"	"2025-11-10"	"2025-11-10"	"2025-11-10"	"2024-12-30"	NA	NA	NA	"ok_downloaded"
"PQ824763"	"PQ824763.1"	NA	"Cnaphalocrocis medinalis granulovirus"	"1750712"	"Cnaphalocrocis medinalis granulovirus"	"no rank"	"Betabaculovirus cnamedinalis"	"3047765"	"Betabaculovirus"	"Baculoviridae"	"Viruses; Naldaviricetes; Lefavirales; Baculoviridae; Betabaculovirus; Betabaculovirus cnamedinalis"	"Cnaphalocrocis medinalis granulovirus isolate DH2018070649, complete genome"	"insd"	"GenBank"	"genomic DNA"	"circular"	111771	111771	TRUE	35.0985	0	NA	"Cnaphalocrocis medinalis"	NA	"DH2018070649"	"China"	"06-Jul-2018"	"2025-11-10"	"2025-11-10"	"2025-11-10"	"2024-12-30"	NA	NA	NA	"ok_downloaded"
"PQ824762"	"PQ824762.1"	NA	"Cnaphalocrocis medinalis granulovirus"	"1750712"	"Cnaphalocrocis medinalis granulovirus"	"no rank"	"Betabaculovirus cnamedinalis"	"3047765"	"Betabaculovirus"	"Baculoviridae"	"Viruses; Naldaviricetes; Lefavirales; Baculoviridae; Betabaculovirus; Betabaculovirus cnamedinalis"	"Cnaphalocrocis medinalis granulovirus isolate DH2018070643, complete genome"	"insd"	"GenBank"	"genomic DNA"	"circular"	112533	112533	TRUE	35.0875	0	NA	"Cnaphalocrocis medinalis"	NA	"DH2018070643"	"China"	"06-Jul-2018"	"2025-11-10"	"2025-11-10"	"2025-11-10"	"2024-12-30"	NA	NA	NA	"ok_downloaded"
"PQ824761"	"PQ824761.1"	NA	"Cnaphalocrocis medinalis granulovirus"	"1750712"	"Cnaphalocrocis medinalis granulovirus"	"no rank"	"Betabaculovirus cnamedinalis"	"3047765"	"Betabaculovirus"	"Baculoviridae"	"Viruses; Naldaviricetes; Lefavirales; Baculoviridae; Betabaculovirus; Betabaculovirus cnamedinalis"	"Cnaphalocrocis medinalis granulovirus isolate DH2018070642, complete genome"	"insd"	"GenBank"	"genomic DNA"	"circular"	111959	111959	TRUE	35.1057	0	NA	"Cnaphalocrocis medinalis"	NA	"DH2018070642"	"China"	"06-Jul-2018"	"2025-11-10"	"2025-11-10"	"2025-11-10"	"2024-12-30"	NA	NA	NA	"ok_downloaded"
"PQ824760"	"PQ824760.1"	NA	"Cnaphalocrocis medinalis granulovirus"	"1750712"	"Cnaphalocrocis medinalis granulovirus"	"no rank"	"Betabaculovirus cnamedinalis"	"3047765"	"Betabaculovirus"	"Baculoviridae"	"Viruses; Naldaviricetes; Lefavirales; Baculoviridae; Betabaculovirus; Betabaculovirus cnamedinalis"	"Cnaphalocrocis medinalis granulovirus isolate DH2018070628, complete genome"	"insd"	"GenBank"	"genomic DNA"	"circular"	111850	111850	TRUE	35.0532	0	NA	"Cnaphalocrocis medinalis"	NA	"DH2018070628"	"China"	"06-Jul-2018"	"2025-11-10"	"2025-11-10"	"2025-11-10"	"2024-12-30"	NA	NA	NA	"ok_downloaded"
"PQ824759"	"PQ824759.1"	NA	"Cnaphalocrocis medinalis granulovirus"	"1750712"	"Cnaphalocrocis medinalis granulovirus"	"no rank"	"Betabaculovirus cnamedinalis"	"3047765"	"Betabaculovirus"	"Baculoviridae"	"Viruses; Naldaviricetes; Lefavirales; Baculoviridae; Betabaculovirus; Betabaculovirus cnamedinalis"	"Cnaphalocrocis medinalis granulovirus isolate DH2018070625, complete genome"	"insd"	"GenBank"	"genomic DNA"	"circular"	112194	112194	TRUE	35.075	0	NA	"Cnaphalocrocis medinalis"	NA	"DH2018070625"	"China"	"06-Jul-2018"	"2025-11-10"	"2025-11-10"	"2025-11-10"	"2024-12-30"	NA	NA	NA	"ok_downloaded"
"PQ824758"	"PQ824758.1"	NA	"Cnaphalocrocis medinalis granulovirus"	"1750712"	"Cnaphalocrocis medinalis granulovirus"	"no rank"	"Betabaculovirus cnamedinalis"	"3047765"	"Betabaculovirus"	"Baculoviridae"	"Viruses; Naldaviricetes; Lefavirales; Baculoviridae; Betabaculovirus; Betabaculovirus cnamedinalis"	"Cnaphalocrocis medinalis granulovirus isolate DH2018070615, complete genome"	"insd"	"GenBank"	"genomic DNA"	"circular"	112085	112085	TRUE	35.151	0	NA	"Cnaphalocrocis medinalis"	NA	"DH2018070615"	"China"	"06-Jul-2018"	"2025-11-10"	"2025-11-10"	"2025-11-10"	"2024-12-30"	NA	NA	NA	"ok_downloaded"
"PQ824757"	"PQ824757.1"	NA	"Cnaphalocrocis medinalis granulovirus"	"1750712"	"Cnaphalocrocis medinalis granulovirus"	"no rank"	"Betabaculovirus cnamedinalis"	"3047765"	"Betabaculovirus"	"Baculoviridae"	"Viruses; Naldaviricetes; Lefavirales; Baculoviridae; Betabaculovirus; Betabaculovirus cnamedinalis"	"Cnaphalocrocis medinalis granulovirus isolate DH2018070610, complete genome"	"insd"	"GenBank"	"genomic DNA"	"circular"	112636	112636	TRUE	35.1096	0	NA	"Cnaphalocrocis medinalis"	NA	"DH2018070610"	"China"	"06-Jul-2018"	"2025-11-10"	"2025-11-10"	"2025-11-10"	"2024-12-30"	NA	NA	NA	"ok_downloaded"
"PQ824756"	"PQ824756.1"	NA	"Cnaphalocrocis medinalis granulovirus"	"1750712"	"Cnaphalocrocis medinalis granulovirus"	"no rank"	"Betabaculovirus cnamedinalis"	"3047765"	"Betabaculovirus"	"Baculoviridae"	"Viruses; Naldaviricetes; Lefavirales; Baculoviridae; Betabaculovirus; Betabaculovirus cnamedinalis"	"Cnaphalocrocis medinalis granulovirus isolate DH2018061310, complete genome"	"insd"	"GenBank"	"genomic DNA"	"circular"	112414	112414	TRUE	35.1202	0	NA	"Cnaphalocrocis medinalis"	NA	"DH2018061310"	"China"	"13-Jun-2018"	"2025-11-10"	"2025-11-10"	"2025-11-10"	"2024-12-30"	NA	NA	NA	"ok_downloaded"
"PQ824755"	"PQ824755.1"	NA	"Cnaphalocrocis medinalis granulovirus"	"1750712"	"Cnaphalocrocis medinalis granulovirus"	"no rank"	"Betabaculovirus cnamedinalis"	"3047765"	"Betabaculovirus"	"Baculoviridae"	"Viruses; Naldaviricetes; Lefavirales; Baculoviridae; Betabaculovirus; Betabaculovirus cnamedinalis"	"Cnaphalocrocis medinalis granulovirus isolate DH2018061309, complete genome"	"insd"	"GenBank"	"genomic DNA"	"circular"	112224	112224	TRUE	35.1173	0	NA	"Cnaphalocrocis medinalis"	NA	"DH2018061309"	"China"	"13-Jun-2018"	"2025-11-10"	"2025-11-10"	"2025-11-10"	"2024-12-30"	NA	NA	NA	"ok_downloaded"
"PQ824754"	"PQ824754.1"	NA	"Cnaphalocrocis medinalis granulovirus"	"1750712"	"Cnaphalocrocis medinalis granulovirus"	"no rank"	"Betabaculovirus cnamedinalis"	"3047765"	"Betabaculovirus"	"Baculoviridae"	"Viruses; Naldaviricetes; Lefavirales; Baculoviridae; Betabaculovirus; Betabaculovirus cnamedinalis"	"Cnaphalocrocis medinalis granulovirus isolate DH2018061308, complete genome"	"insd"	"GenBank"	"genomic DNA"	"circular"	111946	111946	TRUE	35.1017	0	NA	"Cnaphalocrocis medinalis"	NA	"DH2018061308"	"China"	"13-Jun-2018"	"2025-11-10"	"2025-11-10"	"2025-11-10"	"2024-12-30"	NA	NA	NA	"ok_downloaded"
"PQ824753"	"PQ824753.1"	NA	"Cnaphalocrocis medinalis granulovirus"	"1750712"	"Cnaphalocrocis medinalis granulovirus"	"no rank"	"Betabaculovirus cnamedinalis"	"3047765"	"Betabaculovirus"	"Baculoviridae"	"Viruses; Naldaviricetes; Lefavirales; Baculoviridae; Betabaculovirus; Betabaculovirus cnamedinalis"	"Cnaphalocrocis medinalis granulovirus isolate DH2018061307, complete genome"	"insd"	"GenBank"	"genomic DNA"	"circular"	112157	112157	TRUE	35.1463	0	NA	"Cnaphalocrocis medinalis"	NA	"DH2018061307"	"China"	"13-Jun-2018"	"2025-11-10"	"2025-11-10"	"2025-11-10"	"2024-12-30"	NA	NA	NA	"ok_downloaded"
"PQ824752"	"PQ824752.1"	NA	"Cnaphalocrocis medinalis granulovirus"	"1750712"	"Cnaphalocrocis medinalis granulovirus"	"no rank"	"Betabaculovirus cnamedinalis"	"3047765"	"Betabaculovirus"	"Baculoviridae"	"Viruses; Naldaviricetes; Lefavirales; Baculoviridae; Betabaculovirus; Betabaculovirus cnamedinalis"	"Cnaphalocrocis medinalis granulovirus isolate DH2018061306, complete genome"	"insd"	"GenBank"	"genomic DNA"	"circular"	112199	112199	TRUE	35.1126	0	NA	"Cnaphalocrocis medinalis"	NA	"DH2018061306"	"China"	"13-Jun-2018"	"2025-11-10"	"2025-11-10"	"2025-11-10"	"2024-12-30"	NA	NA	NA	"ok_downloaded"
"PQ824751"	"PQ824751.1"	NA	"Cnaphalocrocis medinalis granulovirus"	"1750712"	"Cnaphalocrocis medinalis granulovirus"	"no rank"	"Betabaculovirus cnamedinalis"	"3047765"	"Betabaculovirus"	"Baculoviridae"	"Viruses; Naldaviricetes; Lefavirales; Baculoviridae; Betabaculovirus; Betabaculovirus cnamedinalis"	"Cnaphalocrocis medinalis granulovirus isolate DH2018061305, complete genome"	"insd"	"GenBank"	"genomic DNA"	"circular"	112001	112001	TRUE	35.1104	0	NA	"Cnaphalocrocis medinalis"	NA	"DH2018061305"	"China"	"13-Jun-2018"	"2025-11-10"	"2025-11-10"	"2025-11-10"	"2024-12-30"	NA	NA	NA	"ok_downloaded"
"PQ824750"	"PQ824750.1"	NA	"Cnaphalocrocis medinalis granulovirus"	"1750712"	"Cnaphalocrocis medinalis granulovirus"	"no rank"	"Betabaculovirus cnamedinalis"	"3047765"	"Betabaculovirus"	"Baculoviridae"	"Viruses; Naldaviricetes; Lefavirales; Baculoviridae; Betabaculovirus; Betabaculovirus cnamedinalis"	"Cnaphalocrocis medinalis granulovirus isolate DH2018061304, complete genome"	"insd"	"GenBank"	"genomic DNA"	"circular"	111989	111989	TRUE	35.0838	0	NA	"Cnaphalocrocis medinalis"	NA	"DH2018061304"	"China"	"13-Jun-2018"	"2025-11-10"	"2025-11-10"	"2025-11-10"	"2024-12-30"	NA	NA	NA	"ok_downloaded"
"PQ824749"	"PQ824749.1"	NA	"Cnaphalocrocis medinalis granulovirus"	"1750712"	"Cnaphalocrocis medinalis granulovirus"	"no rank"	"Betabaculovirus cnamedinalis"	"3047765"	"Betabaculovirus"	"Baculoviridae"	"Viruses; Naldaviricetes; Lefavirales; Baculoviridae; Betabaculovirus; Betabaculovirus cnamedinalis"	"Cnaphalocrocis medinalis granulovirus isolate DH2018061303, complete genome"	"insd"	"GenBank"	"genomic DNA"	"circular"	112050	112050	TRUE	35.112	0	NA	"Cnaphalocrocis medinalis"	NA	"DH2018061303"	"China"	"13-Jun-2018"	"2025-11-10"	"2025-11-10"	"2025-11-10"	"2024-12-30"	NA	NA	NA	"ok_downloaded"
"PQ824748"	"PQ824748.1"	NA	"Cnaphalocrocis medinalis granulovirus"	"1750712"	"Cnaphalocrocis medinalis granulovirus"	"no rank"	"Betabaculovirus cnamedinalis"	"3047765"	"Betabaculovirus"	"Baculoviridae"	"Viruses; Naldaviricetes; Lefavirales; Baculoviridae; Betabaculovirus; Betabaculovirus cnamedinalis"	"Cnaphalocrocis medinalis granulovirus isolate DH2018061302, complete genome"	"insd"	"GenBank"	"genomic DNA"	"circular"	112106	112106	TRUE	35.0882	0	NA	"Cnaphalocrocis medinalis"	NA	"DH2018061302"	"China"	"13-Jun-2018"	"2025-11-10"	"2025-11-10"	"2025-11-10"	"2024-12-30"	NA	NA	NA	"ok_downloaded"
"PQ824747"	"PQ824747.1"	NA	"Cnaphalocrocis medinalis granulovirus"	"1750712"	"Cnaphalocrocis medinalis granulovirus"	"no rank"	"Betabaculovirus cnamedinalis"	"3047765"	"Betabaculovirus"	"Baculoviridae"	"Viruses; Naldaviricetes; Lefavirales; Baculoviridae; Betabaculovirus; Betabaculovirus cnamedinalis"	"Cnaphalocrocis medinalis granulovirus isolate DH2018061301, complete genome"	"insd"	"GenBank"	"genomic DNA"	"circular"	111897	111897	TRUE	35.0671	0	NA	"Cnaphalocrocis medinalis"	NA	"DH2018061301"	"China"	"13-Jun-2018"	"2025-11-10"	"2025-11-10"	"2025-11-10"	"2024-12-30"	NA	NA	NA	"ok_downloaded"
"PQ824746"	"PQ824746.1"	NA	"Cnaphalocrocis medinalis granulovirus"	"1750712"	"Cnaphalocrocis medinalis granulovirus"	"no rank"	"Betabaculovirus cnamedinalis"	"3047765"	"Betabaculovirus"	"Baculoviridae"	"Viruses; Naldaviricetes; Lefavirales; Baculoviridae; Betabaculovirus; Betabaculovirus cnamedinalis"	"Cnaphalocrocis medinalis granulovirus isolate DH2018060112, complete genome"	"insd"	"GenBank"	"genomic DNA"	"circular"	112158	112158	TRUE	35.1442	0	NA	"Cnaphalocrocis medinalis"	NA	"DH2018060112"	"China"	"01-Jun-2018"	"2025-11-10"	"2025-11-10"	"2025-11-10"	"2024-12-30"	NA	NA	NA	"ok_downloaded"
"PQ824745"	"PQ824745.1"	NA	"Cnaphalocrocis medinalis granulovirus"	"1750712"	"Cnaphalocrocis medinalis granulovirus"	"no rank"	"Betabaculovirus cnamedinalis"	"3047765"	"Betabaculovirus"	"Baculoviridae"	"Viruses; Naldaviricetes; Lefavirales; Baculoviridae; Betabaculovirus; Betabaculovirus cnamedinalis"	"Cnaphalocrocis medinalis granulovirus isolate DH2018060111, complete genome"	"insd"	"GenBank"	"genomic DNA"	"circular"	112017	112017	TRUE	35.1679	0	NA	"Cnaphalocrocis medinalis"	NA	"DH2018060111"	"China"	"01-Jun-2018"	"2025-11-10"	"2025-11-10"	"2025-11-10"	"2024-12-30"	NA	NA	NA	"ok_downloaded"
"PQ824744"	"PQ824744.1"	NA	"Cnaphalocrocis medinalis granulovirus"	"1750712"	"Cnaphalocrocis medinalis granulovirus"	"no rank"	"Betabaculovirus cnamedinalis"	"3047765"	"Betabaculovirus"	"Baculoviridae"	"Viruses; Naldaviricetes; Lefavirales; Baculoviridae; Betabaculovirus; Betabaculovirus cnamedinalis"	"Cnaphalocrocis medinalis granulovirus isolate DH2018060110, complete genome"	"insd"	"GenBank"	"genomic DNA"	"circular"	111825	111825	TRUE	35.163	0	NA	"Cnaphalocrocis medinalis"	NA	"DH2018060110"	"China"	"01-Jun-2018"	"2025-11-10"	"2025-11-10"	"2025-11-10"	"2024-12-30"	NA	NA	NA	"ok_downloaded"
"PQ824743"	"PQ824743.1"	NA	"Cnaphalocrocis medinalis granulovirus"	"1750712"	"Cnaphalocrocis medinalis granulovirus"	"no rank"	"Betabaculovirus cnamedinalis"	"3047765"	"Betabaculovirus"	"Baculoviridae"	"Viruses; Naldaviricetes; Lefavirales; Baculoviridae; Betabaculovirus; Betabaculovirus cnamedinalis"	"Cnaphalocrocis medinalis granulovirus isolate DH2018060109, complete genome"	"insd"	"GenBank"	"genomic DNA"	"circular"	111767	111767	TRUE	35.1383	0	NA	"Cnaphalocrocis medinalis"	NA	"DH2018060109"	"China"	"01-Jun-2018"	"2025-11-10"	"2025-11-10"	"2025-11-10"	"2024-12-30"	NA	NA	NA	"ok_downloaded"
"PQ824742"	"PQ824742.1"	NA	"Cnaphalocrocis medinalis granulovirus"	"1750712"	"Cnaphalocrocis medinalis granulovirus"	"no rank"	"Betabaculovirus cnamedinalis"	"3047765"	"Betabaculovirus"	"Baculoviridae"	"Viruses; Naldaviricetes; Lefavirales; Baculoviridae; Betabaculovirus; Betabaculovirus cnamedinalis"	"Cnaphalocrocis medinalis granulovirus isolate DH2018060108, complete genome"	"insd"	"GenBank"	"genomic DNA"	"circular"	111450	111450	TRUE	35.0983	0	NA	"Cnaphalocrocis medinalis"	NA	"DH2018060108"	"China"	"01-Jun-2018"	"2025-11-10"	"2025-11-10"	"2025-11-10"	"2024-12-30"	NA	NA	NA	"ok_downloaded"
"PQ824741"	"PQ824741.1"	NA	"Cnaphalocrocis medinalis granulovirus"	"1750712"	"Cnaphalocrocis medinalis granulovirus"	"no rank"	"Betabaculovirus cnamedinalis"	"3047765"	"Betabaculovirus"	"Baculoviridae"	"Viruses; Naldaviricetes; Lefavirales; Baculoviridae; Betabaculovirus; Betabaculovirus cnamedinalis"	"Cnaphalocrocis medinalis granulovirus isolate DH2018060107, complete genome"	"insd"	"GenBank"	"genomic DNA"	"circular"	111901	111901	TRUE	35.1087	0	NA	"Cnaphalocrocis medinalis"	NA	"DH2018060107"	"China"	"01-Jun-2018"	"2025-11-10"	"2025-11-10"	"2025-11-10"	"2024-12-30"	NA	NA	NA	"ok_downloaded"
"PQ824740"	"PQ824740.1"	NA	"Cnaphalocrocis medinalis granulovirus"	"1750712"	"Cnaphalocrocis medinalis granulovirus"	"no rank"	"Betabaculovirus cnamedinalis"	"3047765"	"Betabaculovirus"	"Baculoviridae"	"Viruses; Naldaviricetes; Lefavirales; Baculoviridae; Betabaculovirus; Betabaculovirus cnamedinalis"	"Cnaphalocrocis medinalis granulovirus isolate DH2018060106, complete genome"	"insd"	"GenBank"	"genomic DNA"	"circular"	111991	111991	TRUE	35.118	0	NA	"Cnaphalocrocis medinalis"	NA	"DH2018060106"	"China"	"01-Jun-2018"	"2025-11-10"	"2025-11-10"	"2025-11-10"	"2024-12-30"	NA	NA	NA	"ok_downloaded"
"PQ824739"	"PQ824739.1"	NA	"Cnaphalocrocis medinalis granulovirus"	"1750712"	"Cnaphalocrocis medinalis granulovirus"	"no rank"	"Betabaculovirus cnamedinalis"	"3047765"	"Betabaculovirus"	"Baculoviridae"	"Viruses; Naldaviricetes; Lefavirales; Baculoviridae; Betabaculovirus; Betabaculovirus cnamedinalis"	"Cnaphalocrocis medinalis granulovirus isolate DH2018060105, complete genome"	"insd"	"GenBank"	"genomic DNA"	"circular"	112095	112095	TRUE	35.1122	0	NA	"Cnaphalocrocis medinalis"	NA	"DH2018060105"	"China"	"01-Jun-2018"	"2025-11-10"	"2025-11-10"	"2025-11-10"	"2024-12-30"	NA	NA	NA	"ok_downloaded"
"PQ824738"	"PQ824738.1"	NA	"Cnaphalocrocis medinalis granulovirus"	"1750712"	"Cnaphalocrocis medinalis granulovirus"	"no rank"	"Betabaculovirus cnamedinalis"	"3047765"	"Betabaculovirus"	"Baculoviridae"	"Viruses; Naldaviricetes; Lefavirales; Baculoviridae; Betabaculovirus; Betabaculovirus cnamedinalis"	"Cnaphalocrocis medinalis granulovirus isolate DH2018060104, complete genome"	"insd"	"GenBank"	"genomic DNA"	"circular"	112047	112047	TRUE	35.1138	0	NA	"Cnaphalocrocis medinalis"	NA	"DH2018060104"	"China"	"01-Jun-2018"	"2025-11-10"	"2025-11-10"	"2025-11-10"	"2024-12-30"	NA	NA	NA	"ok_downloaded"
"PQ824737"	"PQ824737.1"	NA	"Cnaphalocrocis medinalis granulovirus"	"1750712"	"Cnaphalocrocis medinalis granulovirus"	"no rank"	"Betabaculovirus cnamedinalis"	"3047765"	"Betabaculovirus"	"Baculoviridae"	"Viruses; Naldaviricetes; Lefavirales; Baculoviridae; Betabaculovirus; Betabaculovirus cnamedinalis"	"Cnaphalocrocis medinalis granulovirus isolate DH2018060102, complete genome"	"insd"	"GenBank"	"genomic DNA"	"circular"	112080	112080	TRUE	35.1142	0	NA	"Cnaphalocrocis medinalis"	NA	"DH2018060102"	"China"	"01-Jun-2018"	"2025-11-10"	"2025-11-10"	"2025-11-10"	"2024-12-30"	NA	NA	NA	"ok_downloaded"
"PQ824736"	"PQ824736.1"	NA	"Cnaphalocrocis medinalis granulovirus"	"1750712"	"Cnaphalocrocis medinalis granulovirus"	"no rank"	"Betabaculovirus cnamedinalis"	"3047765"	"Betabaculovirus"	"Baculoviridae"	"Viruses; Naldaviricetes; Lefavirales; Baculoviridae; Betabaculovirus; Betabaculovirus cnamedinalis"	"Cnaphalocrocis medinalis granulovirus isolate DH2018060101, complete genome"	"insd"	"GenBank"	"genomic DNA"	"circular"	112028	112028	TRUE	35.0948	0	NA	"Cnaphalocrocis medinalis"	NA	"DH2018060101"	"China"	"01-Jun-2018"	"2025-11-10"	"2025-11-10"	"2025-11-10"	"2024-12-30"	NA	NA	NA	"ok_downloaded"
"PQ824735"	"PQ824735.1"	NA	"Cnaphalocrocis medinalis granulovirus"	"1750712"	"Cnaphalocrocis medinalis granulovirus"	"no rank"	"Betabaculovirus cnamedinalis"	"3047765"	"Betabaculovirus"	"Baculoviridae"	"Viruses; Naldaviricetes; Lefavirales; Baculoviridae; Betabaculovirus; Betabaculovirus cnamedinalis"	"Cnaphalocrocis medinalis granulovirus isolate DH2018051212, complete genome"	"insd"	"GenBank"	"genomic DNA"	"circular"	111875	111875	TRUE	35.0713	0	NA	"Cnaphalocrocis medinalis"	NA	"DH2018051212"	"China"	"12-May-2018"	"2025-11-10"	"2025-11-10"	"2025-11-10"	"2024-12-30"	NA	NA	NA	"ok_downloaded"
"PQ824734"	"PQ824734.1"	NA	"Cnaphalocrocis medinalis granulovirus"	"1750712"	"Cnaphalocrocis medinalis granulovirus"	"no rank"	"Betabaculovirus cnamedinalis"	"3047765"	"Betabaculovirus"	"Baculoviridae"	"Viruses; Naldaviricetes; Lefavirales; Baculoviridae; Betabaculovirus; Betabaculovirus cnamedinalis"	"Cnaphalocrocis medinalis granulovirus isolate DH2018051211, complete genome"	"insd"	"GenBank"	"genomic DNA"	"circular"	111829	111829	TRUE	35.1447	0	NA	"Cnaphalocrocis medinalis"	NA	"DH2018051211"	"China"	"12-May-2018"	"2025-11-10"	"2025-11-10"	"2025-11-10"	"2024-12-30"	NA	NA	NA	"ok_downloaded"
"PQ824733"	"PQ824733.1"	NA	"Cnaphalocrocis medinalis granulovirus"	"1750712"	"Cnaphalocrocis medinalis granulovirus"	"no rank"	"Betabaculovirus cnamedinalis"	"3047765"	"Betabaculovirus"	"Baculoviridae"	"Viruses; Naldaviricetes; Lefavirales; Baculoviridae; Betabaculovirus; Betabaculovirus cnamedinalis"	"Cnaphalocrocis medinalis granulovirus isolate DH2018051210, complete genome"	"insd"	"GenBank"	"genomic DNA"	"circular"	112202	112202	TRUE	35.1304	0	NA	"Cnaphalocrocis medinalis"	NA	"DH2018051210"	"China"	"12-May-2018"	"2025-11-10"	"2025-11-10"	"2025-11-10"	"2024-12-30"	NA	NA	NA	"ok_downloaded"
"PQ824732"	"PQ824732.1"	NA	"Cnaphalocrocis medinalis granulovirus"	"1750712"	"Cnaphalocrocis medinalis granulovirus"	"no rank"	"Betabaculovirus cnamedinalis"	"3047765"	"Betabaculovirus"	"Baculoviridae"	"Viruses; Naldaviricetes; Lefavirales; Baculoviridae; Betabaculovirus; Betabaculovirus cnamedinalis"	"Cnaphalocrocis medinalis granulovirus isolate DH2018051209, complete genome"	"insd"	"GenBank"	"genomic DNA"	"circular"	112398	112398	TRUE	35.1412	0	NA	"Cnaphalocrocis medinalis"	NA	"DH2018051209"	"China"	"12-May-2018"	"2025-11-10"	"2025-11-10"	"2025-11-10"	"2024-12-30"	NA	NA	NA	"ok_downloaded"
"PQ824731"	"PQ824731.1"	NA	"Cnaphalocrocis medinalis granulovirus"	"1750712"	"Cnaphalocrocis medinalis granulovirus"	"no rank"	"Betabaculovirus cnamedinalis"	"3047765"	"Betabaculovirus"	"Baculoviridae"	"Viruses; Naldaviricetes; Lefavirales; Baculoviridae; Betabaculovirus; Betabaculovirus cnamedinalis"	"Cnaphalocrocis medinalis granulovirus isolate DH2018051208, complete genome"	"insd"	"GenBank"	"genomic DNA"	"circular"	112255	112255	TRUE	35.1004	0	NA	"Cnaphalocrocis medinalis"	NA	"DH2018051208"	"China"	"12-May-2018"	"2025-11-10"	"2025-11-10"	"2025-11-10"	"2024-12-30"	NA	NA	NA	"ok_downloaded"
"PQ824730"	"PQ824730.1"	NA	"Cnaphalocrocis medinalis granulovirus"	"1750712"	"Cnaphalocrocis medinalis granulovirus"	"no rank"	"Betabaculovirus cnamedinalis"	"3047765"	"Betabaculovirus"	"Baculoviridae"	"Viruses; Naldaviricetes; Lefavirales; Baculoviridae; Betabaculovirus; Betabaculovirus cnamedinalis"	"Cnaphalocrocis medinalis granulovirus isolate DH2018051207, complete genome"	"insd"	"GenBank"	"genomic DNA"	"circular"	112338	112338	TRUE	35.1244	0	NA	"Cnaphalocrocis medinalis"	NA	"DH2018051207"	"China"	"12-May-2018"	"2025-11-10"	"2025-11-10"	"2025-11-10"	"2024-12-30"	NA	NA	NA	"ok_downloaded"
"PQ824729"	"PQ824729.1"	NA	"Cnaphalocrocis medinalis granulovirus"	"1750712"	"Cnaphalocrocis medinalis granulovirus"	"no rank"	"Betabaculovirus cnamedinalis"	"3047765"	"Betabaculovirus"	"Baculoviridae"	"Viruses; Naldaviricetes; Lefavirales; Baculoviridae; Betabaculovirus; Betabaculovirus cnamedinalis"	"Cnaphalocrocis medinalis granulovirus isolate DH2018051206, complete genome"	"insd"	"GenBank"	"genomic DNA"	"circular"	111360	111360	TRUE	35.0691	0	NA	"Cnaphalocrocis medinalis"	NA	"DH2018051206"	"China"	"12-May-2018"	"2025-11-10"	"2025-11-10"	"2025-11-10"	"2024-12-30"	NA	NA	NA	"ok_downloaded"
"PQ824728"	"PQ824728.1"	NA	"Cnaphalocrocis medinalis granulovirus"	"1750712"	"Cnaphalocrocis medinalis granulovirus"	"no rank"	"Betabaculovirus cnamedinalis"	"3047765"	"Betabaculovirus"	"Baculoviridae"	"Viruses; Naldaviricetes; Lefavirales; Baculoviridae; Betabaculovirus; Betabaculovirus cnamedinalis"	"Cnaphalocrocis medinalis granulovirus isolate DH2018051204, complete genome"	"insd"	"GenBank"	"genomic DNA"	"circular"	111991	111991	TRUE	35.11	0	NA	"Cnaphalocrocis medinalis"	NA	"DH2018051204"	"China"	"12-May-2018"	"2025-11-10"	"2025-11-10"	"2025-11-10"	"2024-12-30"	NA	NA	NA	"ok_downloaded"
"PQ824727"	"PQ824727.1"	NA	"Cnaphalocrocis medinalis granulovirus"	"1750712"	"Cnaphalocrocis medinalis granulovirus"	"no rank"	"Betabaculovirus cnamedinalis"	"3047765"	"Betabaculovirus"	"Baculoviridae"	"Viruses; Naldaviricetes; Lefavirales; Baculoviridae; Betabaculovirus; Betabaculovirus cnamedinalis"	"Cnaphalocrocis medinalis granulovirus isolate DH2018051203, complete genome"	"insd"	"GenBank"	"genomic DNA"	"circular"	112281	112281	TRUE	35.1057	0	NA	"Cnaphalocrocis medinalis"	NA	"DH2018051203"	"China"	"12-May-2018"	"2025-11-10"	"2025-11-10"	"2025-11-10"	"2024-12-30"	NA	NA	NA	"ok_downloaded"
"PQ824726"	"PQ824726.1"	NA	"Cnaphalocrocis medinalis granulovirus"	"1750712"	"Cnaphalocrocis medinalis granulovirus"	"no rank"	"Betabaculovirus cnamedinalis"	"3047765"	"Betabaculovirus"	"Baculoviridae"	"Viruses; Naldaviricetes; Lefavirales; Baculoviridae; Betabaculovirus; Betabaculovirus cnamedinalis"	"Cnaphalocrocis medinalis granulovirus isolate DH2017090709, complete genome"	"insd"	"GenBank"	"genomic DNA"	"circular"	111915	111915	TRUE	35.1669	0	NA	"Cnaphalocrocis medinalis"	NA	"DH2017090709"	"China"	"07-Sep-2017"	"2025-11-10"	"2025-11-10"	"2025-11-10"	"2024-12-30"	NA	NA	NA	"ok_downloaded"
"PQ824725"	"PQ824725.1"	NA	"Cnaphalocrocis medinalis granulovirus"	"1750712"	"Cnaphalocrocis medinalis granulovirus"	"no rank"	"Betabaculovirus cnamedinalis"	"3047765"	"Betabaculovirus"	"Baculoviridae"	"Viruses; Naldaviricetes; Lefavirales; Baculoviridae; Betabaculovirus; Betabaculovirus cnamedinalis"	"Cnaphalocrocis medinalis granulovirus isolate DH2017090708, complete genome"	"insd"	"GenBank"	"genomic DNA"	"circular"	111736	111736	TRUE	35.0585	0	NA	"Cnaphalocrocis medinalis"	NA	"DH2017090708"	"China"	"07-Sep-2017"	"2025-11-10"	"2025-11-10"	"2025-11-10"	"2024-12-30"	NA	NA	NA	"ok_downloaded"
"PQ824724"	"PQ824724.1"	NA	"Cnaphalocrocis medinalis granulovirus"	"1750712"	"Cnaphalocrocis medinalis granulovirus"	"no rank"	"Betabaculovirus cnamedinalis"	"3047765"	"Betabaculovirus"	"Baculoviridae"	"Viruses; Naldaviricetes; Lefavirales; Baculoviridae; Betabaculovirus; Betabaculovirus cnamedinalis"	"Cnaphalocrocis medinalis granulovirus isolate DH2017090706, complete genome"	"insd"	"GenBank"	"genomic DNA"	"circular"	111985	111985	TRUE	35.152	0	NA	"Cnaphalocrocis medinalis"	NA	"DH2017090706"	"China"	"07-Sep-2017"	"2025-11-10"	"2025-11-10"	"2025-11-10"	"2024-12-30"	NA	NA	NA	"ok_downloaded"
"PQ824723"	"PQ824723.1"	NA	"Cnaphalocrocis medinalis granulovirus"	"1750712"	"Cnaphalocrocis medinalis granulovirus"	"no rank"	"Betabaculovirus cnamedinalis"	"3047765"	"Betabaculovirus"	"Baculoviridae"	"Viruses; Naldaviricetes; Lefavirales; Baculoviridae; Betabaculovirus; Betabaculovirus cnamedinalis"	"Cnaphalocrocis medinalis granulovirus isolate DH2017090705, complete genome"	"insd"	"GenBank"	"genomic DNA"	"circular"	112077	112077	TRUE	35.1321	0	NA	"Cnaphalocrocis medinalis"	NA	"DH2017090705"	"China"	"07-Sep-2017"	"2025-11-10"	"2025-11-10"	"2025-11-10"	"2024-12-30"	NA	NA	NA	"ok_downloaded"
"PQ824722"	"PQ824722.1"	NA	"Cnaphalocrocis medinalis granulovirus"	"1750712"	"Cnaphalocrocis medinalis granulovirus"	"no rank"	"Betabaculovirus cnamedinalis"	"3047765"	"Betabaculovirus"	"Baculoviridae"	"Viruses; Naldaviricetes; Lefavirales; Baculoviridae; Betabaculovirus; Betabaculovirus cnamedinalis"	"Cnaphalocrocis medinalis granulovirus isolate DH2017090702, complete genome"	"insd"	"GenBank"	"genomic DNA"	"circular"	111900	111900	TRUE	35.134	0	NA	"Cnaphalocrocis medinalis"	NA	"DH2017090702"	"China"	"07-Sep-2017"	"2025-11-10"	"2025-11-10"	"2025-11-10"	"2024-12-30"	NA	NA	NA	"ok_downloaded"
"PQ824721"	"PQ824721.1"	NA	"Cnaphalocrocis medinalis granulovirus"	"1750712"	"Cnaphalocrocis medinalis granulovirus"	"no rank"	"Betabaculovirus cnamedinalis"	"3047765"	"Betabaculovirus"	"Baculoviridae"	"Viruses; Naldaviricetes; Lefavirales; Baculoviridae; Betabaculovirus; Betabaculovirus cnamedinalis"	"Cnaphalocrocis medinalis granulovirus isolate DH2017071301, complete genome"	"insd"	"GenBank"	"genomic DNA"	"circular"	111575	111575	TRUE	35.0652	0	NA	"Cnaphalocrocis medinalis"	NA	"DH2017071301"	"China"	"13-Jul-2017"	"2025-11-10"	"2025-11-10"	"2025-11-10"	"2024-12-30"	NA	NA	NA	"ok_downloaded"
"PX425276"	"PX425276.1"	NA	"Alphabaculovirus chrincludentis"	"3050266"	"Alphabaculovirus chrincludentis"	"species"	"Alphabaculovirus chrincludentis"	"3050266"	"Alphabaculovirus"	"Baculoviridae"	"Viruses; Naldaviricetes; Lefavirales; Baculoviridae; Alphabaculovirus"	"Alphabaculovirus chrincludentis isolate ChinNPV-CNPSo-168, complete genome"	"insd"	"GenBank"	"genomic DNA"	"circular"	139290	139290	TRUE	39.2196	0	NA	"Chrysodeixis includens"	NA	"ChinNPV-CNPSo-168"	"Brazil"	"01-Jan-2013"	"2025-10-07"	"2025-10-07"	"2025-10-07"	"2025-09-26"	NA	NA	NA	"ok_downloaded"
"PX425275"	"PX425275.1"	NA	"Alphabaculovirus chrincludentis"	"3050266"	"Alphabaculovirus chrincludentis"	"species"	"Alphabaculovirus chrincludentis"	"3050266"	"Alphabaculovirus"	"Baculoviridae"	"Viruses; Naldaviricetes; Lefavirales; Baculoviridae; Alphabaculovirus"	"Alphabaculovirus chrincludentis isolate Tabatinga, complete genome"	"insd"	"GenBank"	"genomic DNA"	"circular"	139065	139065	TRUE	39.1874	0	NA	"Chrysodeixis includens"	NA	"Tabatinga"	"Brazil"	NA	"2025-10-07"	"2025-10-07"	"2025-10-07"	"2025-09-18"	NA	NA	NA	"ok_downloaded"
"PX316491"	"PX316491.1"	NA	"Alphabaculovirus dijunonis"	"2955239"	"Alphabaculovirus dijunonis"	"species"	"Alphabaculovirus dijunonis"	"2955239"	"Alphabaculovirus"	"Baculoviridae"	"Viruses; Naldaviricetes; Lefavirales; Baculoviridae; Alphabaculovirus"	"Alphabaculovirus dijunonis isolate DF/23, complete genome"	"insd"	"GenBank"	"genomic DNA"	"circular"	122265	122265	TRUE	50.7431	0	NA	"Dione juno"	NA	"DF/23"	"Brazil: Federal District"	"17-Apr-2023"	"2025-09-29"	"2025-09-29"	"2025-09-29"	"2025-09-09"	NA	NA	NA	"ok_downloaded"
"PX280244"	"PX280244.1"	NA	"Alabama argillacea nucleopolyhedrovirus"	"3463632"	"Alabama argillacea nucleopolyhedrovirus"	"species"	"Alabama argillacea nucleopolyhedrovirus"	"3463632"	"Alphabaculovirus"	"Baculoviridae"	"Viruses; Naldaviricetes; Lefavirales; Baculoviridae; Alphabaculovirus; unclassified Alphabaculovirus"	"Alabama argillacea nucleopolyhedrovirus isolate CNPSo 94, complete genome"	"insd"	"GenBank"	"genomic DNA"	"circular"	129743	129743	TRUE	44.492	5	"RWY"	NA	NA	"CNPSo 94"	"Brazil"	"1980"	"2025-09-24"	"2025-09-24"	"2025-09-24"	"2025-09-04"	NA	NA	NA	"ok_downloaded"
"OL686893"	"OL686893.1"	NA	"Alphabaculovirus alterhycuneae"	"3426089"	"Alphabaculovirus alterhycuneae"	"species"	"Alphabaculovirus alterhycuneae"	"3426089"	"Alphabaculovirus"	"Baculoviridae"	"Viruses; Naldaviricetes; Lefavirales; Baculoviridae; Alphabaculovirus"	"Alphabaculovirus alterhycuneae isolate HB, complete genome"	"insd"	"GenBank"	"genomic DNA"	"circular"	132540	132540	TRUE	47.4196	0	NA	"Hyphantria cunea"	NA	"HB"	"China"	"2019"	"2022-01-19"	"2025-09-18"	"2025-09-18"	"2021-11-29"	NA	NA	NA	"ok_downloaded"
"MT040195"	"MT040195.1"	NA	"Alphabaculovirus altersperidaniae"	"3078438"	"Alphabaculovirus altersperidaniae"	"species"	"Alphabaculovirus altersperidaniae"	"3078438"	"Alphabaculovirus"	"Baculoviridae"	"Viruses; Naldaviricetes; Lefavirales; Baculoviridae; Alphabaculovirus"	"Alphabaculovirus altersperidaniae isolate CNPSo-165, complete genome"	"insd"	"GenBank"	"genomic DNA"	"circular"	137373	137373	TRUE	42.8069	12	"KRWY"	"Spodoptera eridania"	NA	"CNPSo-165"	"Brazil"	"2011"	"2020-09-28"	"2025-09-18"	"2025-09-18"	"2020-02-07"	NA	"NC_076869.1"	"NCBI ELink nuccore_nuccore_gbrs"	"ok_downloaded"
"KM009991"	"KM009991.1"	NA	"Alphabaculovirus pesauciae"	"3051422"	"Alphabaculovirus pesauciae"	"species"	"Alphabaculovirus pesauciae"	"3051422"	"Alphabaculovirus"	"Baculoviridae"	"Viruses; Naldaviricetes; Lefavirales; Baculoviridae; Alphabaculovirus"	"Alphabaculovirus pesauciae isolate GR_167, complete genome"	"insd"	"GenBank"	"genomic DNA"	"circular"	151109	151109	TRUE	53.2169	1	"K"	"Peridroma sp."	NA	"GR_167"	"USA"	NA	"2014-07-12"	"2025-09-18"	"2025-09-18"	"2014-06-11"	NA	"NC_024625.1"	"NCBI ELink nuccore_nuccore_gbrs"	"ok_downloaded"
"PX222938"	"PX222938.1"	NA	"Spodoptera frugiperda multiple nucleopolyhedrovirus"	"10455"	"Spodoptera frugiperda multiple nucleopolyhedrovirus"	"no rank"	"Alphabaculovirus spofrugiperdae"	"3048335"	"Alphabaculovirus"	"Baculoviridae"	"Viruses; Naldaviricetes; Lefavirales; Baculoviridae; Alphabaculovirus; Alphabaculovirus spofrugiperdae"	"Spodoptera frugiperda multiple nucleopolyhedrovirus isolate SfNPV-Sin, complete genome"	"insd"	"GenBank"	"genomic DNA"	"circular"	134254	134254	TRUE	40.3772	0	NA	"Spodoptera frugiperda"	NA	"SfNPV-Sin"	"Mexico"	"2013"	"2025-09-14"	"2025-09-14"	"2025-09-14"	"2025-08-20"	NA	NA	NA	"ok_downloaded"
"PX222937"	"PX222937.1"	NA	"Spodoptera frugiperda multiple nucleopolyhedrovirus"	"10455"	"Spodoptera frugiperda multiple nucleopolyhedrovirus"	"no rank"	"Alphabaculovirus spofrugiperdae"	"3048335"	"Alphabaculovirus"	"Baculoviridae"	"Viruses; Naldaviricetes; Lefavirales; Baculoviridae; Alphabaculovirus; Alphabaculovirus spofrugiperdae"	"Spodoptera frugiperda multiple nucleopolyhedrovirus isolate SfNPV-Ho, complete genome"	"insd"	"GenBank"	"genomic DNA"	"circular"	134254	134254	TRUE	40.3671	1	"Y"	"Spodoptera frugiperda"	NA	"SfNPV-Ho"	"Honduras"	"2012"	"2025-09-14"	"2025-09-14"	"2025-09-14"	"2025-08-20"	NA	NA	NA	"ok_downloaded"
"PX222936"	"PX222936.1"	NA	"Spodoptera frugiperda multiple nucleopolyhedrovirus"	"10455"	"Spodoptera frugiperda multiple nucleopolyhedrovirus"	"no rank"	"Alphabaculovirus spofrugiperdae"	"3048335"	"Alphabaculovirus"	"Baculoviridae"	"Viruses; Naldaviricetes; Lefavirales; Baculoviridae; Alphabaculovirus; Alphabaculovirus spofrugiperdae"	"Spodoptera frugiperda multiple nucleopolyhedrovirus isolate SfNPV-Fx, complete genome"	"insd"	"GenBank"	"genomic DNA"	"circular"	134250	134250	TRUE	40.3814	0	NA	"Spodoptera frugiperda"	NA	"SfNPV-Fx"	"USA"	"2012"	"2025-09-14"	"2025-09-14"	"2025-09-14"	"2025-08-20"	NA	NA	NA	"ok_downloaded"
"PX222935"	"PX222935.1"	NA	"Spodoptera frugiperda multiple nucleopolyhedrovirus"	"10455"	"Spodoptera frugiperda multiple nucleopolyhedrovirus"	"no rank"	"Alphabaculovirus spofrugiperdae"	"3048335"	"Alphabaculovirus"	"Baculoviridae"	"Viruses; Naldaviricetes; Lefavirales; Baculoviridae; Alphabaculovirus; Alphabaculovirus spofrugiperdae"	"Spodoptera frugiperda multiple nucleopolyhedrovirus isolate SfNPV-Ar, complete genome"	"insd"	"GenBank"	"genomic DNA"	"circular"	134239	134239	TRUE	40.3549	0	NA	"Spodoptera frugiperda"	NA	"SfNPV-Ar"	"Argentina"	"2012"	"2025-09-14"	"2025-09-14"	"2025-09-14"	"2025-08-20"	NA	NA	NA	"ok_downloaded"
"PX222934"	"PX222934.1"	NA	"Spodoptera frugiperda multiple nucleopolyhedrovirus"	"10455"	"Spodoptera frugiperda multiple nucleopolyhedrovirus"	"no rank"	"Alphabaculovirus spofrugiperdae"	"3048335"	"Alphabaculovirus"	"Baculoviridae"	"Viruses; Naldaviricetes; Lefavirales; Baculoviridae; Alphabaculovirus; Alphabaculovirus spofrugiperdae"	"Spodoptera frugiperda multiple nucleopolyhedrovirus isolate SfNPV-An1, complete genome"	"insd"	"GenBank"	"genomic DNA"	"circular"	132899	132899	TRUE	40.2561	0	NA	"Spodoptera frugiperda"	NA	"SfNPV-An1"	"Mexico"	"2011"	"2025-09-14"	"2025-09-14"	"2025-09-14"	"2025-08-20"	NA	NA	NA	"ok_downloaded"
"PX222933"	"PX222933.1"	NA	"Spodoptera frugiperda granulovirus"	"307454"	"Spodoptera frugiperda granulovirus"	"no rank"	"Betabaculovirus spofrugiperdae"	"3048334"	"Betabaculovirus"	"Baculoviridae"	"Viruses; Naldaviricetes; Lefavirales; Baculoviridae; Betabaculovirus; Betabaculovirus spofrugiperdae"	"Spodoptera frugiperda granulovirus isolate SfGV-An1, complete genome"	"insd"	"GenBank"	"genomic DNA"	"circular"	141087	141087	TRUE	46.2396	0	NA	"Spodoptera frugiperda"	NA	"SfGV-An1"	"Mexico"	"2011"	"2025-09-14"	"2025-09-14"	"2025-09-14"	"2025-08-20"	NA	NA	NA	"ok_downloaded"
"PQ753944"	"PQ753944.1"	NA	"Diprion infuscalae nucleopolyhedrovirus"	"3390378"	"Diprion infuscalae nucleopolyhedrovirus"	"species"	"Diprion infuscalae nucleopolyhedrovirus"	"3390378"	NA	"Baculoviridae"	"Viruses; Naldaviricetes; Lefavirales; Baculoviridae; unclassified Baculoviridae"	"Diprion infuscalae nucleopolyhedrovirus strain Youxi, complete genome"	"insd"	"GenBank"	"genomic DNA"	"linear"	77381	77381	TRUE	33.936	0	NA	"Gilpinia infuscalae"	"Youxi"	NA	"China"	"21-Nov-2019"	"2025-09-04"	"2025-09-04"	"2025-09-04"	"2024-12-11"	NA	NA	NA	"ok_downloaded"
"MH370144"	"MH370144.1"	NA	"Alphabaculovirus alterspexiguae"	"3051415"	"Alphabaculovirus alterspexiguae"	"species"	"Alphabaculovirus alterspexiguae"	"3051415"	"Alphabaculovirus"	"Baculoviridae"	"Viruses; Naldaviricetes; Lefavirales; Baculoviridae; Alphabaculovirus"	"Alphabaculovirus alterspexiguae isolate SeMNPV-QD, complete genome"	"insd"	"GenBank"	"genomic DNA"	"circular"	128525	128525	TRUE	37.4114	0	NA	"Spodoptera exigua"	NA	"SeMNPV-QD"	"China"	"Oct-2009"	"2018-10-28"	"2025-08-28"	"2025-08-28"	"2018-05-16"	NA	"NC_076246.1"	"NCBI ELink nuccore_nuccore_gbrs"	"ok_downloaded"
"MH124167"	"MH124167.1"	NA	"Alphabaculovirus altermyunipunctae"	"3051414"	"Alphabaculovirus altermyunipunctae"	"species"	"Alphabaculovirus altermyunipunctae"	"3051414"	"Alphabaculovirus"	"Baculoviridae"	"Viruses; Naldaviricetes; Lefavirales; Baculoviridae; Alphabaculovirus"	"Alphabaculovirus altermyunipunctae strain KY310, complete genome"	"insd"	"GenBank"	"genomic DNA"	"circular"	156647	156647	TRUE	43.8968	0	NA	"Mythimna unipuncta"	"KY310"	NA	"USA: Kentucky"	"Mar-2010"	"2018-09-11"	"2025-08-28"	"2025-08-28"	"2018-03-26"	NA	"NC_076031.1"	"NCBI ELink nuccore_nuccore_gbrs"	"ok_downloaded"
"MF375894"	"MF375894.1"	NA	"Alphabaculovirus myunipunctae"	"3051420"	"Alphabaculovirus myunipunctae"	"species"	"Alphabaculovirus myunipunctae"	"3051420"	"Alphabaculovirus"	"Baculoviridae"	"Viruses; Naldaviricetes; Lefavirales; Baculoviridae; Alphabaculovirus"	"Alphabaculovirus myunipunctae strain #7, complete genome"	"insd"	"GenBank"	"genomic DNA"	"circular"	148482	148482	TRUE	48.5877	0	NA	"Mythimna unipuncta"	"#7"	NA	"USA"	"13-Dec-1965"	"2018-02-04"	"2025-08-28"	"2025-08-28"	"2017-06-22"	NA	"NC_043530.1"	"NCBI ELink nuccore_nuccore_gbrs"	"ok_downloaded"
"AF169823"	"AF169823.1"	"AF021837;AF054872;AF169824;S48199;X67243;X69615;X97577;X97578"	"Alphabaculovirus spexiguae"	"3051423"	"Alphabaculovirus spexiguae"	"species"	"Alphabaculovirus spexiguae"	"3051423"	"Alphabaculovirus"	"Baculoviridae"	"Viruses; Naldaviricetes; Lefavirales; Baculoviridae; Alphabaculovirus"	"Alphabaculovirus spexiguae, complete genome"	"insd"	"GenBank"	"genomic DNA"	"circular"	135611	135611	TRUE	43.8128	0	NA	NA	NA	NA	NA	NA	"1999-12-29"	"2025-08-26"	"2025-08-26"	"1992-07-10"	NA	"NC_002169.1"	"NCBI ELink nuccore_nuccore_gbrs"	"ok_cached"
"PP879188"	"PP879188.1"	NA	"Antheraea pernyi nucleopolyhedrovirus"	"161494"	"Antheraea pernyi nucleopolyhedrovirus"	"no rank"	"Alphabaculovirus anpernyi"	"3047366"	"Alphabaculovirus"	"Baculoviridae"	"Viruses; Naldaviricetes; Lefavirales; Baculoviridae; Alphabaculovirus; Alphabaculovirus anpernyi"	"UNVERIFIED: Antheraea pernyi nucleopolyhedrovirus isolate xw, complete genome"	"insd"	"GenBank"	"genomic DNA"	"circular"	126002	126002	TRUE	53.4785	0	NA	"Antherea pernyi"	NA	"xw"	"China: Tussah-feeding oak forest, Sitaizi Scientific Research base, Fengcheng, Liaoning"	"Sep-2022"	"2025-07-07"	"2025-07-07"	"2025-07-07"	"2024-06-04"	NA	NA	NA	"not_available"
"PP889360"	"PP889360.1"	NA	"Antheraea pernyi nucleopolyhedrovirus"	"161494"	"Antheraea pernyi nucleopolyhedrovirus"	"no rank"	"Alphabaculovirus anpernyi"	"3047366"	"Alphabaculovirus"	"Baculoviridae"	"Viruses; Naldaviricetes; Lefavirales; Baculoviridae; Alphabaculovirus; Alphabaculovirus anpernyi"	"UNVERIFIED: Antheraea pernyi nucleopolyhedrovirus isolate xw04, complete genome"	"insd"	"GenBank"	"genomic DNA"	"circular"	126729	126729	TRUE	53.4108	0	NA	"Antherea pernyi"	NA	"xw04"	"China: Tussah-feeding oak forest, Sitaizi Scientific Research base, Fengcheng, Liaoning"	"Sep-2022"	"2025-07-07"	"2025-07-07"	"2025-07-07"	"2024-06-06"	NA	NA	NA	"not_available"
"PQ586372"	"PQ586372.2"	NA	"Lymantria dispar multiple nucleopolyhedrovirus"	"10449"	"Lymantria dispar multiple nucleopolyhedrovirus"	"no rank"	"Alphabaculovirus lydisparis"	"3048188"	"Alphabaculovirus"	"Baculoviridae"	"Viruses; Naldaviricetes; Lefavirales; Baculoviridae; Alphabaculovirus; Alphabaculovirus lydisparis"	"Lymantria dispar multiple nucleopolyhedrovirus isolate LdMNPV-KG, complete genome"	"insd"	"GenBank"	"genomic DNA"	"circular"	164499	164499	TRUE	57.4453	0	NA	"Lymantria dispar"	NA	"LdMNPV-KG"	"Kyrgyzstan"	NA	"2024-12-25"	"2025-07-02"	"2025-07-02"	"2024-11-11"	NA	NA	NA	"ok_downloaded"
"PV289223"	"PV289223.1"	NA	"Neodiprion pratti pratti nucleopolyhedrovirus"	"3411830"	"Neodiprion pratti pratti nucleopolyhedrovirus"	"species"	"Neodiprion pratti pratti nucleopolyhedrovirus"	"3411830"	NA	"Baculoviridae"	"Viruses; Naldaviricetes; Lefavirales; Baculoviridae; unclassified Baculoviridae"	"Neodiprion pratti pratti nucleopolyhedrovirus isolate 1663, complete genome"	"insd"	"GenBank"	"genomic DNA"	"circular"	81658	81658	TRUE	33.437	0	NA	"Neodiprion pratti pratti IIBBL:BCIPV 1663"	NA	"1663"	"USA: VA"	"23-Apr-1958"	"2025-04-01"	"2025-06-10"	"2025-06-10"	"2025-03-12"	NA	NA	NA	"ok_downloaded"
"PQ874245"	"PQ874245.1"	NA	"Aedia leucomelas nucleopolyhedrovirus"	"3422009"	"Aedia leucomelas nucleopolyhedrovirus"	"species"	"Aedia leucomelas nucleopolyhedrovirus"	"3422009"	"Alphabaculovirus"	"Baculoviridae"	"Viruses; Naldaviricetes; Lefavirales; Baculoviridae; Alphabaculovirus; unclassified Alphabaculovirus"	"Aedia leucomelas nucleopolyhedrovirus isolate FZ, complete genome"	"insd"	"GenBank"	"genomic DNA"	"circular"	135409	135409	TRUE	37.4709	0	NA	"Aedia leucomelas"	NA	"FZ"	"China: Fuzhou"	"2023-09-01"	"2025-06-05"	"2025-06-05"	"2025-06-05"	"2025-01-14"	NA	NA	NA	"ok_downloaded"
"PV067730"	"PV067730.1"	NA	"Spodoptera littoralis nucleopolyhedrovirus"	"10456"	"Spodoptera littoralis nucleopolyhedrovirus"	"no rank"	"Alphabaculovirus splittoralis"	"3048336"	"Alphabaculovirus"	"Baculoviridae"	"Viruses; Naldaviricetes; Lefavirales; Baculoviridae; Alphabaculovirus; Alphabaculovirus splittoralis"	"Spodoptera littoralis nucleopolyhedrovirus isolate EG.24, complete genome"	"insd"	"GenBank"	"genomic DNA"	"linear"	138017	138017	TRUE	44.6677	0	NA	"Spodoptera littoralis"	NA	"EG.24"	"Egypt"	"04-Oct-2012"	"2025-03-02"	"2025-05-14"	"2025-05-14"	"2025-01-27"	NA	NA	NA	"ok_downloaded"
"LC867272"	"LC867272.1"	NA	"Bombyx mori nucleopolyhedrovirus"	"271108"	"Bombyx mori nucleopolyhedrovirus"	"no rank"	"Alphabaculovirus bomori"	"3047695"	"Alphabaculovirus"	"Baculoviridae"	"Viruses; Naldaviricetes; Lefavirales; Baculoviridae; Alphabaculovirus; Alphabaculovirus bomori"	"Bombyx mori nucleopolyhedrovirus BmNPV/silkworm/Japan/P6E/1990 DNA, complete genome"	"insd"	"GenBank"	"genomic DNA"	"circular"	126727	126727	TRUE	40.2085	0	NA	"Bombyx mori"	NA	"BmNPV/silkworm/Japan/P6E/1990"	"Japan"	"1990"	"2025-04-23"	"2025-04-24"	"2025-04-24"	"2025-04-14"	NA	NA	NA	"ok_downloaded"
"KC179784"	"KC179784.1"	NA	"Clostera anastomosis granulovirus A"	"1986289"	"Clostera anastomosis granulovirus A"	"no rank"	"Betabaculovirus clanastomosis"	"3047763"	"Betabaculovirus"	"Baculoviridae"	"Viruses; Naldaviricetes; Lefavirales; Baculoviridae; Betabaculovirus; Betabaculovirus clanastomosis"	"Clostera anastomosis granulovirus A, complete genome"	"insd"	"GenBank"	"genomic DNA"	"circular"	101818	101818	TRUE	46.7216	0	NA	"Clostera anastomosis L."	NA	"CaLGV-Henan"	"China: Henan Province"	"Jul-2010"	"2013-10-21"	"2025-04-25"	"2025-04-25"	"2012-11-15"	NA	"NC_022646.1"	"NCBI ELink nuccore_nuccore_gbrs"	"ok_downloaded"
"DQ333351"	"DQ333351.1"	NA	"Choristoneura occidentalis granulovirus"	"364745"	"Choristoneura occidentalis granulovirus"	"no rank"	"Betabaculovirus chofumiferanae"	"3051997"	"Betabaculovirus"	"Baculoviridae"	"Viruses; Naldaviricetes; Lefavirales; Baculoviridae; Betabaculovirus; Betabaculovirus chofumiferanae"	"Choristoneura occidentalis granulovirus, complete genome"	"insd"	"GenBank"	"genomic DNA"	"circular"	104710	104710	TRUE	32.6674	0	NA	NA	NA	NA	NA	NA	"2006-06-12"	"2025-04-25"	"2025-04-25"	"2005-12-15"	NA	"NC_008168.1"	"NCBI ELink nuccore_nuccore_gbrs"	"ok_downloaded"
"GQ202541"	"GQ202541.1"	NA	"Lymantria xylina multiple nucleopolyhedrovirus"	"2847840"	"Lymantria xylina multiple nucleopolyhedrovirus"	"no rank"	"Alphabaculovirus lyxylinae"	"3051419"	"Alphabaculovirus"	"Baculoviridae"	"Viruses; Naldaviricetes; Lefavirales; Baculoviridae; Alphabaculovirus; Alphabaculovirus lyxylinae; Lymantria xylina nucleopolyhedrovirus"	"Lymantria xylina multiple nucleopolyhedrovirus, complete genome"	"insd"	"GenBank"	"genomic DNA"	"circular"	156344	156344	TRUE	53.4763	0	NA	"Lymantria xylina"	NA	"LyxyMNPV-5"	"Taiwan"	"08-Aug-2006"	"2010-03-20"	"2025-04-08"	"2025-04-08"	"2009-05-23"	NA	"NC_013953.1"	"NCBI ELink nuccore_nuccore_gbrs"	"ok_downloaded"
"GQ884143"	"GQ884143.1"	NA	"Pieris rapae granulovirus Wuhan"	"2848030"	"Pieris rapae granulovirus Wuhan"	"no rank"	"Betabaculovirus arrapae"	"362830"	"Betabaculovirus"	"Baculoviridae"	"Viruses; Naldaviricetes; Lefavirales; Baculoviridae; Betabaculovirus; Betabaculovirus arrapae"	"Pieris rapae granulovirus Wuhan, complete genome"	"insd"	"GenBank"	"genomic DNA"	"circular"	108592	108592	TRUE	33.1802	0	NA	"Pieris rapae"	NA	"Wuhan"	"China"	"2007"	"2009-12-31"	"2025-04-08"	"2025-04-08"	"2009-09-06"	NA	"NC_013797.1"	"NCBI ELink nuccore_nuccore_gbrs"	"ok_downloaded"
"AF271059"	"AF271059.2"	NA	"Helicoverpa armigera nucleopolyhedrovirus"	"51313"	"Helicoverpa armigera nucleopolyhedrovirus"	"no rank"	"Alphabaculovirus helarmigerae"	"3047947"	"Alphabaculovirus"	"Baculoviridae"	"Viruses; Naldaviricetes; Lefavirales; Baculoviridae; Alphabaculovirus; Alphabaculovirus helarmigerae"	"Heliocoverpa armigera nucleopolyhedrovirus G4, complete genome"	"insd"	"GenBank"	"genomic DNA"	"circular"	131405	131405	TRUE	39.0153	0	NA	NA	NA	NA	NA	NA	"2001-01-25"	"2025-04-04"	"2025-04-04"	"2000-05-19"	NA	"NC_002654.2"	"NCBI ELink nuccore_nuccore_gbrs"	"ok_downloaded"
"OP721246"	"OP721246.1"	NA	"Spodoptera albula nucleopolyhedrovirus"	"2282516"	"Spodoptera albula nucleopolyhedrovirus"	"species"	"Spodoptera albula nucleopolyhedrovirus"	"2282516"	NA	"Baculoviridae"	"Viruses; Naldaviricetes; Lefavirales; Baculoviridae; unclassified Baculoviridae"	"Spodoptera albula nucleopolyhedrovirus isolate Agb, complete genome"	"insd"	"GenBank"	"genomic DNA"	"circular"	149280	149280	TRUE	45.0817	0	NA	"Spodoptera albula"	"1"	"Agb"	"Brazil"	"2019"	"2025-01-04"	"2025-01-04"	"2025-01-04"	"2022-10-04"	NA	NA	NA	"ok_downloaded"
"PQ586373"	"PQ586373.1"	NA	"Lymantria dispar multiple nucleopolyhedrovirus"	"10449"	"Lymantria dispar multiple nucleopolyhedrovirus"	"no rank"	"Alphabaculovirus lydisparis"	"3048188"	"Alphabaculovirus"	"Baculoviridae"	"Viruses; Naldaviricetes; Lefavirales; Baculoviridae; Alphabaculovirus; Alphabaculovirus lydisparis"	"Lymantria dispar multiple nucleopolyhedrovirus isolate LdMNPV-BibJ, complete genome"	"insd"	"GenBank"	"genomic DNA"	"circular"	161065	161065	TRUE	57.2713	0	NA	"Lymantria dispar"	NA	"LdMNPV-BibJ"	"Japan"	NA	"2024-12-25"	"2024-12-25"	"2024-12-25"	"2024-11-11"	NA	NA	NA	"ok_downloaded"
"PQ586371"	"PQ586371.1"	NA	"Lymantria dispar multiple nucleopolyhedrovirus"	"10449"	"Lymantria dispar multiple nucleopolyhedrovirus"	"no rank"	"Alphabaculovirus lydisparis"	"3048188"	"Alphabaculovirus"	"Baculoviridae"	"Viruses; Naldaviricetes; Lefavirales; Baculoviridae; Alphabaculovirus; Alphabaculovirus lydisparis"	"Lymantria dispar multiple nucleopolyhedrovirus isolate LdMNPV-KR, complete genome"	"insd"	"GenBank"	"genomic DNA"	"circular"	153804	153804	TRUE	57.7787	0	NA	"Lymantria dispar"	NA	"LdMNPV-KR"	"Russia"	NA	"2024-12-25"	"2024-12-25"	"2024-12-25"	"2024-11-11"	NA	NA	NA	"ok_downloaded"
"OQ735222"	"OQ735222.1"	NA	"Spodoptera litura nucleopolyhedrovirus"	"46242"	"Spodoptera litura nucleopolyhedrovirus"	"no rank"	"Alphabaculovirus spliturae"	"3048338"	"Alphabaculovirus"	"Baculoviridae"	"Viruses; Naldaviricetes; Lefavirales; Baculoviridae; Alphabaculovirus; Alphabaculovirus spliturae"	"Spodoptera litura nucleopolyhedrovirus isolate T0, complete genome"	"insd"	"GenBank"	"genomic DNA"	"circular"	137925	137925	TRUE	42.8777	0	NA	"Spodoptera litura"	NA	"T0"	"China"	"Jun-2020"	"2023-09-02"	"2024-12-12"	"2024-12-12"	"2023-03-31"	NA	NA	NA	"ok_downloaded"
"OR347507"	"OR347507.1"	NA	"Alphabaculovirus mabrassicae"	"3048194"	"Alphabaculovirus mabrassicae"	"species"	"Alphabaculovirus mabrassicae"	"3048194"	"Alphabaculovirus"	"Baculoviridae"	"Viruses; Naldaviricetes; Lefavirales; Baculoviridae; Alphabaculovirus"	"Alphabaculovirus mabrassicae strain MyseMNPV, complete genome"	"insd"	"GenBank"	"genomic DNA"	"circular"	153049	153049	TRUE	40.0447	0	NA	"Mythimna separata"	"MyseMNPV"	NA	"China: Hubei"	"2021"	"2024-12-01"	"2024-12-01"	"2024-12-01"	"2023-07-21"	NA	NA	NA	"ok_downloaded"
"PQ374139"	"PQ374139.1"	NA	"Bombyx mori nucleopolyhedrovirus"	"271108"	"Bombyx mori nucleopolyhedrovirus"	"no rank"	"Alphabaculovirus bomori"	"3047695"	"Alphabaculovirus"	"Baculoviridae"	"Viruses; Naldaviricetes; Lefavirales; Baculoviridae; Alphabaculovirus; Alphabaculovirus bomori"	"Bombyx mori nucleopolyhedrovirus strain FR-Cev, complete genome"	"insd"	"GenBank"	"genomic DNA"	"circular"	127052	127052	TRUE	40.2701	0	NA	"Bombyx mori"	"FR-Cev"	NA	"France: Cevennes"	"2022"	"2024-11-06"	"2024-11-06"	"2024-11-06"	"2024-09-23"	NA	NA	NA	"ok_downloaded"
"PP449363"	"PP449363.1"	NA	"Platynota idaeusalis granulovirus"	"3129749"	"Platynota idaeusalis granulovirus"	"no rank"	"Betabaculovirus plidaeusalis"	"3702538"	"Betabaculovirus"	"Baculoviridae"	"Viruses; Naldaviricetes; Lefavirales; Baculoviridae; Betabaculovirus; Betabaculovirus plidaeusalis"	"Platynota idaeusalis granulovirus isolate IIBBL BCIPV-2683, complete genome"	"insd"	"GenBank"	"genomic DNA"	"circular"	106633	106633	TRUE	31.3749	0	NA	"Platynota idaeusalis"	NA	"IIBBL BCIPV-2683"	"USA"	"02-Apr-1981"	"2024-03-16"	"2024-10-09"	"2024-10-09"	"2024-03-06"	NA	NA	NA	"ok_downloaded"
"OQ658191"	"OQ658191.1"	NA	"Platynota idaeusalis nucleopolyhedrovirus"	"3062249"	"Platynota idaeusalis nucleopolyhedrovirus"	"no rank"	"Alphabaculovirus plidaeusalis"	"3702414"	"Alphabaculovirus"	"Baculoviridae"	"Viruses; Naldaviricetes; Lefavirales; Baculoviridae; Alphabaculovirus; Alphabaculovirus plidaeusalis"	"Platynota idaeusalis nucleopolyhedrovirus isolate 2680, complete genome"	"insd"	"GenBank"	"genomic DNA"	"circular"	121881	121881	TRUE	39.2243	0	NA	"Platynota idaeusalis"	NA	"2680; IIBBL BCIPV 2680"	"USA: Pennsylvania"	"May-1975"	"2024-07-21"	"2024-10-09"	"2024-10-09"	"2023-03-17"	NA	NA	NA	"ok_downloaded"
"MW892741"	"MW892741.1"	NA	"Melanchra picta nucleopolyhedrovirus"	"2975247"	"Melanchra picta nucleopolyhedrovirus"	"no rank"	"Alphabaculovirus maconfiguratae"	"3048195"	"Alphabaculovirus"	"Baculoviridae"	"Viruses; Naldaviricetes; Lefavirales; Baculoviridae; Alphabaculovirus; Alphabaculovirus maconfiguratae; Mamestra configurata nucleopolyhedrovirus A"	"Melanchra picta nucleopolyhedrovirus isolate 600, complete genome"	"insd"	"GenBank"	"genomic DNA"	"circular"	155060	155060	TRUE	41.7071	0	NA	"Melanchra picta; voucher: IIBBL:BCIPV-600"	NA	"600"	"USA: Yakima Valley, Washington"	"01-Aug-1967"	"2023-09-07"	"2024-10-09"	"2024-10-09"	"2021-04-05"	NA	NA	NA	"ok_downloaded"
"MW892740"	"MW892740.1"	NA	"Melanchra picta nucleopolyhedrovirus"	"2975247"	"Melanchra picta nucleopolyhedrovirus"	"no rank"	"Alphabaculovirus maconfiguratae"	"3048195"	"Alphabaculovirus"	"Baculoviridae"	"Viruses; Naldaviricetes; Lefavirales; Baculoviridae; Alphabaculovirus; Alphabaculovirus maconfiguratae; Mamestra configurata nucleopolyhedrovirus A"	"Melanchra picta nucleopolyhedrovirus isolate 185, complete genome"	"insd"	"GenBank"	"genomic DNA"	"circular"	154951	154951	TRUE	41.7093	0	NA	"Melanchra picta; voucher: IIBBL:BCIPV-185"	NA	"185"	"USA: Yakima Valley, Washington"	"23-Apr-1969"	"2023-09-07"	"2024-10-09"	"2024-10-09"	"2021-04-05"	NA	NA	NA	"ok_downloaded"
"PQ126165"	"PQ126165.1"	NA	"Spodoptera exigua multiple nucleopolyhedrovirus"	"10454"	"Spodoptera exigua multiple nucleopolyhedrovirus"	"species"	"Spodoptera exigua multiple nucleopolyhedrovirus"	"10454"	"Alphabaculovirus"	"Baculoviridae"	"Viruses; Naldaviricetes; Lefavirales; Baculoviridae; Alphabaculovirus; unclassified Alphabaculovirus"	"Spodoptera exigua multiple nucleopolyhedrovirus strain Urfa, complete genome"	"insd"	"GenBank"	"genomic DNA"	"circular"	135358	135358	TRUE	43.8708	6	"N"	"Spodoptera exigua"	"Urfa"	"-U"	"Turkey"	"Jun-2022"	"2024-08-14"	"2024-08-14"	"2024-08-14"	"2024-07-31"	NA	NA	NA	"ok_downloaded"
"PQ126164"	"PQ126164.1"	NA	"Spodoptera exigua multiple nucleopolyhedrovirus"	"10454"	"Spodoptera exigua multiple nucleopolyhedrovirus"	"species"	"Spodoptera exigua multiple nucleopolyhedrovirus"	"10454"	"Alphabaculovirus"	"Baculoviridae"	"Viruses; Naldaviricetes; Lefavirales; Baculoviridae; Alphabaculovirus; unclassified Alphabaculovirus"	"Spodoptera exigua multiple nucleopolyhedrovirus strain Igdir, complete genome"	"insd"	"GenBank"	"genomic DNA"	"circular"	135402	135402	TRUE	43.8476	8	"MNRY"	"Spodoptera exigua"	"Igdir"	"-I"	"Turkey"	"Jun-2022"	"2024-08-14"	"2024-08-14"	"2024-08-14"	"2024-07-31"	NA	NA	NA	"ok_downloaded"
"NC_024625"	"NC_024625.1"	NA	"Peridroma alphabaculovirus"	"1346829"	"Peridroma alphabaculovirus"	"species"	"Peridroma alphabaculovirus"	"1346829"	"Alphabaculovirus"	"Baculoviridae"	"Viruses; Naldaviricetes; Lefavirales; Baculoviridae; Alphabaculovirus; unclassified Alphabaculovirus"	"Peridroma alphabaculovirus isolate GR_167, complete genome"	"refseq"	"RefSeq"	"genomic DNA"	"circular"	151109	151109	TRUE	53.2169	1	"K"	"Peridroma sp."	NA	"GR_167"	"USA"	NA	"2014-08-06"	"2024-05-29"	"2024-05-29"	"2014-06-11"	NA	NA	NA	"ok_downloaded"
"OR723730"	"OR723730.1"	NA	"Nesodiprion zhejiangensis nucleopolyhedrovirus"	"3135970"	"Nesodiprion zhejiangensis nucleopolyhedrovirus"	"species"	"Nesodiprion zhejiangensis nucleopolyhedrovirus"	"3135970"	NA	"Baculoviridae"	"Viruses; Naldaviricetes; Lefavirales; Baculoviridae; unclassified Baculoviridae"	"Nesodiprion zhejiangensis nucleopolyhedrovirus isolate BJZYA2014, complete genome"	"insd"	"GenBank"	"genomic DNA"	"linear"	80637	80637	TRUE	32.3065	0	NA	"Nesodiprion zhejiangensis Zhou & Xiao 1981"	NA	"BJZYA2014"	"China"	NA	"2024-04-23"	"2024-04-23"	"2024-04-23"	"2023-10-20"	NA	NA	NA	"ok_downloaded"
"OR759961"	"OR759961.1"	NA	"Leucoma salicis nucleopolyhedrovirus"	"309368"	"Leucoma salicis nucleopolyhedrovirus"	"species"	"Leucoma salicis nucleopolyhedrovirus"	"309368"	"Alphabaculovirus"	"Baculoviridae"	"Viruses; Naldaviricetes; Lefavirales; Baculoviridae; Alphabaculovirus; unclassified Alphabaculovirus"	"Leucoma salicis nucleopolyhedrovirus isolate Pl1989, complete genome"	"insd"	"GenBank"	"genomic DNA"	"circular"	132549	132549	TRUE	54.9216	0	NA	"white satin moth"	NA	"Pl1989"	"Poland"	"1989"	"2024-04-21"	"2024-04-21"	"2024-04-21"	"2023-11-01"	NA	NA	NA	"ok_downloaded"
"PP481895"	"PP481895.1"	NA	"Alphabaculovirus bomori"	"3047695"	"Alphabaculovirus bomori"	"species"	"Alphabaculovirus bomori"	"3047695"	"Alphabaculovirus"	"Baculoviridae"	"Viruses; Naldaviricetes; Lefavirales; Baculoviridae; Alphabaculovirus"	"Alphabaculovirus bomori isolate Mysore, complete genome"	"insd"	"GenBank"	"genomic DNA"	"circular"	128044	128044	TRUE	40.3486	0	NA	"Bombyx mori"	NA	"Mysore"	"India: Mysore, Karnataka"	"Apr-2017"	"2024-04-10"	"2024-04-10"	"2024-04-10"	"2024-03-08"	NA	NA	NA	"ok_downloaded"
"PP481894"	"PP481894.1"	NA	"Alphabaculovirus bomori"	"3047695"	"Alphabaculovirus bomori"	"species"	"Alphabaculovirus bomori"	"3047695"	"Alphabaculovirus"	"Baculoviridae"	"Viruses; Naldaviricetes; Lefavirales; Baculoviridae; Alphabaculovirus"	"Alphabaculovirus bomori isolate Jammu haplotype 2, complete genome"	"insd"	"GenBank"	"genomic DNA"	"circular"	127354	127354	TRUE	40.3466	0	NA	"Bombyx mori"	NA	"Jammu"	"India: Jammu, Jammu and Kashmir"	"Apr-2017"	"2024-04-10"	"2024-04-10"	"2024-04-10"	"2024-03-08"	NA	NA	NA	"ok_downloaded"
"PP481893"	"PP481893.1"	NA	"Alphabaculovirus bomori"	"3047695"	"Alphabaculovirus bomori"	"species"	"Alphabaculovirus bomori"	"3047695"	"Alphabaculovirus"	"Baculoviridae"	"Viruses; Naldaviricetes; Lefavirales; Baculoviridae; Alphabaculovirus"	"Alphabaculovirus bomori isolate Jammu, complete genome"	"insd"	"GenBank"	"genomic DNA"	"circular"	128115	128115	TRUE	40.3255	0	NA	"Bombyx mori"	NA	"Jammu"	"India: Jammu, Jammu and Kashmir"	"Apr-2017"	"2024-04-10"	"2024-04-10"	"2024-04-10"	"2024-03-08"	NA	NA	NA	"ok_downloaded"
"PP481892"	"PP481892.1"	NA	"Alphabaculovirus bomori"	"3047695"	"Alphabaculovirus bomori"	"species"	"Alphabaculovirus bomori"	"3047695"	"Alphabaculovirus"	"Baculoviridae"	"Viruses; Naldaviricetes; Lefavirales; Baculoviridae; Alphabaculovirus"	"Alphabaculovirus bomori isolate Jammu haplotype 1, complete genome"	"insd"	"GenBank"	"genomic DNA"	"circular"	127128	127128	TRUE	40.2783	0	NA	"Bombyx mori"	NA	"Jammu"	"India: Jammu, Jammu and Kashmir"	"Apr-2017"	"2024-04-10"	"2024-04-10"	"2024-04-10"	"2024-03-08"	NA	NA	NA	"ok_downloaded"
"LC808156"	"LC808156.1"	NA	"Bombyx mori nucleopolyhedrovirus"	"271108"	"Bombyx mori nucleopolyhedrovirus"	"no rank"	"Alphabaculovirus bomori"	"3047695"	"Alphabaculovirus"	"Baculoviridae"	"Viruses; Naldaviricetes; Lefavirales; Baculoviridae; Alphabaculovirus; Alphabaculovirus bomori"	"Bombyx mori nucleopolyhedrovirus Ibusuki DNA, complete genome"	"insd"	"GenBank"	"genomic DNA"	"circular"	127780	127780	TRUE	40.2997	0	NA	"Bombyx mori"	NA	"Ibusuki"	"Japan:Fukuoka"	"2015"	"2024-04-06"	"2024-04-06"	"2024-04-06"	"2024-03-27"	NA	NA	NA	"ok_downloaded"
"OR271605"	"OR271605.1"	NA	"Mamestra configurata nucleopolyhedrovirus B"	"204440"	"Mamestra configurata nucleopolyhedrovirus B"	"no rank"	"Alphabaculovirus sp. 'altermaconfiguratae'"	"3048196"	"Alphabaculovirus"	"Baculoviridae"	"Viruses; Naldaviricetes; Lefavirales; Baculoviridae; Alphabaculovirus; unclassified Alphabaculovirus; Alphabaculovirus sp. 'altermaconfiguratae'"	"Mamestra configurata nucleopolyhedrovirus B isolate MabrNPV-De, complete genome"	"insd"	"GenBank"	"genomic DNA"	"circular"	152272	152272	TRUE	40.1689	0	NA	"Mamestra brassicae"	NA	"MabrNPV-De"	"Germany: Heidelberg"	NA	"2024-01-17"	"2024-02-08"	"2024-02-08"	"2023-07-13"	NA	NA	NA	"ok_downloaded"
"OR184844"	"OR184844.1"	NA	"Mamestra configurata nucleopolyhedrovirus B"	"204440"	"Mamestra configurata nucleopolyhedrovirus B"	"no rank"	"Alphabaculovirus sp. 'altermaconfiguratae'"	"3048196"	"Alphabaculovirus"	"Baculoviridae"	"Viruses; Naldaviricetes; Lefavirales; Baculoviridae; Alphabaculovirus; unclassified Alphabaculovirus; Alphabaculovirus sp. 'altermaconfiguratae'"	"Mamestra configurata nucleopolyhedrovirus B isolate MacoNPV-B_Si, complete genome"	"insd"	"GenBank"	"genomic DNA"	"circular"	152176	152176	TRUE	40.1718	2	"RY"	"Mamestra brassicae"	NA	"MacoNPV-B_Si"	"Russia: Novosibirsk"	NA	"2024-01-17"	"2024-02-08"	"2024-02-08"	"2023-06-22"	NA	NA	NA	"ok_downloaded"
"OR184843"	"OR184843.1"	NA	"Mamestra configurata nucleopolyhedrovirus B"	"204440"	"Mamestra configurata nucleopolyhedrovirus B"	"no rank"	"Alphabaculovirus sp. 'altermaconfiguratae'"	"3048196"	"Alphabaculovirus"	"Baculoviridae"	"Viruses; Naldaviricetes; Lefavirales; Baculoviridae; Alphabaculovirus; unclassified Alphabaculovirus; Alphabaculovirus sp. 'altermaconfiguratae'"	"Mamestra configurata nucleopolyhedrovirus B isolate MacoNPV-B_Nl, complete genome"	"insd"	"GenBank"	"genomic DNA"	"circular"	152711	152711	TRUE	39.8956	0	NA	"Mamestra brassicae"	NA	"MacoNPV-B_Nl"	"Netherlands: Wageningen"	NA	"2024-01-17"	"2024-02-08"	"2024-02-08"	"2023-06-22"	NA	NA	NA	"ok_downloaded"
"OR184842"	"OR184842.1"	NA	"Mamestra configurata nucleopolyhedrovirus A"	"207830"	"Mamestra configurata nucleopolyhedrovirus A"	"no rank"	"Alphabaculovirus maconfiguratae"	"3048195"	"Alphabaculovirus"	"Baculoviridae"	"Viruses; Naldaviricetes; Lefavirales; Baculoviridae; Alphabaculovirus; Alphabaculovirus maconfiguratae"	"Mamestra configurata nucleopolyhedrovirus A isolate MacoNPV-A_Uk, complete genome"	"insd"	"GenBank"	"genomic DNA"	"circular"	154656	154656	TRUE	41.3472	0	NA	"Mamestra brassicae"	NA	"MacoNPV-A_Uk"	"Moldova: Kishinev"	NA	"2024-01-17"	"2024-02-08"	"2024-02-08"	"2023-06-22"	NA	NA	NA	"ok_downloaded"
"OR184841"	"OR184841.1"	NA	"Mamestra configurata nucleopolyhedrovirus A"	"207830"	"Mamestra configurata nucleopolyhedrovirus A"	"no rank"	"Alphabaculovirus maconfiguratae"	"3048195"	"Alphabaculovirus"	"Baculoviridae"	"Viruses; Naldaviricetes; Lefavirales; Baculoviridae; Alphabaculovirus; Alphabaculovirus maconfiguratae"	"Mamestra configurata nucleopolyhedrovirus A isolate MacoNPV-A_Bu, complete genome"	"insd"	"GenBank"	"genomic DNA"	"circular"	152893	152893	TRUE	41.3943	0	NA	"Mamestra brassicae"	NA	"MacoNPV-A_Bu"	"Bulgaria: Kostinbrod"	NA	"2024-01-17"	"2024-02-08"	"2024-02-08"	"2023-06-22"	NA	NA	NA	"ok_downloaded"
"MN395659"	"MN395659.1"	NA	"Mamestra configurata nucleopolyhedrovirus A"	"207830"	"Mamestra configurata nucleopolyhedrovirus A"	"no rank"	"Alphabaculovirus maconfiguratae"	"3048195"	"Alphabaculovirus"	"Baculoviridae"	"Viruses; Naldaviricetes; Lefavirales; Baculoviridae; Alphabaculovirus; Alphabaculovirus maconfiguratae"	"Mamestra configurata nucleopolyhedrovirus A isolate Ls, complete genome"	"insd"	"GenBank"	"genomic DNA"	"circular"	157635	157635	TRUE	41.7623	0	NA	"Laconobia subjuncta"	NA	"Ls"	"USA"	"Aug-2000"	"2020-08-26"	"2024-02-08"	"2024-02-08"	"2019-08-29"	NA	NA	NA	"ok_downloaded"
"MN337871"	"MN337871.1"	NA	"Mamestra configurata nucleopolyhedrovirus B"	"204440"	"Mamestra configurata nucleopolyhedrovirus B"	"no rank"	"Alphabaculovirus sp. 'altermaconfiguratae'"	"3048196"	"Alphabaculovirus"	"Baculoviridae"	"Viruses; Naldaviricetes; Lefavirales; Baculoviridae; Alphabaculovirus; unclassified Alphabaculovirus; Alphabaculovirus sp. 'altermaconfiguratae'"	"Mamestra configurata nucleopolyhedrovirus B isolate SK256, complete genome"	"insd"	"GenBank"	"genomic DNA"	"circular"	153364	153364	TRUE	39.9807	0	NA	"Mamestra configurata"	NA	"SK256"	"Canada"	"Aug-2012"	"2020-08-26"	"2024-02-08"	"2024-02-08"	"2019-08-20"	NA	NA	NA	"ok_downloaded"
"MK252969"	"MK252969.1"	NA	"Mamestra configurata nucleopolyhedrovirus A"	"207830"	"Mamestra configurata nucleopolyhedrovirus A"	"no rank"	"Alphabaculovirus maconfiguratae"	"3048195"	"Alphabaculovirus"	"Baculoviridae"	"Viruses; Naldaviricetes; Lefavirales; Baculoviridae; Alphabaculovirus; Alphabaculovirus maconfiguratae"	"Mamestra configurata nucleopolyhedrovirus A isolate SK156, complete genome"	"insd"	"GenBank"	"genomic DNA"	"linear"	154900	154900	TRUE	41.4209	0	NA	"Mamestra configurata"	NA	"SK156"	"Canada"	"Aug-2012"	"2019-12-21"	"2024-02-08"	"2024-02-08"	"2018-12-03"	NA	NA	NA	"ok_downloaded"
"MK409385"	"MK409385.1"	NA	"Mamestra configurata nucleopolyhedrovirus A"	"207830"	"Mamestra configurata nucleopolyhedrovirus A"	"no rank"	"Alphabaculovirus maconfiguratae"	"3048195"	"Alphabaculovirus"	"Baculoviridae"	"Viruses; Naldaviricetes; Lefavirales; Baculoviridae; Alphabaculovirus; Alphabaculovirus maconfiguratae"	"Mamestra configurata nucleopolyhedrovirus A isolate AB260, complete genome"	"insd"	"GenBank"	"genomic DNA"	"linear"	154860	154860	TRUE	41.6925	0	NA	"Mamestra configurata"	NA	"AB260"	"Canada"	"Jul-2013"	"2019-08-24"	"2024-02-08"	"2024-02-08"	"2019-01-15"	NA	NA	NA	"ok_downloaded"
"PP171514"	"PP171514.1"	NA	"Calliteara abietis nucleopolyhedrovirus"	"3116515"	"Calliteara abietis nucleopolyhedrovirus"	"no rank"	"Alphabaculovirus calabietis"	"3702412"	"Alphabaculovirus"	"Baculoviridae"	"Viruses; Naldaviricetes; Lefavirales; Baculoviridae; Alphabaculovirus; Alphabaculovirus calabietis"	"Calliteara abietis nucleopolyhedrovirus isolate IOZ-23MG, complete genome"	"insd"	"GenBank"	"genomic DNA"	"circular"	177161	177161	TRUE	45.1262	0	NA	"Calliteara abietis"	NA	"IOZ-23MG"	"Mongolia: Bayan-Adraga"	"2023"	"2024-01-30"	"2024-01-30"	"2024-01-30"	"2024-01-18"	NA	NA	NA	"ok_downloaded"
"MF614691"	"MF614691.1"	NA	"Operophtera brumata nucleopolyhedrovirus"	"1046267"	"Operophtera brumata nucleopolyhedrovirus"	"no rank"	"Alphabaculovirus opbrumatae"	"3048235"	"Alphabaculovirus"	"Baculoviridae"	"Viruses; Naldaviricetes; Lefavirales; Baculoviridae; Alphabaculovirus; Alphabaculovirus opbrumatae"	"Operophtera brumata nucleopolyhedrovirus isolate OpbuNPV-MA, complete genome"	"insd"	"GenBank"	"genomic DNA"	"circular"	119054	119054	TRUE	39.8307	0	NA	"Operophtera brumata"	NA	"OpbuNPV-MA"	"USA: Massachusetts"	NA	"2017-12-11"	"2024-01-11"	"2024-01-11"	"2017-08-07"	NA	"NC_040621.1"	"NCBI ELink nuccore_nuccore_gbrs"	"ok_downloaded"
"PP048623"	"PP048623.1"	NA	"Bombyx mori nucleopolyhedrovirus"	"271108"	"Bombyx mori nucleopolyhedrovirus"	"no rank"	"Alphabaculovirus bomori"	"3047695"	"Alphabaculovirus"	"Baculoviridae"	"Viruses; Naldaviricetes; Lefavirales; Baculoviridae; Alphabaculovirus; Alphabaculovirus bomori"	"Bombyx mori nucleopolyhedrovirus isolate Th20, complete genome"	"insd"	"GenBank"	"genomic DNA"	"circular"	126644	126644	TRUE	40.1535	0	NA	"Bombyx mori"	NA	"Th20"	"Thailand"	"2019"	"2024-01-10"	"2024-01-10"	"2024-01-10"	"2023-12-21"	NA	NA	NA	"ok_downloaded"
"PP048622"	"PP048622.1"	NA	"Bombyx mori nucleopolyhedrovirus"	"271108"	"Bombyx mori nucleopolyhedrovirus"	"no rank"	"Alphabaculovirus bomori"	"3047695"	"Alphabaculovirus"	"Baculoviridae"	"Viruses; Naldaviricetes; Lefavirales; Baculoviridae; Alphabaculovirus; Alphabaculovirus bomori"	"Bombyx mori nucleopolyhedrovirus isolate Th18, complete genome"	"insd"	"GenBank"	"genomic DNA"	"circular"	125888	125888	TRUE	40.2437	0	NA	"Bombyx mori"	NA	"Th18"	"Thailand"	"2019"	"2024-01-10"	"2024-01-10"	"2024-01-10"	"2023-12-21"	NA	NA	NA	"ok_downloaded"
"PP048621"	"PP048621.1"	NA	"Bombyx mori nucleopolyhedrovirus"	"271108"	"Bombyx mori nucleopolyhedrovirus"	"no rank"	"Alphabaculovirus bomori"	"3047695"	"Alphabaculovirus"	"Baculoviridae"	"Viruses; Naldaviricetes; Lefavirales; Baculoviridae; Alphabaculovirus; Alphabaculovirus bomori"	"Bombyx mori nucleopolyhedrovirus isolate Th16, complete genome"	"insd"	"GenBank"	"genomic DNA"	"circular"	126189	126189	TRUE	40.1224	0	NA	"Bombyx mori"	NA	"Th16"	"Thailand"	"2019"	"2024-01-10"	"2024-01-10"	"2024-01-10"	"2023-12-21"	NA	NA	NA	"ok_downloaded"
"PP048620"	"PP048620.1"	NA	"Bombyx mori nucleopolyhedrovirus"	"271108"	"Bombyx mori nucleopolyhedrovirus"	"no rank"	"Alphabaculovirus bomori"	"3047695"	"Alphabaculovirus"	"Baculoviridae"	"Viruses; Naldaviricetes; Lefavirales; Baculoviridae; Alphabaculovirus; Alphabaculovirus bomori"	"Bombyx mori nucleopolyhedrovirus isolate Th15, complete genome"	"insd"	"GenBank"	"genomic DNA"	"circular"	126253	126253	TRUE	40.0371	0	NA	"Bombyx mori"	NA	"Th15"	"Thailand"	"2019"	"2024-01-10"	"2024-01-10"	"2024-01-10"	"2023-12-21"	NA	NA	NA	"ok_downloaded"
"PP048619"	"PP048619.1"	NA	"Bombyx mori nucleopolyhedrovirus"	"271108"	"Bombyx mori nucleopolyhedrovirus"	"no rank"	"Alphabaculovirus bomori"	"3047695"	"Alphabaculovirus"	"Baculoviridae"	"Viruses; Naldaviricetes; Lefavirales; Baculoviridae; Alphabaculovirus; Alphabaculovirus bomori"	"Bombyx mori nucleopolyhedrovirus isolate Th13, complete genome"	"insd"	"GenBank"	"genomic DNA"	"circular"	126657	126657	TRUE	40.0065	0	NA	"Bombyx mori"	NA	"Th13"	"Thailand"	"2019"	"2024-01-10"	"2024-01-10"	"2024-01-10"	"2023-12-21"	NA	NA	NA	"ok_downloaded"
"PP048618"	"PP048618.1"	NA	"Bombyx mori nucleopolyhedrovirus"	"271108"	"Bombyx mori nucleopolyhedrovirus"	"no rank"	"Alphabaculovirus bomori"	"3047695"	"Alphabaculovirus"	"Baculoviridae"	"Viruses; Naldaviricetes; Lefavirales; Baculoviridae; Alphabaculovirus; Alphabaculovirus bomori"	"Bombyx mori nucleopolyhedrovirus isolate Th12, complete genome"	"insd"	"GenBank"	"genomic DNA"	"circular"	126783	126783	TRUE	40.2325	0	NA	"Bombyx mori"	NA	"Th12"	"Thailand"	"2019"	"2024-01-10"	"2024-01-10"	"2024-01-10"	"2023-12-21"	NA	NA	NA	"ok_downloaded"
"PP048617"	"PP048617.1"	NA	"Bombyx mori nucleopolyhedrovirus"	"271108"	"Bombyx mori nucleopolyhedrovirus"	"no rank"	"Alphabaculovirus bomori"	"3047695"	"Alphabaculovirus"	"Baculoviridae"	"Viruses; Naldaviricetes; Lefavirales; Baculoviridae; Alphabaculovirus; Alphabaculovirus bomori"	"Bombyx mori nucleopolyhedrovirus isolate Th4, complete genome"	"insd"	"GenBank"	"genomic DNA"	"circular"	125939	125939	TRUE	40.1043	0	NA	"Bombyx mori"	NA	"Th4"	"Thailand"	"2019"	"2024-01-10"	"2024-01-10"	"2024-01-10"	"2023-12-21"	NA	NA	NA	"ok_downloaded"
"PP048616"	"PP048616.1"	NA	"Bombyx mori nucleopolyhedrovirus"	"271108"	"Bombyx mori nucleopolyhedrovirus"	"no rank"	"Alphabaculovirus bomori"	"3047695"	"Alphabaculovirus"	"Baculoviridae"	"Viruses; Naldaviricetes; Lefavirales; Baculoviridae; Alphabaculovirus; Alphabaculovirus bomori"	"Bombyx mori nucleopolyhedrovirus isolate Th2, complete genome"	"insd"	"GenBank"	"genomic DNA"	"circular"	126575	126575	TRUE	40.0514	0	NA	"Bombyx mori"	NA	"Th2"	"Thailand"	"2019"	"2024-01-10"	"2024-01-10"	"2024-01-10"	"2023-12-21"	NA	NA	NA	"ok_downloaded"
"OP426321"	"OP426321.2"	NA	"Neodiprion sertifer nucleopolyhedrovirus"	"111874"	"Neodiprion sertifer nucleopolyhedrovirus"	"no rank"	"Gammabaculovirus nesertiferis"	"3048222"	"Gammabaculovirus"	"Baculoviridae"	"Viruses; Naldaviricetes; Lefavirales; Baculoviridae; Gammabaculovirus; Gammabaculovirus nesertiferis"	"Neodiprion sertifer nucleopolyhedrovirus isolate TR, complete genome"	"insd"	"GenBank"	"genomic DNA"	"not-set"	82052	82052	TRUE	33.2777	0	NA	"Neodiprion sertifer"	NA	"TR"	"Turkey"	"30-Jul-2014"	"2022-11-15"	"2023-12-27"	"2023-12-27"	"2022-09-13"	NA	NA	NA	"ok_downloaded"
"LC790006"	"LC790006.1"	NA	"Bombyx mori nucleopolyhedrovirus"	"271108"	"Bombyx mori nucleopolyhedrovirus"	"no rank"	"Alphabaculovirus bomori"	"3047695"	"Alphabaculovirus"	"Baculoviridae"	"Viruses; Naldaviricetes; Lefavirales; Baculoviridae; Alphabaculovirus; Alphabaculovirus bomori"	"Bombyx mori nucleopolyhedrovirus Hakozaki DNA, complete genome"	"insd"	"GenBank"	"genomic DNA"	"circular"	127783	127783	TRUE	40.2996	0	NA	"Bombyx mori"	NA	"Hakozaki"	"Japan:Fukuoka"	"2015"	"2023-12-09"	"2023-12-09"	"2023-12-09"	"2023-12-04"	NA	NA	NA	"ok_downloaded"
"OR819345"	"OR819345.1"	NA	"Cnaphalocrocis medinalis granulovirus"	"1750712"	"Cnaphalocrocis medinalis granulovirus"	"no rank"	"Betabaculovirus cnamedinalis"	"3047765"	"Betabaculovirus"	"Baculoviridae"	"Viruses; Naldaviricetes; Lefavirales; Baculoviridae; Betabaculovirus; Betabaculovirus cnamedinalis"	"Cnaphalocrocis medinalis granulovirus isolate EPDH3, complete genome"	"insd"	"GenBank"	"genomic DNA"	"circular"	112286	112286	TRUE	35.1192	0	NA	"Cnaphalocrocis medinalis"	NA	"EPDH3"	"China"	"May-2014"	"2023-12-06"	"2023-12-06"	"2023-12-06"	"2023-11-15"	NA	NA	NA	"ok_downloaded"
"KU593505"	"KU593505.2"	NA	"Cnaphalocrocis medinalis granulovirus"	"1750712"	"Cnaphalocrocis medinalis granulovirus"	"no rank"	"Betabaculovirus cnamedinalis"	"3047765"	"Betabaculovirus"	"Baculoviridae"	"Viruses; Naldaviricetes; Lefavirales; Baculoviridae; Betabaculovirus; Betabaculovirus cnamedinalis"	"Cnaphalocrocis medinalis granulovirus strain Enping, complete genome"	"insd"	"GenBank"	"genomic DNA"	"circular"	111248	111248	TRUE	35.1836	0	NA	NA	"Enping"	NA	"China"	"1979"	"2016-02-16"	"2023-11-15"	"2023-11-15"	"2016-01-25"	NA	"NC_029304.2"	"NCBI ELink nuccore_nuccore_gbrs"	"ok_downloaded"
"OR557577"	"OR557577.1"	NA	"Spodoptera litura nucleopolyhedrovirus"	"46242"	"Spodoptera litura nucleopolyhedrovirus"	"no rank"	"Alphabaculovirus spliturae"	"3048338"	"Alphabaculovirus"	"Baculoviridae"	"Viruses; Naldaviricetes; Lefavirales; Baculoviridae; Alphabaculovirus; Alphabaculovirus spliturae"	"Spodoptera litura nucleopolyhedrovirus isolate SpltMNPV-KY, complete genome"	"insd"	"GenBank"	"genomic DNA"	"circular"	137803	137803	TRUE	42.8655	0	NA	"Spodoptera litura"	NA	"SpltMNPV-KY"	"China"	"Jun-2020"	"2023-10-21"	"2023-10-21"	"2023-10-21"	"2023-09-14"	NA	NA	NA	"ok_downloaded"
"OR290105"	"OR290105.1"	NA	"Alphabaculovirus mabrassicae"	"3048194"	"Alphabaculovirus mabrassicae"	"species"	"Alphabaculovirus mabrassicae"	"3048194"	"Alphabaculovirus"	"Baculoviridae"	"Viruses; Naldaviricetes; Lefavirales; Baculoviridae; Alphabaculovirus"	"Alphabaculovirus mabrassicae strain QD, complete genome"	"insd"	"GenBank"	"genomic DNA"	"circular"	153032	153032	TRUE	40.1628	0	NA	"Mamestra brassicae"	"QD"	NA	"China: Shandong"	"2021"	"2023-09-20"	"2023-09-20"	"2023-09-20"	"2023-07-14"	NA	NA	NA	"ok_downloaded"
"MN233792"	"MN233792.1"	NA	"Artaxa digramma nucleopolyhedrovirus"	"3070910"	"Artaxa digramma nucleopolyhedrovirus"	"no rank"	"Alphabaculovirus ardigrammae"	"2955238"	"Alphabaculovirus"	"Baculoviridae"	"Viruses; Naldaviricetes; Lefavirales; Baculoviridae; Alphabaculovirus; Alphabaculovirus ardigrammae"	"Artaxa digramma nucleopolyhedrovirus isolate 424, complete genome"	"insd"	"GenBank"	"genomic DNA"	"circular"	161734	161734	TRUE	39.3486	0	NA	NA	NA	"424"	"China: Guizhou"	"1986"	"2020-01-11"	"2023-09-20"	"2023-09-20"	"2019-07-25"	NA	"NC_076728.1"	"NCBI ELink nuccore_nuccore_gbrs"	"ok_downloaded"
"OQ161618"	"OQ161618.1"	NA	"Helicoverpa SNPV AC53"	"1569367"	"Helicoverpa SNPV AC53"	"no rank"	"Alphabaculovirus helarmigerae"	"3047947"	"Alphabaculovirus"	"Baculoviridae"	"Viruses; Naldaviricetes; Lefavirales; Baculoviridae; Alphabaculovirus; Alphabaculovirus helarmigerae; Helicoverpa armigera nucleopolyhedrovirus"	"Helicoverpa SNPV AC53 isolate F5S, complete genome"	"insd"	"GenBank"	"genomic DNA"	"circular"	130434	130434	TRUE	39.1171	0	NA	"Helicoverpa sp."	NA	"F5S"	"Australia"	"18-Nov-2016"	"2023-06-19"	"2023-06-19"	"2023-06-19"	"2023-01-02"	NA	NA	NA	"ok_downloaded"
"OQ161617"	"OQ161617.1"	NA	"Helicoverpa SNPV AC53"	"1569367"	"Helicoverpa SNPV AC53"	"no rank"	"Alphabaculovirus helarmigerae"	"3047947"	"Alphabaculovirus"	"Baculoviridae"	"Viruses; Naldaviricetes; Lefavirales; Baculoviridae; Alphabaculovirus; Alphabaculovirus helarmigerae; Helicoverpa armigera nucleopolyhedrovirus"	"Helicoverpa SNPV AC53 isolate F5M, complete genome"	"insd"	"GenBank"	"genomic DNA"	"circular"	130410	130410	TRUE	39.1197	0	NA	"Helicoverpa sp."	NA	"F5M"	"Australia"	"18-Nov-2016"	"2023-06-19"	"2023-06-19"	"2023-06-19"	"2023-01-02"	NA	NA	NA	"ok_downloaded"
"OQ161616"	"OQ161616.1"	NA	"Helicoverpa SNPV AC53"	"1569367"	"Helicoverpa SNPV AC53"	"no rank"	"Alphabaculovirus helarmigerae"	"3047947"	"Alphabaculovirus"	"Baculoviridae"	"Viruses; Naldaviricetes; Lefavirales; Baculoviridae; Alphabaculovirus; Alphabaculovirus helarmigerae; Helicoverpa armigera nucleopolyhedrovirus"	"Helicoverpa SNPV AC53 isolate F5F, complete genome"	"insd"	"GenBank"	"genomic DNA"	"circular"	130433	130433	TRUE	39.122	0	NA	"Helicoverpa sp."	NA	"F5F"	"Australia"	"18-Nov-2016"	"2023-06-19"	"2023-06-19"	"2023-06-19"	"2023-01-02"	NA	NA	NA	"ok_downloaded"
"OQ161615"	"OQ161615.1"	NA	"Helicoverpa SNPV AC53"	"1569367"	"Helicoverpa SNPV AC53"	"no rank"	"Alphabaculovirus helarmigerae"	"3047947"	"Alphabaculovirus"	"Baculoviridae"	"Viruses; Naldaviricetes; Lefavirales; Baculoviridae; Alphabaculovirus; Alphabaculovirus helarmigerae; Helicoverpa armigera nucleopolyhedrovirus"	"Helicoverpa SNPV AC53 isolate F4S, complete genome"	"insd"	"GenBank"	"genomic DNA"	"circular"	130434	130434	TRUE	39.1194	0	NA	"Helicoverpa sp."	NA	"F4S"	"Australia"	"18-Nov-2016"	"2023-06-19"	"2023-06-19"	"2023-06-19"	"2023-01-02"	NA	NA	NA	"ok_downloaded"
"OQ161614"	"OQ161614.1"	NA	"Helicoverpa SNPV AC53"	"1569367"	"Helicoverpa SNPV AC53"	"no rank"	"Alphabaculovirus helarmigerae"	"3047947"	"Alphabaculovirus"	"Baculoviridae"	"Viruses; Naldaviricetes; Lefavirales; Baculoviridae; Alphabaculovirus; Alphabaculovirus helarmigerae; Helicoverpa armigera nucleopolyhedrovirus"	"Helicoverpa SNPV AC53 isolate F4M, complete genome"	"insd"	"GenBank"	"genomic DNA"	"circular"	130413	130413	TRUE	39.1165	0	NA	"Helicoverpa sp."	NA	"F4M"	"Australia"	"18-Nov-2016"	"2023-06-19"	"2023-06-19"	"2023-06-19"	"2023-01-02"	NA	NA	NA	"ok_downloaded"
"OQ161613"	"OQ161613.1"	NA	"Helicoverpa SNPV AC53"	"1569367"	"Helicoverpa SNPV AC53"	"no rank"	"Alphabaculovirus helarmigerae"	"3047947"	"Alphabaculovirus"	"Baculoviridae"	"Viruses; Naldaviricetes; Lefavirales; Baculoviridae; Alphabaculovirus; Alphabaculovirus helarmigerae; Helicoverpa armigera nucleopolyhedrovirus"	"Helicoverpa SNPV AC53 isolate F4F, complete genome"	"insd"	"GenBank"	"genomic DNA"	"circular"	130433	130433	TRUE	39.122	0	NA	"Helicoverpa sp."	NA	"F4F"	"Australia"	"18-Nov-2016"	"2023-06-19"	"2023-06-19"	"2023-06-19"	"2023-01-02"	NA	NA	NA	"ok_downloaded"
"OQ161612"	"OQ161612.1"	NA	"Helicoverpa SNPV AC53"	"1569367"	"Helicoverpa SNPV AC53"	"no rank"	"Alphabaculovirus helarmigerae"	"3047947"	"Alphabaculovirus"	"Baculoviridae"	"Viruses; Naldaviricetes; Lefavirales; Baculoviridae; Alphabaculovirus; Alphabaculovirus helarmigerae; Helicoverpa armigera nucleopolyhedrovirus"	"Helicoverpa SNPV AC53 isolate F3S, complete genome"	"insd"	"GenBank"	"genomic DNA"	"circular"	130434	130434	TRUE	39.1171	0	NA	"Helicoverpa sp."	NA	"F3S"	"Australia"	"18-Nov-2016"	"2023-06-19"	"2023-06-19"	"2023-06-19"	"2023-01-02"	NA	NA	NA	"ok_downloaded"
"OQ161611"	"OQ161611.1"	NA	"Helicoverpa SNPV AC53"	"1569367"	"Helicoverpa SNPV AC53"	"no rank"	"Alphabaculovirus helarmigerae"	"3047947"	"Alphabaculovirus"	"Baculoviridae"	"Viruses; Naldaviricetes; Lefavirales; Baculoviridae; Alphabaculovirus; Alphabaculovirus helarmigerae; Helicoverpa armigera nucleopolyhedrovirus"	"Helicoverpa SNPV AC53 isolate F3M, complete genome"	"insd"	"GenBank"	"genomic DNA"	"circular"	130434	130434	TRUE	39.1209	0	NA	"Helicoverpa sp."	NA	"F3M"	"Australia"	"18-Nov-2016"	"2023-06-19"	"2023-06-19"	"2023-06-19"	"2023-01-02"	NA	NA	NA	"ok_downloaded"
"OQ161610"	"OQ161610.1"	NA	"Helicoverpa SNPV AC53"	"1569367"	"Helicoverpa SNPV AC53"	"no rank"	"Alphabaculovirus helarmigerae"	"3047947"	"Alphabaculovirus"	"Baculoviridae"	"Viruses; Naldaviricetes; Lefavirales; Baculoviridae; Alphabaculovirus; Alphabaculovirus helarmigerae; Helicoverpa armigera nucleopolyhedrovirus"	"Helicoverpa SNPV AC53 isolate F3F, complete genome"	"insd"	"GenBank"	"genomic DNA"	"circular"	130433	130433	TRUE	39.1238	1	"W"	"Helicoverpa sp."	NA	"F3F"	"Australia"	"18-Nov-2016"	"2023-06-19"	"2023-06-19"	"2023-06-19"	"2023-01-02"	NA	NA	NA	"ok_downloaded"
"OQ161609"	"OQ161609.1"	NA	"Helicoverpa SNPV AC53"	"1569367"	"Helicoverpa SNPV AC53"	"no rank"	"Alphabaculovirus helarmigerae"	"3047947"	"Alphabaculovirus"	"Baculoviridae"	"Viruses; Naldaviricetes; Lefavirales; Baculoviridae; Alphabaculovirus; Alphabaculovirus helarmigerae; Helicoverpa armigera nucleopolyhedrovirus"	"Helicoverpa SNPV AC53 isolate F2S, complete genome"	"insd"	"GenBank"	"genomic DNA"	"circular"	130434	130434	TRUE	39.114	0	NA	"Helicoverpa sp."	NA	"F2S"	"Australia"	"18-Nov-2016"	"2023-06-19"	"2023-06-19"	"2023-06-19"	"2023-01-02"	NA	NA	NA	"ok_downloaded"
"OQ161608"	"OQ161608.1"	NA	"Helicoverpa SNPV AC53"	"1569367"	"Helicoverpa SNPV AC53"	"no rank"	"Alphabaculovirus helarmigerae"	"3047947"	"Alphabaculovirus"	"Baculoviridae"	"Viruses; Naldaviricetes; Lefavirales; Baculoviridae; Alphabaculovirus; Alphabaculovirus helarmigerae; Helicoverpa armigera nucleopolyhedrovirus"	"Helicoverpa SNPV AC53 isolate F2M, complete genome"	"insd"	"GenBank"	"genomic DNA"	"circular"	130434	130434	TRUE	39.1194	0	NA	"Helicoverpa sp."	NA	"F2M"	"Australia"	"18-Nov-2016"	"2023-06-19"	"2023-06-19"	"2023-06-19"	"2023-01-02"	NA	NA	NA	"ok_downloaded"
"OQ161607"	"OQ161607.1"	NA	"Helicoverpa SNPV AC53"	"1569367"	"Helicoverpa SNPV AC53"	"no rank"	"Alphabaculovirus helarmigerae"	"3047947"	"Alphabaculovirus"	"Baculoviridae"	"Viruses; Naldaviricetes; Lefavirales; Baculoviridae; Alphabaculovirus; Alphabaculovirus helarmigerae; Helicoverpa armigera nucleopolyhedrovirus"	"Helicoverpa SNPV AC53 isolate F2F, complete genome"	"insd"	"GenBank"	"genomic DNA"	"circular"	130435	130435	TRUE	39.1183	0	NA	"Helicoverpa sp."	NA	"F2F"	"Australia"	"18-Nov-2016"	"2023-06-19"	"2023-06-19"	"2023-06-19"	"2023-01-02"	NA	NA	NA	"ok_downloaded"
"OQ161606"	"OQ161606.1"	NA	"Helicoverpa SNPV AC53"	"1569367"	"Helicoverpa SNPV AC53"	"no rank"	"Alphabaculovirus helarmigerae"	"3047947"	"Alphabaculovirus"	"Baculoviridae"	"Viruses; Naldaviricetes; Lefavirales; Baculoviridae; Alphabaculovirus; Alphabaculovirus helarmigerae; Helicoverpa armigera nucleopolyhedrovirus"	"Helicoverpa SNPV AC53 isolate F1S, complete genome"	"insd"	"GenBank"	"genomic DNA"	"circular"	130434	130434	TRUE	39.1171	0	NA	"Helicoverpa sp."	NA	"F1S"	"Australia"	"18-Nov-2016"	"2023-06-19"	"2023-06-19"	"2023-06-19"	"2023-01-02"	NA	NA	NA	"ok_downloaded"
"OQ161605"	"OQ161605.1"	NA	"Helicoverpa SNPV AC53"	"1569367"	"Helicoverpa SNPV AC53"	"no rank"	"Alphabaculovirus helarmigerae"	"3047947"	"Alphabaculovirus"	"Baculoviridae"	"Viruses; Naldaviricetes; Lefavirales; Baculoviridae; Alphabaculovirus; Alphabaculovirus helarmigerae; Helicoverpa armigera nucleopolyhedrovirus"	"Helicoverpa SNPV AC53 isolate F1M, complete genome"	"insd"	"GenBank"	"genomic DNA"	"circular"	130434	130434	TRUE	39.1186	0	NA	"Helicoverpa sp."	NA	"F1M"	"Australia"	"18-Nov-2016"	"2023-06-19"	"2023-06-19"	"2023-06-19"	"2023-01-02"	NA	NA	NA	"ok_downloaded"
"OQ161604"	"OQ161604.1"	NA	"Helicoverpa SNPV AC53"	"1569367"	"Helicoverpa SNPV AC53"	"no rank"	"Alphabaculovirus helarmigerae"	"3047947"	"Alphabaculovirus"	"Baculoviridae"	"Viruses; Naldaviricetes; Lefavirales; Baculoviridae; Alphabaculovirus; Alphabaculovirus helarmigerae; Helicoverpa armigera nucleopolyhedrovirus"	"Helicoverpa SNPV AC53 isolate F1F, complete genome"	"insd"	"GenBank"	"genomic DNA"	"circular"	130434	130434	TRUE	39.1148	0	NA	"Helicoverpa sp."	NA	"F1F"	"Australia"	"18-Nov-2016"	"2023-06-19"	"2023-06-19"	"2023-06-19"	"2023-01-02"	NA	NA	NA	"ok_downloaded"
"OK490347"	"OK490347.1"	NA	"Mamestra brassicae multiple nucleopolyhedrovirus"	"78219"	"Mamestra brassicae multiple nucleopolyhedrovirus"	"no rank"	"Alphabaculovirus mabrassicae"	"3048194"	"Alphabaculovirus"	"Baculoviridae"	"Viruses; Naldaviricetes; Lefavirales; Baculoviridae; Alphabaculovirus; Alphabaculovirus mabrassicae"	"Mamestra brassicae multiple nucleopolyhedrovirus strain CHN1, complete genome"	"insd"	"GenBank"	"genomic DNA"	"circular"	153882	153882	TRUE	40.0892	0	NA	"Mythimna separata"	"CHN1"	NA	"China"	"Aug-2019"	"2023-06-01"	"2023-06-01"	"2023-06-01"	"2021-10-12"	NA	NA	NA	"ok_downloaded"
"OP891564"	"OP891564.1"	NA	"Dasychira pudibunda nucleopolyhedrovirus"	"1684825"	"Dasychira pudibunda nucleopolyhedrovirus"	"species"	"Dasychira pudibunda nucleopolyhedrovirus"	"1684825"	"Alphabaculovirus"	"Baculoviridae"	"Viruses; Naldaviricetes; Lefavirales; Baculoviridae; Alphabaculovirus; unclassified Alphabaculovirus"	"Dasychira pudibunda nucleopolyhedrovirus isolate DapuNPV-T1, complete genome"	"insd"	"GenBank"	"genomic DNA"	"circular"	136920	136920	TRUE	54.4013	6	"SWY"	"Calliteara pudibunda"	NA	"DapuNPV-T1"	"Turkey"	"2019"	"2023-05-22"	"2023-05-22"	"2023-05-22"	"2022-11-23"	NA	NA	NA	"ok_downloaded"
"NC_077155"	"NC_077155.1"	NA	"Erannis ankeraria nucleopolyhedrovirus"	"2913600"	"Erannis ankeraria nucleopolyhedrovirus"	"no rank"	"Alphabaculovirus erankerariae"	"3059713"	"Alphabaculovirus"	"Baculoviridae"	"Viruses; Naldaviricetes; Lefavirales; Baculoviridae; Alphabaculovirus; Alphabaculovirus erankerariae"	"Erannis ankeraria nucleopolyhedrovirus, complete genome"	"refseq"	"RefSeq"	"genomic DNA"	"circular"	125247	125247	TRUE	34.8958	0	NA	"Erannis ankeraria Staudinger"	NA	"wlcb"	"China"	"Jun-2018"	"2023-05-04"	"2023-05-06"	"2023-05-06"	"2021-09-09"	NA	NA	NA	"ok_downloaded"
"NC_077147"	"NC_077147.1"	NA	"Olene mendosa nucleopolyhedrovirus"	"2933796"	"Olene mendosa nucleopolyhedrovirus"	"no rank"	"Alphabaculovirus olmendosae"	"3059714"	"Alphabaculovirus"	"Baculoviridae"	"Viruses; Naldaviricetes; Lefavirales; Baculoviridae; Alphabaculovirus; Alphabaculovirus olmendosae"	"Olene mendosa nucleopolyhedrovirus isolate 435, complete genome"	"refseq"	"RefSeq"	"genomic DNA"	"circular"	142291	142291	TRUE	53.8903	0	NA	"Olene mendosa"	NA	"435"	"India: Coimbatore"	"1973"	"2023-05-04"	"2023-05-06"	"2023-05-06"	"2021-08-10"	NA	NA	NA	"ok_downloaded"
"NC_077106"	"NC_077106.1"	NA	"Trabala vishnou gigantina nucleopolyhedrovirus"	"2863583"	"Trabala vishnou gigantina nucleopolyhedrovirus"	"no rank"	"Alphabaculovirus travishnous"	"3059716"	"Alphabaculovirus"	"Baculoviridae"	"Viruses; Naldaviricetes; Lefavirales; Baculoviridae; Alphabaculovirus; Alphabaculovirus travishnous"	"Trabala vishnou gigantina nucleopolyhedrovirus, complete genome"	"refseq"	"RefSeq"	"genomic DNA"	"circular"	165657	165657	TRUE	40.3267	0	NA	"Trabala vishnou gigantina"	"wuqi"	NA	"China"	"Jun-2011"	"2023-05-04"	"2023-05-06"	"2023-05-06"	"2021-02-18"	NA	NA	NA	"ok_downloaded"
"NC_076905"	"NC_076905.1"	NA	"Matsumuraeses phaseoli granulovirus"	"2760664"	"Matsumuraeses phaseoli granulovirus"	"no rank"	"Betabaculovirus maphaseoli"	"2955431"	"Betabaculovirus"	"Baculoviridae"	"Viruses; Naldaviricetes; Lefavirales; Baculoviridae; Betabaculovirus; Betabaculovirus maphaseoli"	"Matsumuraeses phaseoli granulovirus strain IOZ01, complete genome"	"refseq"	"RefSeq"	"genomic DNA"	"circular"	116875	116875	TRUE	37.179	0	NA	"Matsumuraeses phaseoli"	"IOZ01"	NA	"China: Min country, Gansu Province"	"21-Sep-2019"	"2023-05-04"	"2023-05-06"	"2023-05-06"	"2020-08-04"	NA	NA	NA	"ok_downloaded"
"NC_077025"	"NC_077025.1"	NA	"Chrysodeixis includens nucleopolyhedrovirus"	"1207438"	"Chrysodeixis includens nucleopolyhedrovirus"	"no rank"	"Alphabaculovirus alterchrincludentis"	"3047754"	"Alphabaculovirus"	"Baculoviridae"	"Viruses; Naldaviricetes; Lefavirales; Baculoviridae; Alphabaculovirus; Alphabaculovirus alterchrincludentis"	"Chrysodeixis includens nucleopolyhedrovirus isolate ChinNPV-1, complete genome"	"refseq"	"RefSeq"	"genomic DNA"	"circular"	130540	130540	TRUE	37.2821	0	NA	"Chrysodeixis includens"	NA	"ChinNPV-1"	NA	NA	"2023-05-04"	"2023-05-05"	"2023-05-05"	"2019-04-02"	NA	NA	NA	"ok_downloaded"
"NC_076869"	"NC_076869.1"	NA	"Spodoptera eridania nucleopolyhedrovirus"	"2315721"	"Spodoptera eridania nucleopolyhedrovirus"	"no rank"	"Alphabaculovirus speridaniae"	"3078442"	"Alphabaculovirus"	"Baculoviridae"	"Viruses; Naldaviricetes; Lefavirales; Baculoviridae; Alphabaculovirus; Alphabaculovirus speridaniae"	"Spodoptera eridania nucleopolyhedrovirus isolate CNPSo-165, complete genome"	"refseq"	"RefSeq"	"genomic DNA"	"circular"	137373	137373	TRUE	42.8069	12	"KRWY"	"Spodoptera eridania"	NA	"CNPSo-165"	"Brazil"	"2011"	"2023-05-04"	"2023-05-05"	"2023-05-05"	"2020-02-07"	NA	NA	NA	"ok_downloaded"
"NC_076728"	"NC_076728.1"	NA	"Euproctis digramma nucleopolyhedrovirus"	"307466"	"Euproctis digramma nucleopolyhedrovirus"	"species"	"Euproctis digramma nucleopolyhedrovirus"	"307466"	"Alphabaculovirus"	"Baculoviridae"	"Viruses; Naldaviricetes; Lefavirales; Baculoviridae; Alphabaculovirus; unclassified Alphabaculovirus"	"Euproctis digramma nucleopolyhedrovirus, complete genome"	"refseq"	"RefSeq"	"genomic DNA"	"circular"	161734	161734	TRUE	39.3486	0	NA	NA	"424"	NA	"China: Guizhou"	"1986"	"2023-05-04"	"2023-05-05"	"2023-05-05"	"2019-07-25"	NA	NA	NA	"ok_downloaded"
"NC_076692"	"NC_076692.1"	NA	"Dione juno nucleopolyhedrovirus"	"2594175"	"Dione juno nucleopolyhedrovirus"	"no rank"	"Alphabaculovirus dijunonis"	"2955239"	"Alphabaculovirus"	"Baculoviridae"	"Viruses; Naldaviricetes; Lefavirales; Baculoviridae; Alphabaculovirus; Alphabaculovirus dijunonis"	"Dione juno nucleopolyhedrovirus, complete genome"	"refseq"	"RefSeq"	"genomic DNA"	"circular"	122075	122075	TRUE	50.866	82	"KMNRSWY"	"Dione juno"	NA	"Araguari-MG"	"Brazil"	"1983"	"2023-05-04"	"2023-05-05"	"2023-05-05"	"2019-02-21"	NA	NA	NA	"ok_downloaded"
"NC_076682"	"NC_076682.1"	NA	"Rachiplusia nu nucleopolyhedrovirus"	"2605775"	"Rachiplusia nu nucleopolyhedrovirus"	"no rank"	"Alphabaculovirus ranus"	"2955240"	"Alphabaculovirus"	"Baculoviridae"	"Viruses; Naldaviricetes; Lefavirales; Baculoviridae; Alphabaculovirus; Alphabaculovirus ranus"	"Rachiplusia nu nucleopolyhedrovirus isolate VPN54, complete genome"	"refseq"	"RefSeq"	"genomic DNA"	"circular"	128587	128587	TRUE	37.8617	6	"RY"	"Rachiplusia nu"	NA	"VPN54"	"Brazil"	"1989"	"2023-05-04"	"2023-05-05"	"2023-05-05"	"2019-01-21"	NA	NA	NA	"ok_downloaded"
"NC_076652"	"NC_076652.1"	NA	"Hyphantria cunea granulovirus"	"307448"	"Hyphantria cunea granulovirus"	"no rank"	"Betabaculovirus hycuneae"	"3051998"	"Betabaculovirus"	"Baculoviridae"	"Viruses; Naldaviricetes; Lefavirales; Baculoviridae; Betabaculovirus; Betabaculovirus hycuneae"	"Hyphantria cunea granulovirus isolate Hc1, complete genome"	"refseq"	"RefSeq"	"genomic DNA"	"circular"	114825	114825	TRUE	39.301	1	"N"	"Hyphantria cunea"	NA	"Hc1"	"Turkey"	"04-Jul-2015"	"2023-05-04"	"2023-05-05"	"2023-05-05"	"2018-09-18"	NA	NA	NA	"ok_downloaded"
"NC_076246"	"NC_076246.1"	NA	"Spodoptera exigua multiple nucleopolyhedrovirus"	"10454"	"Spodoptera exigua multiple nucleopolyhedrovirus"	"species"	"Spodoptera exigua multiple nucleopolyhedrovirus"	"10454"	"Alphabaculovirus"	"Baculoviridae"	"Viruses; Naldaviricetes; Lefavirales; Baculoviridae; Alphabaculovirus; unclassified Alphabaculovirus"	"Spodoptera exigua multiple nucleopolyhedrovirus isolate SeMNPV-QD, complete genome"	"refseq"	"RefSeq"	"genomic DNA"	"circular"	128525	128525	TRUE	37.4114	0	NA	"Spodoptera exigua"	NA	"SeMNPV-QD"	"China"	"Oct-2009"	"2023-05-04"	"2023-05-05"	"2023-05-05"	"2018-05-16"	NA	NA	NA	"ok_downloaded"
"NC_076031"	"NC_076031.1"	NA	"Mythimna unipuncta nucleopolyhedrovirus"	"447897"	"Mythimna unipuncta nucleopolyhedrovirus"	"species"	"Mythimna unipuncta nucleopolyhedrovirus"	"447897"	"Alphabaculovirus"	"Baculoviridae"	"Viruses; Naldaviricetes; Lefavirales; Baculoviridae; Alphabaculovirus; unclassified Alphabaculovirus"	"Mythimna unipuncta nucleopolyhedrovirus strain KY310, complete genome"	"refseq"	"RefSeq"	"genomic DNA"	"circular"	156647	156647	TRUE	43.8968	0	NA	"Mythimna unipuncta"	"KY310"	NA	"USA: Kentucky"	"Mar-2010"	"2023-05-04"	"2023-05-05"	"2023-05-05"	"2018-03-26"	NA	NA	NA	"ok_downloaded"
"NC_004323"	"NC_004323.1"	NA	"Rachiplusia ou multiple nucleopolyhedrovirus"	"80366"	"Rachiplusia ou multiple nucleopolyhedrovirus"	"no rank"	"Alphabaculovirus raous"	"3059715"	"Alphabaculovirus"	"Baculoviridae"	"Viruses; Naldaviricetes; Lefavirales; Baculoviridae; Alphabaculovirus; Alphabaculovirus raous"	"Rachiplusia ou multiple nucleopolyhedrovirus, complete genome"	"refseq"	"RefSeq"	"genomic DNA"	"circular"	131526	131526	TRUE	39.0972	0	NA	NA	NA	NA	NA	NA	"2002-10-02"	"2023-05-05"	"2023-05-05"	"2002-08-28"	NA	NA	NA	"ok_downloaded"
"NC_029304"	"NC_029304.2"	NA	"Cnaphalocrocis medinalis granulovirus"	"1750712"	"Cnaphalocrocis medinalis granulovirus"	"no rank"	"Betabaculovirus cnamedinalis"	"3047765"	"Betabaculovirus"	"Baculoviridae"	"Viruses; Naldaviricetes; Lefavirales; Baculoviridae; Betabaculovirus; Betabaculovirus cnamedinalis"	"Cnaphalocrocis medinalis granulovirus strain Enping, complete genome"	"refseq"	"RefSeq"	"genomic DNA"	"circular"	111248	111248	TRUE	35.1836	0	NA	NA	"Enping"	NA	"China"	"1979"	"2016-02-22"	"2023-04-16"	"2023-04-16"	"2016-01-25"	NA	NA	NA	"ok_downloaded"
"OP589943"	"OP589943.1"	NA	"Betabaculovirus sp."	"2809186"	"Betabaculovirus sp."	"species"	"Betabaculovirus sp."	"2809186"	"Betabaculovirus"	"Baculoviridae"	"Viruses; Naldaviricetes; Lefavirales; Baculoviridae; Betabaculovirus; unclassified Betabaculovirus"	"MAG: Betabaculovirus sp. isolate CafeGV1, complete genome"	"insd"	"GenBank"	"genomic DNA"	"circular"	107139	107139	TRUE	36.1991	37	"KMNRSWY"	"Callithrix jacchus"	NA	"CafeGV1"	"Brazil"	"2019"	"2022-10-19"	"2023-01-25"	"2023-01-25"	"2022-09-20"	NA	NA	NA	"ok_downloaded"
"MW380417"	"MW380417.1"	NA	"Mythimna sequax nucleopolyhedrovirus"	"3016338"	"Mythimna sequax nucleopolyhedrovirus"	"no rank"	"Alphabaculovirus mysequacis"	"3702413"	"Alphabaculovirus"	"Baculoviridae"	"Viruses; Naldaviricetes; Lefavirales; Baculoviridae; Alphabaculovirus; Alphabaculovirus mysequacis"	"Mythimna sequax nucleopolyhedrovirus isolate CNPSo-98, complete genome"	"insd"	"GenBank"	"genomic DNA"	"circular"	148412	148412	TRUE	40.2726	11	"KRWY"	"Mythimna sequax"	NA	"CNPSo-98"	"Brazil"	"1983"	"2023-01-02"	"2023-01-02"	"2023-01-02"	"2020-12-16"	NA	NA	NA	"ok_downloaded"
"NC_038375"	"NC_038375.1"	NA	"Trichoplusia ni granulovirus LBIV-12"	"1916701"	"Trichoplusia ni granulovirus LBIV-12"	"no rank"	"Betabaculovirus trini"	"3048435"	"Betabaculovirus"	"Baculoviridae"	"Viruses; Naldaviricetes; Lefavirales; Baculoviridae; Betabaculovirus; unclassified Betabaculovirus; Betabaculovirus trini; Trichoplusia ni granulovirus"	"Trichoplusia ni granulovirus LBIV-12, complete genome"	"refseq"	"RefSeq"	"genomic DNA"	"circular"	175360	175360	TRUE	39.8085	3	"W"	"Trichoplusia ni"	NA	"LBIV-12"	"USA"	"13-Jan-1997"	"2018-08-24"	"2022-12-24"	"2022-12-24"	"2016-02-23"	NA	NA	NA	"ok_downloaded"
"OM802164"	"OM802164.1"	NA	"Lymantria dispar multiple nucleopolyhedrovirus"	"10449"	"Lymantria dispar multiple nucleopolyhedrovirus"	"no rank"	"Alphabaculovirus lydisparis"	"3048188"	"Alphabaculovirus"	"Baculoviridae"	"Viruses; Naldaviricetes; Lefavirales; Baculoviridae; Alphabaculovirus; Alphabaculovirus lydisparis"	"UNVERIFIED: Lymantria dispar multiple nucleopolyhedrovirus isolate LdMNPV_Bingol, complete genome"	"insd"	"GenBank"	"genomic DNA"	"circular"	162528	162528	TRUE	57.2852	371	"N"	"Lymantria dispar"	NA	"LdMNPV_Bingol"	"Turkey"	"2012"	"2022-12-14"	"2022-12-14"	"2022-12-14"	"2022-02-09"	NA	NA	NA	"ok_downloaded"
"OM802163"	"OM802163.1"	NA	"Lymantria dispar multiple nucleopolyhedrovirus"	"10449"	"Lymantria dispar multiple nucleopolyhedrovirus"	"no rank"	"Alphabaculovirus lydisparis"	"3048188"	"Alphabaculovirus"	"Baculoviridae"	"Viruses; Naldaviricetes; Lefavirales; Baculoviridae; Alphabaculovirus; Alphabaculovirus lydisparis"	"UNVERIFIED: Lymantria dispar multiple nucleopolyhedrovirus isolate LdMNPV_Trabzon, complete genome"	"insd"	"GenBank"	"genomic DNA"	"circular"	158495	158495	TRUE	57.5873	0	NA	"Lymantria dispar"	NA	"LdMNPV_Trabzon"	"Turkey"	"2013"	"2022-12-14"	"2022-12-14"	"2022-12-14"	"2022-02-09"	NA	NA	NA	"ok_downloaded"
"ON704650"	"ON704650.1"	NA	"Parapoynx stagnalis nucleopolyhedrovirus"	"2993413"	"Parapoynx stagnalis nucleopolyhedrovirus"	"no rank"	"Alphabaculovirus pastagnalis"	"3426090"	"Alphabaculovirus"	"Baculoviridae"	"Viruses; Naldaviricetes; Lefavirales; Baculoviridae; Alphabaculovirus; Alphabaculovirus pastagnalis"	"Parapoynx stagnalis nucleopolyhedrovirus isolate BCIPV-473, complete genome"	"insd"	"GenBank"	"genomic DNA"	"circular"	114833	114833	TRUE	34.1679	0	NA	"Parapoynx stagnalis"	NA	"BCIPV-473"	"India"	"29-Jan-1979"	"2022-11-12"	"2022-11-12"	"2022-11-12"	"2022-06-06"	NA	NA	NA	"ok_downloaded"
"MZ913724"	"MZ913724.1"	NA	"Darna trima granulovirus"	"2282495"	"Darna trima granulovirus"	"species"	"Darna trima granulovirus"	"2282495"	NA	"Baculoviridae"	"Viruses; Naldaviricetes; Lefavirales; Baculoviridae; unclassified Baculoviridae"	"UNVERIFIED: Darna trima granulovirus, complete genome"	"insd"	"GenBank"	"genomic DNA"	"circular"	103846	103846	TRUE	34.8487	0	NA	"Darna trima"	NA	NA	"China: Chongqing"	"2015"	"2022-11-06"	"2022-11-06"	"2022-11-06"	"2021-08-24"	NA	NA	NA	"ok_downloaded"
"OK181759"	"OK181759.1"	NA	"Ectropis obliqua nucleopolyhedrovirus"	"59376"	"Ectropis obliqua nucleopolyhedrovirus"	"no rank"	"Alphabaculovirus ecobliquae"	"3047815"	"Alphabaculovirus"	"Baculoviridae"	"Viruses; Naldaviricetes; Lefavirales; Baculoviridae; Alphabaculovirus; Alphabaculovirus ecobliquae"	"Ectropis obliqua nucleopolyhedrovirus strain QV, complete genome"	"insd"	"GenBank"	"genomic DNA"	"circular"	132043	132043	TRUE	37.5128	0	NA	"Ectropis sp."	"QV"	NA	"China"	"01-Jan-2017"	"2022-10-29"	"2022-10-29"	"2022-10-29"	"2021-09-16"	NA	NA	NA	"ok_downloaded"
"ON803509"	"ON803509.1"	NA	"Psilogramma increta granulovirus"	"2953508"	"Psilogramma increta granulovirus"	"no rank"	"Betabaculovirus psincretae"	"3427159"	"Betabaculovirus"	"Baculoviridae"	"Viruses; Naldaviricetes; Lefavirales; Baculoviridae; Betabaculovirus; Betabaculovirus psincretae"	"Psilogramma increta granulovirus strain GZ, complete genome"	"insd"	"GenBank"	"genomic DNA"	"circular"	103721	103721	TRUE	32.9683	0	NA	"Psilogramma increta"	"GZ"	NA	"China"	"15-May-1984"	"2022-10-12"	"2022-10-12"	"2022-10-12"	"2022-06-17"	NA	NA	NA	"ok_downloaded"
"OM746694"	"OM746694.1"	NA	"Spodoptera exigua multiple nucleopolyhedrovirus"	"10454"	"Spodoptera exigua multiple nucleopolyhedrovirus"	"species"	"Spodoptera exigua multiple nucleopolyhedrovirus"	"10454"	"Alphabaculovirus"	"Baculoviridae"	"Viruses; Naldaviricetes; Lefavirales; Baculoviridae; Alphabaculovirus; unclassified Alphabaculovirus"	"Spodoptera exigua multiple nucleopolyhedrovirus isolate K1, complete genome"	"insd"	"GenBank"	"genomic DNA"	"circular"	135756	135756	TRUE	43.8006	0	NA	"Spodoptera exigua"	NA	"K1"	"Korea"	"Oct-2010"	"2022-09-13"	"2022-09-13"	"2022-09-13"	"2022-02-17"	NA	NA	NA	"ok_downloaded"
"OL685370"	"OL685370.1"	NA	"Palpita vitrealis nucleopolyhedrovirus"	"2951960"	"Palpita vitrealis nucleopolyhedrovirus"	"no rank"	"Alphabaculovirus pavitrealis"	"3426091"	"Alphabaculovirus"	"Baculoviridae"	"Viruses; Naldaviricetes; Lefavirales; Baculoviridae; Alphabaculovirus; Alphabaculovirus pavitrealis"	"Palpita vitrealis nucleopolyhedrovirus isolate Giza 2005, complete genome"	"insd"	"GenBank"	"genomic DNA"	"circular"	117553	117553	TRUE	35.164	1	"N"	"Palpita vitrealis"	NA	"Giza 2005"	"Egypt"	"2005"	"2022-06-18"	"2022-06-18"	"2022-06-18"	"2021-11-28"	NA	NA	NA	"ok_downloaded"
"MZ290131"	"MZ290131.1"	NA	"Spodoptera litura nucleopolyhedrovirus"	"46242"	"Spodoptera litura nucleopolyhedrovirus"	"no rank"	"Alphabaculovirus spliturae"	"3048338"	"Alphabaculovirus"	"Baculoviridae"	"Viruses; Naldaviricetes; Lefavirales; Baculoviridae; Alphabaculovirus; Alphabaculovirus spliturae"	"Spodoptera litura nucleopolyhedrovirus, complete genome"	"insd"	"GenBank"	"genomic DNA"	"circular"	137699	137699	TRUE	42.8921	0	NA	"Spodoptera litura"	"WV108"	NA	"China"	"05-Aug-1984"	"2022-05-24"	"2022-05-24"	"2022-05-24"	"2021-05-24"	NA	NA	NA	"ok_downloaded"
"MW306663"	"MW306663.1"	NA	"Pieris rapae granulovirus"	"252584"	"Pieris rapae granulovirus"	"species"	"Pieris rapae granulovirus"	"252584"	"Betabaculovirus"	"Baculoviridae"	"Viruses; Naldaviricetes; Lefavirales; Baculoviridae; Betabaculovirus; unclassified Betabaculovirus"	"Pieris rapae granulovirus strain WV1010, complete genome"	"insd"	"GenBank"	"genomic DNA"	"circular"	109128	109128	TRUE	33.1629	0	NA	"Pieris rapae"	"WV1010"	NA	"China"	"05-Aug-1984"	"2022-04-17"	"2022-04-17"	"2022-04-17"	"2020-11-27"	NA	NA	NA	"ok_downloaded"
"MZ766431"	"MZ766431.1"	NA	"Olene mendosa nucleopolyhedrovirus"	"2933796"	"Olene mendosa nucleopolyhedrovirus"	"no rank"	"Alphabaculovirus olmendosae"	"3059714"	"Alphabaculovirus"	"Baculoviridae"	"Viruses; Naldaviricetes; Lefavirales; Baculoviridae; Alphabaculovirus; Alphabaculovirus olmendosae"	"Olene mendosa nucleopolyhedrovirus isolate 435, complete genome"	"insd"	"GenBank"	"genomic DNA"	"circular"	142291	142291	TRUE	53.8903	0	NA	"Olene mendosa"	NA	"435"	"India: Coimbatore"	"1973"	"2022-04-16"	"2022-04-16"	"2022-04-16"	"2021-08-10"	NA	"NC_077147.1"	"NCBI ELink nuccore_nuccore_gbrs"	"ok_downloaded"
"OK091173"	"OK091173.1"	NA	"Erannis ankeraria nucleopolyhedrovirus"	"2913600"	"Erannis ankeraria nucleopolyhedrovirus"	"no rank"	"Alphabaculovirus erankerariae"	"3059713"	"Alphabaculovirus"	"Baculoviridae"	"Viruses; Naldaviricetes; Lefavirales; Baculoviridae; Alphabaculovirus; Alphabaculovirus erankerariae"	"Erannis ankeraria nucleopolyhedrovirus, complete genome"	"insd"	"GenBank"	"genomic DNA"	"circular"	125247	125247	TRUE	34.8958	0	NA	"Erannis ankeraria Staudinger"	NA	"wlcb"	"China"	"Jun-2018"	"2022-02-06"	"2022-02-06"	"2022-02-06"	"2021-09-09"	NA	"NC_077155.1"	"NCBI ELink nuccore_nuccore_gbrs"	"ok_downloaded"
"OL686894"	"OL686894.1"	NA	"Hyphantria cunea nucleopolyhedrovirus"	"28288"	"Hyphantria cunea nucleopolyhedrovirus"	"no rank"	"Alphabaculovirus hycuneae"	"3048149"	"Alphabaculovirus"	"Baculoviridae"	"Viruses; Naldaviricetes; Lefavirales; Baculoviridae; Alphabaculovirus; Alphabaculovirus hycuneae"	"Hyphantria cunea nucleopolyhedrovirus isolate BJ, complete genome"	"insd"	"GenBank"	"genomic DNA"	"circular"	130973	130973	TRUE	47.5304	21	"NRSWY"	"Hyphantria cunea"	NA	"BJ"	"China"	"2013"	"2022-01-19"	"2022-01-19"	"2022-01-19"	"2021-11-29"	NA	NA	NA	"ok_downloaded"
"MT810812"	"MT810812.1"	NA	"Helicoverpa armigera nucleopolyhedrovirus"	"51313"	"Helicoverpa armigera nucleopolyhedrovirus"	"no rank"	"Alphabaculovirus helarmigerae"	"3047947"	"Alphabaculovirus"	"Baculoviridae"	"Viruses; Naldaviricetes; Lefavirales; Baculoviridae; Alphabaculovirus; Alphabaculovirus helarmigerae"	"Helicoverpa armigera nucleopolyhedrovirus strain WV104, complete genome"	"insd"	"GenBank"	"genomic DNA"	"circular"	131404	131404	TRUE	39.0194	0	NA	"Helicoverpa armigera"	"WV104"	NA	"China"	"05-Aug-1984"	"2021-10-12"	"2021-10-12"	"2021-10-12"	"2020-07-28"	NA	NA	NA	"ok_downloaded"
"MW496365"	"MW496365.1"	NA	"Autographa californica nucleopolyhedrovirus"	"46015"	"Autographa californica nucleopolyhedrovirus"	"no rank"	"Alphabaculovirus aucalifornicae"	"3047383"	"Alphabaculovirus"	"Baculoviridae"	"Viruses; Naldaviricetes; Lefavirales; Baculoviridae; Alphabaculovirus; Alphabaculovirus aucalifornicae; Autographa californica multiple nucleopolyhedrovirus"	"Mutant Autographa californica nucleopolyhedrovirus isolate BAC10:KO1629, complete genome"	"insd"	"GenBank"	"genomic DNA"	"circular"	133965	133965	TRUE	40.7039	0	NA	NA	NA	"BAC10:KO1629"	"China"	"2019-09-16"	"2021-09-08"	"2021-09-08"	"2021-09-08"	"2021-01-19"	NA	NA	NA	"ok_downloaded"
"MT561366"	"MT561366.1"	NA	"Buzura suppressaria nucleopolyhedrovirus"	"74320"	"Buzura suppressaria nucleopolyhedrovirus"	"no rank"	"Alphabaculovirus busuppressariae"	"3047704"	"Alphabaculovirus"	"Baculoviridae"	"Viruses; Naldaviricetes; Lefavirales; Baculoviridae; Alphabaculovirus; Alphabaculovirus busuppressariae"	"Buzura suppressaria nucleopolyhedrovirus isolate BisuNPV-CNPSo-25, complete genome"	"insd"	"GenBank"	"genomic DNA"	"circular"	121377	121377	TRUE	36.7433	114	"KMNRSWY"	"Biston suppressaria"	NA	"BisuNPV-CNPSo-25"	"Brazil"	"1980"	"2021-08-07"	"2021-08-07"	"2021-08-07"	"2020-06-03"	NA	NA	NA	"ok_downloaded"
"MW645368"	"MW645368.1"	NA	"Trabala vishnou gigantina nucleopolyhedrovirus"	"2863583"	"Trabala vishnou gigantina nucleopolyhedrovirus"	"no rank"	"Alphabaculovirus travishnous"	"3059716"	"Alphabaculovirus"	"Baculoviridae"	"Viruses; Naldaviricetes; Lefavirales; Baculoviridae; Alphabaculovirus; Alphabaculovirus travishnous"	"Trabala vishnou gigantina nucleopolyhedrovirus, complete genome"	"insd"	"GenBank"	"genomic DNA"	"circular"	165657	165657	TRUE	40.3267	0	NA	"Trabala vishnou gigantina"	"wuqi"	NA	"China"	"Jun-2011"	"2021-08-04"	"2021-08-04"	"2021-08-04"	"2021-02-18"	NA	"NC_077106.1"	"NCBI ELink nuccore_nuccore_gbrs"	"ok_downloaded"
"MT501299"	"MT501299.1"	NA	"Bombyx mori nucleopolyhedrovirus"	"271108"	"Bombyx mori nucleopolyhedrovirus"	"no rank"	"Alphabaculovirus bomori"	"3047695"	"Alphabaculovirus"	"Baculoviridae"	"Viruses; Naldaviricetes; Lefavirales; Baculoviridae; Alphabaculovirus; Alphabaculovirus bomori"	"Bombyx mori nucleopolyhedrovirus isolate Baoshan, complete genome"	"insd"	"GenBank"	"genomic DNA"	"circular"	127437	127437	TRUE	40.3745	0	NA	"Bombyx mori"	NA	"Baoshan"	"China"	NA	"2021-07-12"	"2021-07-12"	"2021-07-12"	"2020-05-20"	NA	NA	NA	"ok_downloaded"
"MZ394738"	"MZ394738.1"	NA	"Ectropis obliqua nucleopolyhedrovirus"	"59376"	"Ectropis obliqua nucleopolyhedrovirus"	"no rank"	"Alphabaculovirus ecobliquae"	"3047815"	"Alphabaculovirus"	"Baculoviridae"	"Viruses; Naldaviricetes; Lefavirales; Baculoviridae; Alphabaculovirus; Alphabaculovirus ecobliquae"	"Ectropis obliqua nucleopolyhedrovirus strain QF4, complete genome"	"insd"	"GenBank"	"genomic DNA"	"circular"	132358	132358	TRUE	37.6426	0	NA	"Ectropis grisescens"	"QF4"	NA	"China"	"01-Jan-2017"	"2021-06-26"	"2021-06-26"	"2021-06-26"	"2021-06-15"	NA	NA	NA	"ok_downloaded"
"MZ292981"	"MZ292981.1"	NA	"Spodoptera frugiperda multiple nucleopolyhedrovirus"	"10455"	"Spodoptera frugiperda multiple nucleopolyhedrovirus"	"no rank"	"Alphabaculovirus spofrugiperdae"	"3048335"	"Alphabaculovirus"	"Baculoviridae"	"Viruses; Naldaviricetes; Lefavirales; Baculoviridae; Alphabaculovirus; Alphabaculovirus spofrugiperdae"	"Spodoptera frugiperda multiple nucleopolyhedrovirus isolate KA1, complete genome"	"insd"	"GenBank"	"genomic DNA"	"not-set"	132710	132710	TRUE	40.2547	0	NA	"Spodoptera frugiperda"	NA	"KA1"	"Nigeria"	"09-Sep-2017"	"2021-06-20"	"2021-06-20"	"2021-06-20"	"2021-05-21"	NA	NA	NA	"ok_downloaded"
"MZ127289"	"MZ127289.1"	NA	"Orgyia pseudotsugata single capsid nuclopolyhedrovirus"	"10450"	"Orgyia pseudotsugata single capsid nuclopolyhedrovirus"	"species"	"Orgyia pseudotsugata single capsid nuclopolyhedrovirus"	"10450"	"Alphabaculovirus"	"Baculoviridae"	"Viruses; Naldaviricetes; Lefavirales; Baculoviridae; Alphabaculovirus; unclassified Alphabaculovirus"	"Orgyia pseudotsugata single capsid nuclopolyhedrovirus isolate MEM, complete genome"	"insd"	"GenBank"	"genomic DNA"	"circular"	160849	160849	TRUE	43.4431	27	"KMRSWY"	"Orgyia pseudotsugata"	NA	"MEM"	"USA"	NA	"2021-06-16"	"2021-06-16"	"2021-06-16"	"2021-05-03"	NA	NA	NA	"ok_downloaded"
"NC_055502"	"NC_055502.1"	NA	"Spodoptera eridania nucleopolyhedrovirus"	"2315721"	"Spodoptera eridania nucleopolyhedrovirus"	"no rank"	"Alphabaculovirus speridaniae"	"3078442"	"Alphabaculovirus"	"Baculoviridae"	"Viruses; Naldaviricetes; Lefavirales; Baculoviridae; Alphabaculovirus; Alphabaculovirus speridaniae"	"Spodoptera eridania nucleopolyhedrovirus isolate 251, complete genome"	"refseq"	"RefSeq"	"genomic DNA"	"circular"	149090	149090	TRUE	45.0097	0	NA	"Spodoptera eridania"	NA	"251"	NA	"09-Oct-1974"	"2021-06-01"	"2021-06-07"	"2021-06-07"	"2018-05-07"	NA	NA	NA	"ok_downloaded"
"NC_055500"	"NC_055500.1"	NA	"Cryptophlebia peltastica nucleopolyhedrovirus"	"2304025"	"Cryptophlebia peltastica nucleopolyhedrovirus"	"no rank"	"Alphabaculovirus crypeltasticae"	"3078440"	"Alphabaculovirus"	"Baculoviridae"	"Viruses; Naldaviricetes; Lefavirales; Baculoviridae; Alphabaculovirus; Alphabaculovirus crypeltasticae"	"Cryptophlebia peltastica nucleopolyhedrovirus, complete genome"	"refseq"	"RefSeq"	"genomic DNA"	"circular"	115728	115728	TRUE	37.1708	0	NA	"Cryptophlebia peltastica"	NA	"SA"	"South Africa"	"2013"	"2021-06-01"	"2021-06-07"	"2021-06-07"	"2018-05-25"	NA	NA	NA	"ok_downloaded"
"NC_055467"	"NC_055467.1"	NA	"Cyclophragma undans nucleopolyhedrovirus"	"1906244"	"Cyclophragma undans nucleopolyhedrovirus"	"no rank"	"Alphabaculovirus cycundantis"	"3047786"	"Alphabaculovirus"	"Baculoviridae"	"Viruses; Naldaviricetes; Lefavirales; Baculoviridae; Alphabaculovirus; Alphabaculovirus cycundantis"	"Cyclophragma undans nucleopolyhedrovirus isolate Whiov, complete genome"	"refseq"	"RefSeq"	"genomic DNA"	"circular"	142900	142900	TRUE	45.1218	184	"KMRSWY"	NA	NA	"Whiov"	"China"	"1983"	"2021-06-01"	"2021-06-07"	"2021-06-07"	"2015-10-24"	NA	NA	NA	"ok_downloaded"
"NC_055455"	"NC_055455.1"	NA	"Spodoptera exempta nucleopolyhedrovirus"	"1242863"	"Spodoptera exempta nucleopolyhedrovirus"	"no rank"	"Alphabaculovirus spexemptae"	"3048330"	"Alphabaculovirus"	"Baculoviridae"	"Viruses; Naldaviricetes; Lefavirales; Baculoviridae; Alphabaculovirus; Alphabaculovirus spexemptae"	"Spodoptera exempta nucleopolyhedrovirus strain 244.1, complete genome"	"refseq"	"RefSeq"	"genomic DNA"	"circular"	129528	129528	TRUE	41.228	2	"N"	"Spodoptera exempta"	"244.1"	NA	NA	"01-Jan-2005"	"2021-06-01"	"2021-06-07"	"2021-06-07"	"2018-08-03"	NA	NA	NA	"ok_downloaded"
"NC_055453"	"NC_055453.1"	NA	"Hyposidra talaca nucleopolyhedrovirus"	"1070315"	"Hyposidra talaca nucleopolyhedrovirus"	"no rank"	"Alphabaculovirus hytalacae"	"3048150"	"Alphabaculovirus"	"Baculoviridae"	"Viruses; Naldaviricetes; Lefavirales; Baculoviridae; Alphabaculovirus; Alphabaculovirus hytalacae"	"Hyposidra talaca NPV, complete genome"	"refseq"	"RefSeq"	"genomic DNA"	"circular"	139089	139089	TRUE	39.5552	0	NA	"Hyposidra talaca"	"HytaNPVIndia001"	NA	"India"	"01-Jan-2013"	"2021-06-01"	"2021-06-07"	"2021-06-07"	"2018-04-26"	NA	NA	NA	"ok_downloaded"
"MH077961"	"MH077961.2"	NA	"Troides aeacus nucleopolyhedrovirus"	"2571265"	"Troides aeacus nucleopolyhedrovirus"	"species"	"Troides aeacus nucleopolyhedrovirus"	"2571265"	"Alphabaculovirus"	"Baculoviridae"	"Viruses; Naldaviricetes; Lefavirales; Baculoviridae; Alphabaculovirus; unclassified Alphabaculovirus"	"Troides aeacus nucleopolyhedrovirus isolate wt, complete genome"	"insd"	"GenBank"	"genomic DNA"	"circular"	125148	125148	TRUE	40.2795	0	NA	"Troides aeacus"	NA	"wt"	"Taiwan"	"18-Sep-2012"	"2019-05-29"	"2021-05-24"	"2021-05-24"	"2018-03-16"	NA	NA	NA	"ok_downloaded"
"MW173388"	"MW173388.1"	NA	"Gynaephora ruoergensis nucleopolyhedrovirus"	"2824179"	"Gynaephora ruoergensis nucleopolyhedrovirus"	"species"	"Gynaephora ruoergensis nucleopolyhedrovirus"	"2824179"	"Alphabaculovirus"	"Baculoviridae"	"Viruses; Naldaviricetes; Lefavirales; Baculoviridae; Alphabaculovirus; unclassified Alphabaculovirus"	"Gynaephora ruoergensis nucleopolyhedrovirus, complete genome"	"insd"	"GenBank"	"genomic DNA"	"circular"	140684	140684	TRUE	40.4424	0	NA	NA	NA	NA	"China"	"1982"	"2021-05-03"	"2021-05-03"	"2021-05-03"	"2020-10-23"	NA	NA	NA	"ok_downloaded"
"EU678671"	"EU678671.1"	NA	"Pseudalatia unipuncta granulovirus"	"36355"	"Pseudalatia unipuncta granulovirus"	"no rank"	"Betabaculovirus myunipunctae"	"3051999"	"Betabaculovirus"	"Baculoviridae"	"Viruses; Naldaviricetes; Lefavirales; Baculoviridae; Betabaculovirus; Betabaculovirus myunipunctae"	"Pseudaletia unipuncta granulovirus strain Hawaiin, complete genome"	"insd"	"GenBank"	"genomic DNA"	"circular"	176677	176677	TRUE	39.7928	2	"M"	"Mythimna separata"	"Hawaiin"	NA	NA	NA	"2008-10-31"	"2021-03-12"	"2021-03-12"	"2008-04-27"	NA	"NC_013772.1"	"NCBI ELink nuccore_nuccore_gbrs"	"ok_downloaded"
"MW162628"	"MW162628.1"	NA	"Spodoptera frugiperda multiple nucleopolyhedrovirus"	"10455"	"Spodoptera frugiperda multiple nucleopolyhedrovirus"	"no rank"	"Alphabaculovirus spofrugiperdae"	"3048335"	"Alphabaculovirus"	"Baculoviridae"	"Viruses; Naldaviricetes; Lefavirales; Baculoviridae; Alphabaculovirus; Alphabaculovirus spofrugiperdae"	"Spodoptera frugiperda multiple nucleopolyhedrovirus isolate ARG-M, complete genome"	"insd"	"GenBank"	"genomic DNA"	"circular"	132696	132696	TRUE	40.2815	0	NA	"Spodoptera frugiperda"	NA	"ARG-M"	"Argentina"	"1985"	"2021-02-16"	"2021-02-16"	"2021-02-16"	"2020-10-22"	NA	NA	NA	"ok_downloaded"
"MN099286"	"MN099286.1"	NA	"Plutella xylostella granulovirus"	"98383"	"Plutella xylostella granulovirus"	"no rank"	"Betabaculovirus pluxylostellae"	"3048276"	"Betabaculovirus"	"Baculoviridae"	"Viruses; Naldaviricetes; Lefavirales; Baculoviridae; Betabaculovirus; Betabaculovirus pluxylostellae"	"Plutella xylostella granulovirus isolate PlxyGV_NW, complete genome"	"insd"	"GenBank"	"genomic DNA"	"circular"	100999	100999	TRUE	40.7083	0	NA	"Plutella xylostella"	NA	"PlxyGV_NW"	NA	NA	"2020-12-17"	"2020-12-17"	"2020-12-17"	"2019-06-24"	NA	NA	NA	"ok_downloaded"
"MN099285"	"MN099285.1"	NA	"Plutella xylostella granulovirus"	"98383"	"Plutella xylostella granulovirus"	"no rank"	"Betabaculovirus pluxylostellae"	"3048276"	"Betabaculovirus"	"Baculoviridae"	"Viruses; Naldaviricetes; Lefavirales; Baculoviridae; Betabaculovirus; Betabaculovirus pluxylostellae"	"Plutella xylostella granulovirus isolate PlxyGV_B, complete genome"	"insd"	"GenBank"	"genomic DNA"	"circular"	100972	100972	TRUE	40.7053	0	NA	"Plutella xylostella"	NA	"PlxyGV_B"	NA	NA	"2020-12-17"	"2020-12-17"	"2020-12-17"	"2019-06-24"	NA	NA	NA	"ok_downloaded"
"MN099284"	"MN099284.1"	NA	"Plutella xylostella granulovirus"	"98383"	"Plutella xylostella granulovirus"	"no rank"	"Betabaculovirus pluxylostellae"	"3048276"	"Betabaculovirus"	"Baculoviridae"	"Viruses; Naldaviricetes; Lefavirales; Baculoviridae; Betabaculovirus; Betabaculovirus pluxylostellae"	"Plutella xylostella granulovirus isolate PlxyGV_W, complete genome"	"insd"	"GenBank"	"genomic DNA"	"circular"	100941	100941	TRUE	40.7287	0	NA	"Plutella xylostella"	NA	"PlxyGV_W"	NA	NA	"2020-12-17"	"2020-12-17"	"2020-12-17"	"2019-06-24"	NA	NA	NA	"ok_downloaded"
"MT782113"	"MT782113.1"	NA	"Lymantria dispar multiple nucleopolyhedrovirus"	"10449"	"Lymantria dispar multiple nucleopolyhedrovirus"	"no rank"	"Alphabaculovirus lydisparis"	"3048188"	"Alphabaculovirus"	"Baculoviridae"	"Viruses; Naldaviricetes; Lefavirales; Baculoviridae; Alphabaculovirus; Alphabaculovirus lydisparis"	"Lymantria dispar multiple nucleopolyhedrovirus isolate HrB-NJSS, complete genome"	"insd"	"GenBank"	"genomic DNA"	"circular"	162282	162282	TRUE	57.4241	0	NA	"Lymantria dispar"	NA	"HrB-NJSS"	"China: Harbin"	NA	"2020-11-22"	"2020-11-22"	"2020-11-22"	"2020-07-18"	NA	NA	NA	"ok_downloaded"
"MT782112"	"MT782112.1"	NA	"Lymantria dispar multiple nucleopolyhedrovirus"	"10449"	"Lymantria dispar multiple nucleopolyhedrovirus"	"no rank"	"Alphabaculovirus lydisparis"	"3048188"	"Alphabaculovirus"	"Baculoviridae"	"Viruses; Naldaviricetes; Lefavirales; Baculoviridae; Alphabaculovirus; Alphabaculovirus lydisparis"	"Lymantria dispar multiple nucleopolyhedrovirus isolate HrB, complete genome"	"insd"	"GenBank"	"genomic DNA"	"circular"	162246	162246	TRUE	57.4245	0	NA	"Lymantria dispar"	NA	"HrB"	"China: Harbin"	"28-Feb-2013"	"2020-11-22"	"2020-11-22"	"2020-11-22"	"2020-07-18"	NA	NA	NA	"ok_downloaded"
"MT844067"	"MT844067.1"	NA	"Matsumuraeses phaseoli granulovirus"	"2760664"	"Matsumuraeses phaseoli granulovirus"	"no rank"	"Betabaculovirus maphaseoli"	"2955431"	"Betabaculovirus"	"Baculoviridae"	"Viruses; Naldaviricetes; Lefavirales; Baculoviridae; Betabaculovirus; Betabaculovirus maphaseoli"	"Matsumuraeses phaseoli granulovirus strain IOZ01, complete genome"	"insd"	"GenBank"	"genomic DNA"	"circular"	116875	116875	TRUE	37.179	0	NA	"Matsumuraeses phaseoli"	"IOZ01"	NA	"China: Min country, Gansu Province"	"21-Sep-2019"	"2020-10-03"	"2020-10-03"	"2020-10-03"	"2020-08-04"	NA	"NC_076905.1"	"NCBI ELink nuccore_nuccore_gbrs"	"ok_downloaded"
"MN320360"	"MN320360.1"	NA	"Mamestra configurata nucleopolyhedrovirus A"	"207830"	"Mamestra configurata nucleopolyhedrovirus A"	"no rank"	"Alphabaculovirus maconfiguratae"	"3048195"	"Alphabaculovirus"	"Baculoviridae"	"Viruses; Naldaviricetes; Lefavirales; Baculoviridae; Alphabaculovirus; Alphabaculovirus maconfiguratae"	"Mamestra configurata nucleopolyhedrovirus A isolate 94-2, complete genome"	"insd"	"GenBank"	"genomic DNA"	"circular"	164221	164221	TRUE	41.6829	0	NA	"Mamestra configurata"	NA	"94-2"	"Canada"	"Aug-1994"	"2020-08-26"	"2020-08-26"	"2020-08-26"	"2019-08-15"	NA	NA	NA	"ok_downloaded"
"MK503925"	"MK503925.1"	NA	"Spodoptera frugiperda multiple nucleopolyhedrovirus"	"10455"	"Spodoptera frugiperda multiple nucleopolyhedrovirus"	"no rank"	"Alphabaculovirus spofrugiperdae"	"3048335"	"Alphabaculovirus"	"Baculoviridae"	"Viruses; Naldaviricetes; Lefavirales; Baculoviridae; Alphabaculovirus; Alphabaculovirus spofrugiperdae"	"Spodoptera frugiperda multiple nucleopolyhedrovirus isolate IIBBL BCIPV 1197, complete genome"	"insd"	"GenBank"	"genomic DNA"	"circular"	132801	132801	TRUE	40.2663	0	NA	"Spodoptera frugiperda"	NA	"IIBBL BCIPV 1197"	"USA: Tifton, GA"	"08-Mar-1967"	"2020-08-13"	"2020-08-13"	"2020-08-13"	"2019-02-07"	NA	NA	NA	"ok_downloaded"
"MK503924"	"MK503924.1"	NA	"Spodoptera frugiperda multiple nucleopolyhedrovirus"	"10455"	"Spodoptera frugiperda multiple nucleopolyhedrovirus"	"no rank"	"Alphabaculovirus spofrugiperdae"	"3048335"	"Alphabaculovirus"	"Baculoviridae"	"Viruses; Naldaviricetes; Lefavirales; Baculoviridae; Alphabaculovirus; Alphabaculovirus spofrugiperdae"	"Spodoptera frugiperda multiple nucleopolyhedrovirus isolate IIBBL BCIPV 459, complete genome"	"insd"	"GenBank"	"genomic DNA"	"circular"	134237	134237	TRUE	40.4121	0	NA	"Spodoptera frugiperda"	NA	"IIBBL BCIPV 459"	"Colombia: Medellin"	"01-Jun-1978"	"2020-08-13"	"2020-08-13"	"2020-08-13"	"2019-02-07"	NA	NA	NA	"ok_downloaded"
"MK503923"	"MK503923.1"	NA	"Spodoptera frugiperda multiple nucleopolyhedrovirus"	"10455"	"Spodoptera frugiperda multiple nucleopolyhedrovirus"	"no rank"	"Alphabaculovirus spofrugiperdae"	"3048335"	"Alphabaculovirus"	"Baculoviridae"	"Viruses; Naldaviricetes; Lefavirales; Baculoviridae; Alphabaculovirus; Alphabaculovirus spofrugiperdae"	"Spodoptera frugiperda multiple nucleopolyhedrovirus isolate IIBBL BCIPV 281, complete genome"	"insd"	"GenBank"	"genomic DNA"	"circular"	132793	132793	TRUE	40.228	0	NA	"Spodoptera frugiperda"	NA	"IIBBL BCIPV 281"	"USA: Tifton, GA"	"24-May-1966"	"2020-08-13"	"2020-08-13"	"2020-08-13"	"2019-02-07"	NA	NA	NA	"ok_downloaded"
"MN481987"	"MN481987.1"	NA	"Spodoptera exigua multiple nucleopolyhedrovirus"	"10454"	"Spodoptera exigua multiple nucleopolyhedrovirus"	"species"	"Spodoptera exigua multiple nucleopolyhedrovirus"	"10454"	"Alphabaculovirus"	"Baculoviridae"	"Viruses; Naldaviricetes; Lefavirales; Baculoviridae; Alphabaculovirus; unclassified Alphabaculovirus"	"Spodoptera exigua multiple nucleopolyhedrovirus isolate WV103, complete genome"	"insd"	"GenBank"	"genomic DNA"	"circular"	140327	140327	TRUE	43.9331	0	NA	"Spodoptera exigua"	NA	"WV103"	"China"	"Feb-2010"	"2020-06-17"	"2020-06-17"	"2020-06-17"	"2019-09-19"	NA	NA	NA	"ok_downloaded"
"MN661137"	"MN661137.1"	NA	"Lymantria dispar multiple nucleopolyhedrovirus"	"10449"	"Lymantria dispar multiple nucleopolyhedrovirus"	"no rank"	"Alphabaculovirus lydisparis"	"3048188"	"Alphabaculovirus"	"Baculoviridae"	"Viruses; Naldaviricetes; Lefavirales; Baculoviridae; Alphabaculovirus; Alphabaculovirus lydisparis"	"Lymantria dispar multiple nucleopolyhedrovirus strain NSh-07, complete genome"	"insd"	"GenBank"	"genomic DNA"	"circular"	159089	159089	TRUE	57.4747	0	NA	"Lymantria dispar"	"NSh-07"	NA	"Russia: Koltcovo"	"2015"	"2020-04-08"	"2020-04-08"	"2020-04-08"	"2019-11-08"	NA	NA	NA	"ok_downloaded"
"MK419956"	"MK419956.1"	NA	"Rachiplusia nu nucleopolyhedrovirus"	"2605775"	"Rachiplusia nu nucleopolyhedrovirus"	"no rank"	"Alphabaculovirus ranus"	"2955240"	"Alphabaculovirus"	"Baculoviridae"	"Viruses; Naldaviricetes; Lefavirales; Baculoviridae; Alphabaculovirus; Alphabaculovirus ranus"	"Rachiplusia nu nucleopolyhedrovirus isolate VPN54, complete genome"	"insd"	"GenBank"	"genomic DNA"	"circular"	128587	128587	TRUE	37.8617	6	"RY"	"Rachiplusia nu"	NA	"VPN54"	"Brazil"	"1989"	"2020-02-01"	"2020-02-01"	"2020-02-01"	"2019-01-21"	NA	"NC_076682.1"	"NCBI ELink nuccore_nuccore_gbrs"	"ok_downloaded"
"MK419955"	"MK419955.1"	NA	"Spodoptera cosmioides nucleopolyhedrovirus"	"2605774"	"Spodoptera cosmioides nucleopolyhedrovirus"	"no rank"	"Alphabaculovirus spocosmioidis"	"3426092"	"Alphabaculovirus"	"Baculoviridae"	"Viruses; Naldaviricetes; Lefavirales; Baculoviridae; Alphabaculovirus; Alphabaculovirus spocosmioidis"	"Spodoptera cosmioides nucleopolyhedrovirus isolate VPN72, complete genome"	"insd"	"GenBank"	"genomic DNA"	"circular"	147763	147763	TRUE	44.8048	2	"KW"	"Spodoptera cosmioides"	NA	"VPN72"	"Brazil"	"1980"	"2020-02-01"	"2020-02-01"	"2020-02-01"	"2019-01-18"	NA	NA	NA	"ok_downloaded"
"MN342245"	"MN342245.1"	NA	"Spodoptera litura nucleopolyhedrovirus"	"46242"	"Spodoptera litura nucleopolyhedrovirus"	"no rank"	"Alphabaculovirus spliturae"	"3048338"	"Alphabaculovirus"	"Baculoviridae"	"Viruses; Naldaviricetes; Lefavirales; Baculoviridae; Alphabaculovirus; Alphabaculovirus spliturae"	"UNVERIFIED: Spodoptera litura nucleopolyhedrovirus isolate G2, complete genome"	"insd"	"GenBank"	"genomic DNA"	"linear"	139327	139327	TRUE	42.7964	0	NA	"Spodoptera litura"	NA	"G2"	"China"	NA	"2020-01-29"	"2020-01-29"	"2020-01-29"	"2019-08-21"	NA	NA	NA	"ok_downloaded"
"LC500465"	"LC500465.1"	NA	"Bombyx mori nucleopolyhedrovirus"	"271108"	"Bombyx mori nucleopolyhedrovirus"	"no rank"	"Alphabaculovirus bomori"	"3047695"	"Alphabaculovirus"	"Baculoviridae"	"Viruses; Naldaviricetes; Lefavirales; Baculoviridae; Alphabaculovirus; Alphabaculovirus bomori"	"Bombyx mori nucleopolyhedrovirus La DNA, complete genome"	"insd"	"GenBank"	"genomic DNA"	"circular"	127618	127618	TRUE	40.3274	0	NA	"Bombyx mori"	"La"	NA	"Laos"	"1992"	"2020-01-11"	"2020-04-03"	"2020-04-03"	"2019-09-18"	NA	NA	NA	"ok_downloaded"
"LC516821"	"LC516821.1"	NA	"Choristoneura diversana nucleopolyhedrovirus"	"2689371"	"Choristoneura diversana nucleopolyhedrovirus"	"species"	"Choristoneura diversana nucleopolyhedrovirus"	"2689371"	"Alphabaculovirus"	"Baculoviridae"	"Viruses; Naldaviricetes; Lefavirales; Baculoviridae; Alphabaculovirus; unclassified Alphabaculovirus"	"Choristoneura diversana nucleopolyhedrovirus ChdiNPV-Hokkaido DNA, complete genome"	"insd"	"GenBank"	"genomic DNA"	"circular"	122827	122827	TRUE	50.2341	0	NA	"Choristoneura diversana"	NA	"ChdiNPV-Hokkaido"	"Japan"	"1972"	"2020-01-09"	"2020-01-09"	"2020-01-09"	"2020-01-08"	NA	NA	NA	"ok_downloaded"
"MN696171"	"MN696171.1"	NA	"Cydia pomonella granulovirus"	"28289"	"Cydia pomonella granulovirus"	"no rank"	"Betabaculovirus cypomonellae"	"3047787"	"Betabaculovirus"	"Baculoviridae"	"Viruses; Naldaviricetes; Lefavirales; Baculoviridae; Betabaculovirus; Betabaculovirus cypomonellae"	"Cydia pomonella granulovirus isolate CpGV-ZY, complete genome"	"insd"	"GenBank"	"genomic DNA"	"linear"	123759	123759	TRUE	45.266	4	"KY"	"Cydia pomonella"	NA	"CpGV-ZY"	"China"	NA	"2019-12-24"	"2019-12-24"	"2019-12-24"	"2019-11-12"	NA	NA	NA	"ok_downloaded"
"MN696170"	"MN696170.1"	NA	"Cydia pomonella granulovirus"	"28289"	"Cydia pomonella granulovirus"	"no rank"	"Betabaculovirus cypomonellae"	"3047787"	"Betabaculovirus"	"Baculoviridae"	"Viruses; Naldaviricetes; Lefavirales; Baculoviridae; Betabaculovirus; Betabaculovirus cypomonellae"	"Cydia pomonella granulovirus isolate CpGV-ZY2, complete genome"	"insd"	"GenBank"	"genomic DNA"	"linear"	123692	123692	TRUE	45.2785	2	"SW"	"Cydia pomonella"	NA	"CpGV-ZY2"	"China"	NA	"2019-12-24"	"2019-12-24"	"2019-12-24"	"2019-11-12"	NA	NA	NA	"ok_downloaded"
"MN696169"	"MN696169.1"	NA	"Cydia pomonella granulovirus"	"28289"	"Cydia pomonella granulovirus"	"no rank"	"Betabaculovirus cypomonellae"	"3047787"	"Betabaculovirus"	"Baculoviridae"	"Viruses; Naldaviricetes; Lefavirales; Baculoviridae; Betabaculovirus; Betabaculovirus cypomonellae"	"Cydia pomonella granulovirus isolate CpGV-WW, complete genome"	"insd"	"GenBank"	"genomic DNA"	"linear"	123392	123392	TRUE	45.2646	2	"W"	"Cydia pomonella"	NA	"CpGV-WW"	"China"	NA	"2019-12-24"	"2019-12-24"	"2019-12-24"	"2019-11-12"	NA	NA	NA	"ok_downloaded"
"MN696168"	"MN696168.1"	NA	"Cydia pomonella granulovirus"	"28289"	"Cydia pomonella granulovirus"	"no rank"	"Betabaculovirus cypomonellae"	"3047787"	"Betabaculovirus"	"Baculoviridae"	"Viruses; Naldaviricetes; Lefavirales; Baculoviridae; Betabaculovirus; Betabaculovirus cypomonellae"	"Cydia pomonella granulovirus isolate CpGV-KS2, complete genome"	"insd"	"GenBank"	"genomic DNA"	"linear"	123702	123702	TRUE	45.2582	5	"KMSY"	"Cydia pomonella"	NA	"CpGV-KS2"	"China"	NA	"2019-12-24"	"2019-12-24"	"2019-12-24"	"2019-11-12"	NA	NA	NA	"ok_downloaded"
"MN696167"	"MN696167.1"	NA	"Cydia pomonella granulovirus"	"28289"	"Cydia pomonella granulovirus"	"no rank"	"Betabaculovirus cypomonellae"	"3047787"	"Betabaculovirus"	"Baculoviridae"	"Viruses; Naldaviricetes; Lefavirales; Baculoviridae; Betabaculovirus; Betabaculovirus cypomonellae"	"Cydia pomonella granulovirus isolate CpGV-KS1, complete genome"	"insd"	"GenBank"	"genomic DNA"	"linear"	123702	123702	TRUE	45.2532	7	"RWY"	"Cydia pomonella"	NA	"CpGV-KS1"	"China"	NA	"2019-12-24"	"2019-12-24"	"2019-12-24"	"2019-11-12"	NA	NA	NA	"ok_downloaded"
"MN696166"	"MN696166.1"	NA	"Cydia pomonella granulovirus"	"28289"	"Cydia pomonella granulovirus"	"no rank"	"Betabaculovirus cypomonellae"	"3047787"	"Betabaculovirus"	"Baculoviridae"	"Viruses; Naldaviricetes; Lefavirales; Baculoviridae; Betabaculovirus; Betabaculovirus cypomonellae"	"Cydia pomonella granulovirus isolate CpGV-JQ, complete genome"	"insd"	"GenBank"	"genomic DNA"	"linear"	123669	123669	TRUE	45.2905	3	"MSW"	"Cydia pomonella"	NA	"CpGV-JQ"	"China"	NA	"2019-12-24"	"2019-12-24"	"2019-12-24"	"2019-11-12"	NA	NA	NA	"ok_downloaded"
"MN696165"	"MN696165.1"	NA	"Cydia pomonella granulovirus"	"28289"	"Cydia pomonella granulovirus"	"no rank"	"Betabaculovirus cypomonellae"	"3047787"	"Betabaculovirus"	"Baculoviridae"	"Viruses; Naldaviricetes; Lefavirales; Baculoviridae; Betabaculovirus; Betabaculovirus cypomonellae"	"Cydia pomonella granulovirus isolate CpGV-ALE, complete genome"	"insd"	"GenBank"	"genomic DNA"	"linear"	123705	123705	TRUE	45.2588	3	"W"	"Cydia pomonella"	NA	"CpGV-ALE"	"China"	NA	"2019-12-24"	"2019-12-24"	"2019-12-24"	"2019-11-12"	NA	NA	NA	"ok_downloaded"
"MN689116"	"MN689116.1"	NA	"Chrysodeixis includens nucleopolyhedrovirus"	"1207438"	"Chrysodeixis includens nucleopolyhedrovirus"	"no rank"	"Alphabaculovirus alterchrincludentis"	"3047754"	"Alphabaculovirus"	"Baculoviridae"	"Viruses; Naldaviricetes; Lefavirales; Baculoviridae; Alphabaculovirus; Alphabaculovirus alterchrincludentis"	"Chrysodeixis includens nucleopolyhedrovirus isolate ChinNPV-MT.E, complete genome"	"insd"	"GenBank"	"genomic DNA"	"circular"	139225	139225	TRUE	39.2212	2	"RW"	"Chrysodeixis includens"	NA	"ChinNPV-MT.E"	"Brazil"	"24-Jun-2014"	"2019-12-17"	"2019-12-17"	"2019-12-17"	"2019-11-11"	NA	NA	NA	"ok_downloaded"
"MN689115"	"MN689115.1"	NA	"Chrysodeixis includens nucleopolyhedrovirus"	"1207438"	"Chrysodeixis includens nucleopolyhedrovirus"	"no rank"	"Alphabaculovirus alterchrincludentis"	"3047754"	"Alphabaculovirus"	"Baculoviridae"	"Viruses; Naldaviricetes; Lefavirales; Baculoviridae; Alphabaculovirus; Alphabaculovirus alterchrincludentis"	"Chrysodeixis includens nucleopolyhedrovirus isolate ChinNPV-MT.D, complete genome"	"insd"	"GenBank"	"genomic DNA"	"circular"	139046	139046	TRUE	39.1633	79	"KMRWY"	"Chrysodeixis includens"	NA	"ChinNPV-MT.D"	"Brazil"	"29-May-2014"	"2019-12-17"	"2019-12-17"	"2019-12-17"	"2019-11-11"	NA	NA	NA	"ok_downloaded"
"MN689114"	"MN689114.1"	NA	"Chrysodeixis includens nucleopolyhedrovirus"	"1207438"	"Chrysodeixis includens nucleopolyhedrovirus"	"no rank"	"Alphabaculovirus alterchrincludentis"	"3047754"	"Alphabaculovirus"	"Baculoviridae"	"Viruses; Naldaviricetes; Lefavirales; Baculoviridae; Alphabaculovirus; Alphabaculovirus alterchrincludentis"	"Chrysodeixis includens nucleopolyhedrovirus isolate ChinNPV-MT.C, complete genome"	"insd"	"GenBank"	"genomic DNA"	"circular"	138760	138760	TRUE	39.1809	126	"DHKMRSVWY"	"Chrysodeixis includens"	NA	"ChinNPV-MT.C"	"Brazil"	"31-Mar-2014"	"2019-12-17"	"2019-12-17"	"2019-12-17"	"2019-11-11"	NA	NA	NA	"ok_downloaded"
"MN689113"	"MN689113.1"	NA	"Chrysodeixis includens nucleopolyhedrovirus"	"1207438"	"Chrysodeixis includens nucleopolyhedrovirus"	"no rank"	"Alphabaculovirus alterchrincludentis"	"3047754"	"Alphabaculovirus"	"Baculoviridae"	"Viruses; Naldaviricetes; Lefavirales; Baculoviridae; Alphabaculovirus; Alphabaculovirus alterchrincludentis"	"Chrysodeixis includens nucleopolyhedrovirus isolate ChinNPV-MT.B, complete genome"	"insd"	"GenBank"	"genomic DNA"	"circular"	139074	139074	TRUE	39.1799	69	"KMRWY"	"Chrysodeixis includens"	NA	"ChinNPV-MT.B"	"Brazil"	"17-Jan-2014"	"2019-12-17"	"2019-12-17"	"2019-12-17"	"2019-11-11"	NA	NA	NA	"ok_downloaded"
"MN689112"	"MN689112.1"	NA	"Chrysodeixis includens nucleopolyhedrovirus"	"1207438"	"Chrysodeixis includens nucleopolyhedrovirus"	"no rank"	"Alphabaculovirus alterchrincludentis"	"3047754"	"Alphabaculovirus"	"Baculoviridae"	"Viruses; Naldaviricetes; Lefavirales; Baculoviridae; Alphabaculovirus; Alphabaculovirus alterchrincludentis"	"Chrysodeixis includens nucleopolyhedrovirus isolate ChinNPV-MT.A, complete genome"	"insd"	"GenBank"	"genomic DNA"	"circular"	139113	139113	TRUE	39.2034	41	"KMRWY"	"Chrysodeixis includens"	NA	"ChinNPV-MT.A"	"Brazil"	"14-Jan-2014"	"2019-12-17"	"2019-12-17"	"2019-12-17"	"2019-11-11"	NA	NA	NA	"ok_downloaded"
"MN542939"	"MN542939.1"	NA	"Chrysodeixis includens nucleopolyhedrovirus"	"1207438"	"Chrysodeixis includens nucleopolyhedrovirus"	"no rank"	"Alphabaculovirus alterchrincludentis"	"3047754"	"Alphabaculovirus"	"Baculoviridae"	"Viruses; Naldaviricetes; Lefavirales; Baculoviridae; Alphabaculovirus; Alphabaculovirus alterchrincludentis"	"Chrysodeixis includens nucleopolyhedrovirus isolate ChinNPV-MG.A, complete genome"	"insd"	"GenBank"	"genomic DNA"	"circular"	139470	139470	TRUE	39.2397	4	"RY"	"Chrysodeixis includens"	NA	"ChinNPV-MG.A"	"Brazil"	"18-Feb-2014"	"2019-12-17"	"2019-12-17"	"2019-12-17"	"2019-10-08"	NA	NA	NA	"ok_downloaded"
"MN542938"	"MN542938.1"	NA	"Chrysodeixis includens nucleopolyhedrovirus"	"1207438"	"Chrysodeixis includens nucleopolyhedrovirus"	"no rank"	"Alphabaculovirus alterchrincludentis"	"3047754"	"Alphabaculovirus"	"Baculoviridae"	"Viruses; Naldaviricetes; Lefavirales; Baculoviridae; Alphabaculovirus; Alphabaculovirus alterchrincludentis"	"Chrysodeixis includens nucleopolyhedrovirus isolate ChinNPV-MG.B, complete genome"	"insd"	"GenBank"	"genomic DNA"	"circular"	139637	139637	TRUE	39.2253	0	NA	"Chrysodeixis includens"	NA	"ChinNPV-MG.B"	"Brazil"	"18-Feb-2014"	"2019-12-17"	"2019-12-17"	"2019-12-17"	"2019-09-30"	NA	NA	NA	"ok_downloaded"
"NC_040621"	"NC_040621.1"	NA	"Operophtera brumata nucleopolyhedrovirus"	"1046267"	"Operophtera brumata nucleopolyhedrovirus"	"no rank"	"Alphabaculovirus opbrumatae"	"3048235"	"Alphabaculovirus"	"Baculoviridae"	"Viruses; Naldaviricetes; Lefavirales; Baculoviridae; Alphabaculovirus; Alphabaculovirus opbrumatae"	"Operophtera brumata nucleopolyhedrovirus isolate OpbuNPV-MA, complete genome"	"refseq"	"RefSeq"	"genomic DNA"	"circular"	119054	119054	TRUE	39.8307	0	NA	"Operophtera brumata"	NA	"OpbuNPV-MA"	"USA: Massachusetts"	NA	"2019-02-12"	"2019-09-12"	"2019-09-12"	"2017-08-07"	NA	NA	NA	"ok_downloaded"
"NC_040606"	"NC_040606.1"	NA	"Malacosoma neustria nucleopolyhedrovirus"	"38012"	"Malacosoma neustria nucleopolyhedrovirus"	"species"	"Malacosoma neustria nucleopolyhedrovirus"	"38012"	"Alphabaculovirus"	"Baculoviridae"	"Viruses; Naldaviricetes; Lefavirales; Baculoviridae; Alphabaculovirus; unclassified Alphabaculovirus"	"Malacosoma neustria nucleopolyhedrovirus isolate ManeNPV-T2, complete genome"	"refseq"	"RefSeq"	"genomic DNA"	"not-set"	130202	130202	TRUE	38.2026	12	"N"	"Malacosoma neustria"	NA	"ManeNPV-T2"	"Turkey"	"01-May-2006"	"2019-02-12"	"2019-09-12"	"2019-09-12"	"2017-04-21"	NA	NA	NA	"ok_downloaded"
"MK746083"	"MK746083.1"	NA	"Chrysodeixis includens nucleopolyhedrovirus"	"1207438"	"Chrysodeixis includens nucleopolyhedrovirus"	"no rank"	"Alphabaculovirus alterchrincludentis"	"3047754"	"Alphabaculovirus"	"Baculoviridae"	"Viruses; Naldaviricetes; Lefavirales; Baculoviridae; Alphabaculovirus; Alphabaculovirus alterchrincludentis"	"Chrysodeixis includens nucleopolyhedrovirus isolate ChinNPV-1, complete genome"	"insd"	"GenBank"	"genomic DNA"	"circular"	130540	130540	TRUE	37.2821	0	NA	"Chrysodeixis includens"	NA	"ChinNPV-1"	NA	NA	"2019-08-18"	"2019-08-18"	"2019-08-18"	"2019-04-02"	NA	"NC_077025.1"	"NCBI ELink nuccore_nuccore_gbrs"	"ok_downloaded"
"MN075941"	"MN075941.1"	NA	"Cydia pomonella granulovirus"	"28289"	"Cydia pomonella granulovirus"	"no rank"	"Betabaculovirus cypomonellae"	"3047787"	"Betabaculovirus"	"Baculoviridae"	"Viruses; Naldaviricetes; Lefavirales; Baculoviridae; Betabaculovirus; Betabaculovirus cypomonellae"	"Cydia pomonella granulovirus isolate CpGV-SA, complete genome"	"insd"	"GenBank"	"genomic DNA"	"circular"	123595	123595	TRUE	45.2615	0	NA	"Cydia pomonella"	NA	"CpGV-SA"	"South Africa"	"2012"	"2019-08-06"	"2019-08-06"	"2019-08-06"	"2019-06-17"	NA	NA	NA	"ok_downloaded"
"MK558262"	"MK558262.1"	NA	"Dione juno nucleopolyhedrovirus"	"2594175"	"Dione juno nucleopolyhedrovirus"	"no rank"	"Alphabaculovirus dijunonis"	"2955239"	"Alphabaculovirus"	"Baculoviridae"	"Viruses; Naldaviricetes; Lefavirales; Baculoviridae; Alphabaculovirus; Alphabaculovirus dijunonis"	"Dione juno nucleopolyhedrovirus, complete genome"	"insd"	"GenBank"	"genomic DNA"	"circular"	122075	122075	TRUE	50.866	82	"KMNRSWY"	"Dione juno"	NA	"Araguari-MG"	"Brazil"	"1983"	"2019-07-20"	"2019-07-20"	"2019-07-20"	"2019-02-21"	NA	"NC_076692.1"	"NCBI ELink nuccore_nuccore_gbrs"	"ok_downloaded"
"MK264918"	"MK264918.1"	NA	"Lymantria dispar multiple nucleopolyhedrovirus"	"10449"	"Lymantria dispar multiple nucleopolyhedrovirus"	"no rank"	"Alphabaculovirus lydisparis"	"3048188"	"Alphabaculovirus"	"Baculoviridae"	"Viruses; Naldaviricetes; Lefavirales; Baculoviridae; Alphabaculovirus; Alphabaculovirus lydisparis"	"Lymantria dispar multiple nucleopolyhedrovirus isolate H2, complete genome"	"insd"	"GenBank"	"genomic DNA"	"circular"	164746	164746	TRUE	57.2536	0	NA	"Lymantria dispar"	NA	"H2"	"China"	"2004"	"2019-07-06"	"2019-07-06"	"2019-07-06"	"2018-12-06"	NA	NA	NA	"ok_downloaded"
"NC_043530"	"NC_043530.1"	NA	"Mythimna unipuncta nucleopolyhedrovirus"	"447897"	"Mythimna unipuncta nucleopolyhedrovirus"	"species"	"Mythimna unipuncta nucleopolyhedrovirus"	"447897"	"Alphabaculovirus"	"Baculoviridae"	"Viruses; Naldaviricetes; Lefavirales; Baculoviridae; Alphabaculovirus; unclassified Alphabaculovirus"	"Mythimna unipuncta nucleopolyhedrovirus strain #7, complete genome"	"refseq"	"RefSeq"	"genomic DNA"	"circular"	148482	148482	TRUE	48.5877	0	NA	"Mythimna unipuncta"	"#7"	NA	"USA"	"13-Dec-1965"	"2019-06-28"	"2019-06-28"	"2019-06-28"	"2017-06-22"	NA	NA	NA	"ok_downloaded"
"NC_043529"	"NC_043529.1"	NA	"Oxyplax ochracea nucleopolyhedrovirus"	"2083176"	"Oxyplax ochracea nucleopolyhedrovirus"	"no rank"	"Alphabaculovirus oxochraceae"	"3078441"	"Alphabaculovirus"	"Baculoviridae"	"Viruses; Naldaviricetes; Lefavirales; Baculoviridae; Alphabaculovirus; Alphabaculovirus oxochraceae"	"Oxyplax ochracea nucleopolyhedrovirus isolate 435, complete genome"	"refseq"	"RefSeq"	"genomic DNA"	"circular"	113971	113971	TRUE	31.2071	0	NA	"Oxyplax ochracea"	NA	"435"	"China"	"1989"	"2019-06-28"	"2019-06-28"	"2019-06-28"	"2017-05-19"	NA	NA	NA	"ok_downloaded"
"NC_043520"	"NC_043520.1"	NA	"Lonomia obliqua multiple nucleopolyhedrovirus"	"134394"	"Lonomia obliqua multiple nucleopolyhedrovirus"	"no rank"	"Alphabaculovirus lonobliquae"	"3051418"	"Alphabaculovirus"	"Baculoviridae"	"Viruses; Naldaviricetes; Lefavirales; Baculoviridae; Alphabaculovirus; Alphabaculovirus lonobliquae; Lonomia obliqua nucleopolyhedrovirus"	"Lonomia obliqua multiple nucleopolyhedrovirus isolate SP/2000, complete genome"	"refseq"	"RefSeq"	"genomic DNA"	"circular"	120023	120023	TRUE	35.7492	26	"KMNRSWY"	"Lonomia obliqua"	NA	"SP/2000"	"Brazil"	"01-Jan-2000"	"2019-06-28"	"2019-06-28"	"2019-06-28"	"2015-02-10"	NA	NA	NA	"ok_downloaded"
"MK089451"	"MK089451.1"	NA	"Lymantria dispar multiple nucleopolyhedrovirus"	"10449"	"Lymantria dispar multiple nucleopolyhedrovirus"	"no rank"	"Alphabaculovirus lydisparis"	"3048188"	"Alphabaculovirus"	"Baculoviridae"	"Viruses; Naldaviricetes; Lefavirales; Baculoviridae; Alphabaculovirus; Alphabaculovirus lydisparis"	"Lymantria dispar multiple nucleopolyhedrovirus isolate J2, complete genome"	"insd"	"GenBank"	"genomic DNA"	"circular"	162249	162249	TRUE	57.3002	0	NA	"Lymantria dispar"	NA	"J2"	"Japan"	"2004"	"2019-06-26"	"2019-06-26"	"2019-06-26"	"2018-10-24"	NA	NA	NA	"ok_downloaded"
"MK411292"	"MK411292.1"	NA	"Lymantria dispar multiple nucleopolyhedrovirus"	"10449"	"Lymantria dispar multiple nucleopolyhedrovirus"	"no rank"	"Alphabaculovirus lydisparis"	"3048188"	"Alphabaculovirus"	"Baculoviridae"	"Viruses; Naldaviricetes; Lefavirales; Baculoviridae; Alphabaculovirus; Alphabaculovirus lydisparis"	"Lymantria dispar multiple nucleopolyhedrovirus isolate LDMN_Nsk07_pass_01_repl_02, complete genome"	"insd"	"GenBank"	"genomic DNA"	"circular"	160631	160631	TRUE	57.5443	0	NA	"Lymnatria dispar"	NA	"LDMN_Nsk07_pass_01_repl_02"	"Russia: Western Siberia"	"Jul-2017"	"2019-05-20"	"2019-05-20"	"2019-05-20"	"2019-01-16"	NA	NA	NA	"ok_downloaded"
"MK411291"	"MK411291.1"	NA	"Lymantria dispar multiple nucleopolyhedrovirus"	"10449"	"Lymantria dispar multiple nucleopolyhedrovirus"	"no rank"	"Alphabaculovirus lydisparis"	"3048188"	"Alphabaculovirus"	"Baculoviridae"	"Viruses; Naldaviricetes; Lefavirales; Baculoviridae; Alphabaculovirus; Alphabaculovirus lydisparis"	"Lymantria dispar multiple nucleopolyhedrovirus isolate LDMN_Nsk06_pass_01_repl_01, complete genome"	"insd"	"GenBank"	"genomic DNA"	"circular"	160652	160652	TRUE	57.5331	0	NA	"Lymnatria dispar"	NA	"LDMN_Nsk06_pass_01_repl_01"	"Russia: Western Siberia"	"Jul-2017"	"2019-05-20"	"2019-05-20"	"2019-05-20"	"2019-01-16"	NA	NA	NA	"ok_downloaded"
"KY249580"	"KY249580.1"	NA	"Lymantria dispar multiple nucleopolyhedrovirus"	"10449"	"Lymantria dispar multiple nucleopolyhedrovirus"	"no rank"	"Alphabaculovirus lydisparis"	"3048188"	"Alphabaculovirus"	"Baculoviridae"	"Viruses; Naldaviricetes; Lefavirales; Baculoviridae; Alphabaculovirus; Alphabaculovirus lydisparis"	"Lymantria dispar multiple nucleopolyhedrovirus isolate LdMNPV-27/0, complete genome"	"insd"	"GenBank"	"genomic DNA"	"circular"	161727	161727	TRUE	57.4913	0	NA	"Lymantria dispar"	NA	"LdMNPV-27/0"	"Russia"	"2001"	"2017-02-16"	"2019-05-01"	"2019-05-01"	"2016-11-27"	NA	NA	NA	"ok_downloaded"
"KY979487"	"KY979487.1"	NA	"Antheraea proylei nucleopolyhedrovirus"	"2126611"	"Antheraea proylei nucleopolyhedrovirus"	"no rank"	"Alphabaculovirus anpernyi"	"3047366"	"Alphabaculovirus"	"Baculoviridae"	"Viruses; Naldaviricetes; Lefavirales; Baculoviridae; Alphabaculovirus; Alphabaculovirus anpernyi; Antheraea pernyi nucleopolyhedrovirus"	"Antheraea proylei nucleopolyhedrovirus isolate AnprNPV-TS, complete genome"	"insd"	"GenBank"	"genomic DNA"	"circular"	126930	126930	TRUE	53.457	0	NA	"Antheraea pernyi x Antherea roylei (Antheraea proylei)"	"Manipur"	"AnprNPV-TS"	NA	NA	"2019-04-30"	"2019-04-30"	"2019-04-30"	"2017-04-21"	NA	NA	NA	"ok_downloaded"
"MH923363"	"MH923363.1"	NA	"Hyphantria cunea granulovirus"	"307448"	"Hyphantria cunea granulovirus"	"no rank"	"Betabaculovirus hycuneae"	"3051998"	"Betabaculovirus"	"Baculoviridae"	"Viruses; Naldaviricetes; Lefavirales; Baculoviridae; Betabaculovirus; Betabaculovirus hycuneae"	"Hyphantria cunea granulovirus isolate Hc1, complete genome"	"insd"	"GenBank"	"genomic DNA"	"circular"	114825	114825	TRUE	39.301	1	"N"	"Hyphantria cunea"	NA	"Hc1"	"Turkey"	"04-Jul-2015"	"2019-03-30"	"2019-03-30"	"2019-03-30"	"2018-09-18"	NA	"NC_076652.1"	"NCBI ELink nuccore_nuccore_gbrs"	"ok_downloaded"
"MK507817"	"MK507817.1"	NA	"Helicoverpa armigera nucleopolyhedrovirus"	"51313"	"Helicoverpa armigera nucleopolyhedrovirus"	"no rank"	"Alphabaculovirus helarmigerae"	"3047947"	"Alphabaculovirus"	"Baculoviridae"	"Viruses; Naldaviricetes; Lefavirales; Baculoviridae; Alphabaculovirus; Alphabaculovirus helarmigerae"	"Helicoverpa armigera nucleopolyhedrovirus isolate HearNPV-TR, complete genome"	"insd"	"GenBank"	"genomic DNA"	"not-set"	130691	130691	TRUE	38.9002	0	NA	"Heliothis peltigera"	NA	"HearNPV-TR"	"Turkey"	"14-Jul-2014"	"2019-03-23"	"2019-03-23"	"2019-03-23"	"2019-02-08"	NA	NA	NA	"ok_downloaded"
"MH320559"	"MH320559.1"	NA	"Spodoptera eridania nucleopolyhedrovirus"	"2315721"	"Spodoptera eridania nucleopolyhedrovirus"	"no rank"	"Alphabaculovirus speridaniae"	"3078442"	"Alphabaculovirus"	"Baculoviridae"	"Viruses; Naldaviricetes; Lefavirales; Baculoviridae; Alphabaculovirus; Alphabaculovirus speridaniae"	"Spodoptera eridania nucleopolyhedrovirus isolate 251, complete genome"	"insd"	"GenBank"	"genomic DNA"	"circular"	149090	149090	TRUE	45.0097	0	NA	"Spodoptera eridania"	NA	"251"	NA	"09-Oct-1974"	"2018-09-11"	"2019-03-21"	"2019-03-21"	"2018-05-07"	NA	"NC_055502.1"	"NCBI ELink nuccore_nuccore_gbrs"	"ok_downloaded"
"MH577296"	"MH577296.1"	NA	"Trichoplusia ni single nucleopolyhedrovirus"	"332054"	"Trichoplusia ni single nucleopolyhedrovirus"	"no rank"	"Alphabaculovirus trini"	"3048436"	"Alphabaculovirus"	"Baculoviridae"	"Viruses; Naldaviricetes; Lefavirales; Baculoviridae; Alphabaculovirus; Alphabaculovirus trini"	"Trichoplusia ni single nucleopolyhedrovirus isolate LBIV-4, complete genome"	"insd"	"GenBank"	"genomic DNA"	"circular"	136031	136031	TRUE	38.9382	0	NA	"Trichoplusia ni"	NA	"LBIV-4"	"Mexico"	NA	"2019-03-10"	"2019-03-10"	"2019-03-10"	"2018-07-03"	NA	NA	NA	"ok_downloaded"
"MK033576"	"MK033576.1"	NA	"Phthorimaea operculella granulovirus"	"192584"	"Phthorimaea operculella granulovirus"	"no rank"	"Betabaculovirus phoperculellae"	"3048268"	"Betabaculovirus"	"Baculoviridae"	"Viruses; Naldaviricetes; Lefavirales; Baculoviridae; Betabaculovirus; Betabaculovirus phoperculellae"	"Phthorimaea operculella granulovirus isolate PhopGV-Ym.1, complete genome"	"insd"	"GenBank"	"genomic DNA"	"circular"	118936	118936	TRUE	35.6789	0	NA	"Phthorimaea operculella"	NA	"PhopGV-Ym.1"	"Germany"	"04-Oct-2014"	"2019-03-05"	"2019-03-05"	"2019-03-05"	"2018-10-05"	NA	NA	NA	"ok_downloaded"
"MK033575"	"MK033575.1"	NA	"Phthorimaea operculella granulovirus"	"192584"	"Phthorimaea operculella granulovirus"	"no rank"	"Betabaculovirus phoperculellae"	"3048268"	"Betabaculovirus"	"Baculoviridae"	"Viruses; Naldaviricetes; Lefavirales; Baculoviridae; Betabaculovirus; Betabaculovirus phoperculellae"	"Phthorimaea operculella granulovirus isolate PhopGV-R, complete genome"	"insd"	"GenBank"	"genomic DNA"	"circular"	119080	119080	TRUE	35.6668	0	NA	"Phthorimaea operculella"	NA	"PhopGV-R"	"Germany"	"04-Oct-2014"	"2019-03-05"	"2019-03-05"	"2019-03-05"	"2018-10-05"	NA	NA	NA	"ok_downloaded"
"MK033574"	"MK033574.1"	NA	"Phthorimaea operculella granulovirus"	"192584"	"Phthorimaea operculella granulovirus"	"no rank"	"Betabaculovirus phoperculellae"	"3048268"	"Betabaculovirus"	"Baculoviridae"	"Viruses; Naldaviricetes; Lefavirales; Baculoviridae; Betabaculovirus; Betabaculovirus phoperculellae"	"Phthorimaea operculella granulovirus isolate PhopGV-LS3.1, complete genome"	"insd"	"GenBank"	"genomic DNA"	"circular"	119102	119102	TRUE	35.6787	0	NA	"Phthorimaea operculella"	NA	"PhopGV-LS3.1"	"Germany"	"04-Oct-2014"	"2019-03-05"	"2019-03-05"	"2019-03-05"	"2018-10-05"	NA	NA	NA	"ok_downloaded"
"MK033573"	"MK033573.1"	NA	"Phthorimaea operculella granulovirus"	"192584"	"Phthorimaea operculella granulovirus"	"no rank"	"Betabaculovirus phoperculellae"	"3048268"	"Betabaculovirus"	"Baculoviridae"	"Viruses; Naldaviricetes; Lefavirales; Baculoviridae; Betabaculovirus; Betabaculovirus phoperculellae"	"Phthorimaea operculella granulovirus isolate PhopGV-LS2.1, complete genome"	"insd"	"GenBank"	"genomic DNA"	"circular"	118863	118863	TRUE	35.6949	0	NA	"Phthorimaea operculella"	NA	"PhopGV-LS2.1"	"Germany"	"04-Oct-2014"	"2019-03-05"	"2019-03-05"	"2019-03-05"	"2018-10-05"	NA	NA	NA	"ok_downloaded"
"MK033572"	"MK033572.1"	NA	"Phthorimaea operculella granulovirus"	"192584"	"Phthorimaea operculella granulovirus"	"no rank"	"Betabaculovirus phoperculellae"	"3048268"	"Betabaculovirus"	"Baculoviridae"	"Viruses; Naldaviricetes; Lefavirales; Baculoviridae; Betabaculovirus; Betabaculovirus phoperculellae"	"Phthorimaea operculella granulovirus isolate PhopGV-LS1.2, complete genome"	"insd"	"GenBank"	"genomic DNA"	"circular"	119047	119047	TRUE	35.6851	0	NA	"Phthorimaea operculella"	NA	"PhopGV-LS1.2"	"Germany"	"04-Oct-2014"	"2019-03-05"	"2019-03-05"	"2019-03-05"	"2018-10-05"	NA	NA	NA	"ok_downloaded"
"MK033571"	"MK033571.1"	NA	"Phthorimaea operculella granulovirus"	"192584"	"Phthorimaea operculella granulovirus"	"no rank"	"Betabaculovirus phoperculellae"	"3048268"	"Betabaculovirus"	"Baculoviridae"	"Viruses; Naldaviricetes; Lefavirales; Baculoviridae; Betabaculovirus; Betabaculovirus phoperculellae"	"Phthorimaea operculella granulovirus isolate PhopGV-LS1.1, complete genome"	"insd"	"GenBank"	"genomic DNA"	"circular"	119157	119157	TRUE	35.6781	0	NA	"Phthorimaea operculella"	NA	"PhopGV-LS1.1"	"Germany"	"04-Oct-2014"	"2019-03-05"	"2019-03-05"	"2019-03-05"	"2018-10-05"	NA	NA	NA	"ok_downloaded"
"MK033570"	"MK033570.1"	NA	"Phthorimaea operculella granulovirus"	"192584"	"Phthorimaea operculella granulovirus"	"no rank"	"Betabaculovirus phoperculellae"	"3048268"	"Betabaculovirus"	"Baculoviridae"	"Viruses; Naldaviricetes; Lefavirales; Baculoviridae; Betabaculovirus; Betabaculovirus phoperculellae"	"Phthorimaea operculella granulovirus isolate PhopGV-IT1.1, complete genome"	"insd"	"GenBank"	"genomic DNA"	"circular"	119117	119117	TRUE	35.6943	0	NA	"Phthorimaea operculella"	NA	"PhopGV-IT1.1"	"Germany"	"04-Oct-2014"	"2019-03-05"	"2019-03-05"	"2019-03-05"	"2018-10-05"	NA	NA	NA	"ok_downloaded"
"MK033569"	"MK033569.1"	NA	"Phthorimaea operculella granulovirus"	"192584"	"Phthorimaea operculella granulovirus"	"no rank"	"Betabaculovirus phoperculellae"	"3048268"	"Betabaculovirus"	"Baculoviridae"	"Viruses; Naldaviricetes; Lefavirales; Baculoviridae; Betabaculovirus; Betabaculovirus phoperculellae"	"Phthorimaea operculella granulovirus isolate PhopGV-GR2.1, complete genome"	"insd"	"GenBank"	"genomic DNA"	"circular"	119139	119139	TRUE	35.6886	0	NA	"Phthorimaea operculella"	NA	"PhopGV-GR2.1"	"Germany"	"04-Oct-2014"	"2019-03-05"	"2019-03-05"	"2019-03-05"	"2018-10-05"	NA	NA	NA	"ok_downloaded"
"MK033568"	"MK033568.1"	NA	"Phthorimaea operculella granulovirus"	"192584"	"Phthorimaea operculella granulovirus"	"no rank"	"Betabaculovirus phoperculellae"	"3048268"	"Betabaculovirus"	"Baculoviridae"	"Viruses; Naldaviricetes; Lefavirales; Baculoviridae; Betabaculovirus; Betabaculovirus phoperculellae"	"Phthorimaea operculella granulovirus isolate PhopGV-GR1.2, complete genome"	"insd"	"GenBank"	"genomic DNA"	"circular"	119061	119061	TRUE	35.7069	0	NA	"Phthorimaea operculella"	NA	"PhopGV-GR1.2"	"Germany"	"04-Oct-2014"	"2019-03-05"	"2019-03-05"	"2019-03-05"	"2018-10-05"	NA	NA	NA	"ok_downloaded"
"MK033567"	"MK033567.1"	NA	"Phthorimaea operculella granulovirus"	"192584"	"Phthorimaea operculella granulovirus"	"no rank"	"Betabaculovirus phoperculellae"	"3048268"	"Betabaculovirus"	"Baculoviridae"	"Viruses; Naldaviricetes; Lefavirales; Baculoviridae; Betabaculovirus; Betabaculovirus phoperculellae"	"Phthorimaea operculella granulovirus isolate PhopGV-GR1.1, complete genome"	"insd"	"GenBank"	"genomic DNA"	"circular"	119061	119061	TRUE	35.7069	0	NA	"Phthorimaea operculella"	NA	"PhopGV-GR1.1"	"Germany"	"04-Oct-2014"	"2019-03-05"	"2019-03-05"	"2019-03-05"	"2018-10-05"	NA	NA	NA	"ok_downloaded"
"MK033566"	"MK033566.1"	NA	"Phthorimaea operculella granulovirus"	"192584"	"Phthorimaea operculella granulovirus"	"no rank"	"Betabaculovirus phoperculellae"	"3048268"	"Betabaculovirus"	"Baculoviridae"	"Viruses; Naldaviricetes; Lefavirales; Baculoviridae; Betabaculovirus; Betabaculovirus phoperculellae"	"Phthorimaea operculella granulovirus isolate PhopGV-CR5.1, complete genome"	"insd"	"GenBank"	"genomic DNA"	"circular"	118826	118826	TRUE	35.6875	0	NA	"Phthorimaea operculella"	NA	"PhopGV-CR5.1"	"Germany"	"04-Oct-2014"	"2019-03-05"	"2019-03-05"	"2019-03-05"	"2018-10-05"	NA	NA	NA	"ok_downloaded"
"MK033565"	"MK033565.1"	NA	"Phthorimaea operculella granulovirus"	"192584"	"Phthorimaea operculella granulovirus"	"no rank"	"Betabaculovirus phoperculellae"	"3048268"	"Betabaculovirus"	"Baculoviridae"	"Viruses; Naldaviricetes; Lefavirales; Baculoviridae; Betabaculovirus; Betabaculovirus phoperculellae"	"Phthorimaea operculella granulovirus isolate PhopGV-CR3.1, complete genome"	"insd"	"GenBank"	"genomic DNA"	"circular"	119095	119095	TRUE	35.685	0	NA	"Phthorimaea operculella"	NA	"PhopGV-CR3.1"	"Germany"	"04-Oct-2014"	"2019-03-05"	"2019-03-05"	"2019-03-05"	"2018-10-05"	NA	NA	NA	"ok_downloaded"
"NC_033780"	"NC_033780.2"	NA	"Betabaculovirus altermyunipunctae"	"3051996"	"Betabaculovirus altermyunipunctae"	"species"	"Betabaculovirus altermyunipunctae"	"3051996"	"Betabaculovirus"	"Baculoviridae"	"Viruses; Naldaviricetes; Lefavirales; Baculoviridae; Betabaculovirus"	"Mythimna unipuncta granulovirus B isolate MyunGV#8, complete genome"	"refseq"	"RefSeq"	"genomic DNA"	"circular"	144673	144673	TRUE	49.8683	0	NA	"Mythimna unipuncta"	NA	"MyunGV#8"	NA	"20-Apr-1964"	"2017-02-21"	"2019-02-23"	"2019-02-23"	"2016-09-13"	NA	NA	NA	"ok_downloaded"
"MK293724"	"MK293724.1"	NA	"Neophasia sp. alphabaculovirus"	"2520509"	"Neophasia sp. alphabaculovirus"	"species"	"Neophasia sp. alphabaculovirus"	"2520509"	"Alphabaculovirus"	"Baculoviridae"	"Viruses; Naldaviricetes; Lefavirales; Baculoviridae; Alphabaculovirus; unclassified Alphabaculovirus"	"Neophasia sp. alphabaculovirus isolate 11, complete genome"	"insd"	"GenBank"	"genomic DNA"	"circular"	129018	129018	TRUE	44.6945	0	NA	"Neophasia sp."	NA	"11"	"USA"	"1972"	"2019-02-20"	"2019-02-20"	"2019-02-20"	"2018-12-11"	NA	NA	NA	"ok_downloaded"
"MG746626"	"MG746626.1"	NA	"Anticarsia gemmatalis multiple nucleopolyhedrovirus"	"268591"	"Anticarsia gemmatalis multiple nucleopolyhedrovirus"	"no rank"	"Alphabaculovirus angemmatalis"	"3047368"	"Alphabaculovirus"	"Baculoviridae"	"Viruses; Naldaviricetes; Lefavirales; Baculoviridae; Alphabaculovirus; Alphabaculovirus angemmatalis"	"Anticarsia gemmatalis multiple nucleopolyhedrovirus isolate Ag-16, complete genome"	"insd"	"GenBank"	"genomic DNA"	"circular"	130956	130956	TRUE	44.6014	5	"N"	"Anticarsia gemmatalis"	NA	"Ag-16"	"Brazil"	NA	"2019-02-01"	"2019-02-01"	"2019-02-01"	"2018-01-02"	NA	NA	NA	"ok_downloaded"
"MG746625"	"MG746625.1"	NA	"Anticarsia gemmatalis multiple nucleopolyhedrovirus"	"268591"	"Anticarsia gemmatalis multiple nucleopolyhedrovirus"	"no rank"	"Alphabaculovirus angemmatalis"	"3047368"	"Alphabaculovirus"	"Baculoviridae"	"Viruses; Naldaviricetes; Lefavirales; Baculoviridae; Alphabaculovirus; Alphabaculovirus angemmatalis"	"Anticarsia gemmatalis multiple nucleopolyhedrovirus isolate Ag-01, complete genome"	"insd"	"GenBank"	"genomic DNA"	"circular"	131897	131897	TRUE	44.5416	0	NA	"Anticarsia gemmatalis"	NA	"Ag-01"	"Brazil"	NA	"2019-02-01"	"2019-02-01"	"2019-02-01"	"2018-01-02"	NA	NA	NA	"ok_downloaded"
"MH717816"	"MH717816.1"	NA	"Spodoptera exempta nucleopolyhedrovirus"	"1242863"	"Spodoptera exempta nucleopolyhedrovirus"	"no rank"	"Alphabaculovirus spexemptae"	"3048330"	"Alphabaculovirus"	"Baculoviridae"	"Viruses; Naldaviricetes; Lefavirales; Baculoviridae; Alphabaculovirus; Alphabaculovirus spexemptae"	"Spodoptera exempta nucleopolyhedrovirus strain 244.1, complete genome"	"insd"	"GenBank"	"genomic DNA"	"circular"	129528	129528	TRUE	41.228	2	"N"	"Spodoptera exempta"	"244.1"	NA	NA	"01-Jan-2005"	"2019-01-29"	"2019-01-29"	"2019-01-29"	"2018-08-03"	NA	"NC_055455.1"	"NCBI ELink nuccore_nuccore_gbrs"	"ok_downloaded"
"MH797002"	"MH797002.1"	NA	"Antheraea proylei nucleopolyhedrovirus"	"2126611"	"Antheraea proylei nucleopolyhedrovirus"	"no rank"	"Alphabaculovirus anpernyi"	"3047366"	"Alphabaculovirus"	"Baculoviridae"	"Viruses; Naldaviricetes; Lefavirales; Baculoviridae; Alphabaculovirus; Alphabaculovirus anpernyi; Antheraea pernyi nucleopolyhedrovirus"	"Antheraea proylei nucleopolyhedrovirus strain TkhulenIBD, complete genome"	"insd"	"GenBank"	"genomic DNA"	"circular"	126930	126930	TRUE	53.457	0	NA	"Antheraea pernyi x Antherea roylei"	"TkhulenIBD"	NA	"India: Manipur"	"20-Apr-2016"	"2018-11-24"	"2018-11-24"	"2018-11-24"	"2018-08-24"	NA	NA	NA	"ok_downloaded"
"MG958660"	"MG958660.1"	NA	"Spodoptera littoralis nucleopolyhedrovirus"	"10456"	"Spodoptera littoralis nucleopolyhedrovirus"	"no rank"	"Alphabaculovirus splittoralis"	"3048336"	"Alphabaculovirus"	"Baculoviridae"	"Viruses; Naldaviricetes; Lefavirales; Baculoviridae; Alphabaculovirus; Alphabaculovirus splittoralis"	"Spodoptera littoralis nucleopolyhedrovirus isolate SpliNPV-Tun2, complete genome"	"insd"	"GenBank"	"genomic DNA"	"circular"	137099	137099	TRUE	44.6954	0	NA	NA	NA	"SpliNPV-Tun2"	NA	NA	"2018-11-14"	"2018-11-14"	"2018-11-14"	"2018-02-15"	NA	NA	NA	"ok_downloaded"
"MH170055"	"MH170055.1"	NA	"Spodoptera frugiperda granulovirus"	"307454"	"Spodoptera frugiperda granulovirus"	"no rank"	"Betabaculovirus spofrugiperdae"	"3048334"	"Betabaculovirus"	"Baculoviridae"	"Viruses; Naldaviricetes; Lefavirales; Baculoviridae; Betabaculovirus; Betabaculovirus spofrugiperdae"	"Spodoptera frugiperda granulovirus isolate ARG, complete genome"	"insd"	"GenBank"	"genomic DNA"	"not-set"	139812	139812	TRUE	46.2721	0	NA	"Spodoptera frugiperda"	NA	"ARG"	"Argentina"	NA	"2018-09-03"	"2018-10-16"	"2018-10-16"	"2018-04-04"	NA	NA	NA	"ok_downloaded"
"MH394321"	"MH394321.1"	NA	"Cryptophlebia peltastica nucleopolyhedrovirus"	"2304025"	"Cryptophlebia peltastica nucleopolyhedrovirus"	"no rank"	"Alphabaculovirus crypeltasticae"	"3078440"	"Alphabaculovirus"	"Baculoviridae"	"Viruses; Naldaviricetes; Lefavirales; Baculoviridae; Alphabaculovirus; Alphabaculovirus crypeltasticae"	"Cryptophlebia peltastica nucleopolyhedrovirus, complete genome"	"insd"	"GenBank"	"genomic DNA"	"circular"	115728	115728	TRUE	37.1708	0	NA	"Cryptophlebia peltastica"	NA	"SA"	"South Africa"	"2013"	"2018-09-04"	"2018-09-04"	"2018-09-04"	"2018-05-25"	NA	"NC_055500.1"	"NCBI ELink nuccore_nuccore_gbrs"	"ok_downloaded"
"MG569706"	"MG569706.1"	NA	"Helicoverpa assulta nucleopolyhedrovirus"	"2306063"	"Helicoverpa assulta nucleopolyhedrovirus"	"species"	"Helicoverpa assulta nucleopolyhedrovirus"	"2306063"	"Alphabaculovirus"	"Baculoviridae"	"Viruses; Naldaviricetes; Lefavirales; Baculoviridae; Alphabaculovirus; unclassified Alphabaculovirus"	"Helicoverpa assulta nucleopolyhedrovirus isolate HasNPV-DJ0031, complete genome"	"insd"	"GenBank"	"genomic DNA"	"circular"	129801	129801	TRUE	38.8734	0	NA	NA	NA	"HasNPV-DJ0031"	"China: Beijing"	"1993"	"2018-09-03"	"2018-09-03"	"2018-09-03"	"2017-11-21"	NA	NA	NA	"ok_downloaded"
"KY968317"	"KY968317.1"	NA	"Malacosoma neustria nucleopolyhedrovirus"	"38012"	"Malacosoma neustria nucleopolyhedrovirus"	"species"	"Malacosoma neustria nucleopolyhedrovirus"	"38012"	"Alphabaculovirus"	"Baculoviridae"	"Viruses; Naldaviricetes; Lefavirales; Baculoviridae; Alphabaculovirus; unclassified Alphabaculovirus"	"Malacosoma neustria nucleopolyhedrovirus isolate ManeNPV-T2, complete genome"	"insd"	"GenBank"	"genomic DNA"	"not-set"	130202	130202	TRUE	38.2026	12	"N"	"Malacosoma neustria"	NA	"ManeNPV-T2"	"Turkey"	"01-May-2006"	"2018-08-29"	"2018-08-29"	"2018-08-29"	"2017-04-21"	NA	"NC_040606.1"	"NCBI ELink nuccore_nuccore_gbrs"	"ok_downloaded"
"NC_002654"	"NC_002654.2"	NA	"Helicoverpa armigera nucleopolyhedrovirus G4"	"148363"	"Helicoverpa armigera nucleopolyhedrovirus G4"	"no rank"	"Alphabaculovirus helarmigerae"	"3047947"	"Alphabaculovirus"	"Baculoviridae"	"Viruses; Naldaviricetes; Lefavirales; Baculoviridae; Alphabaculovirus; Alphabaculovirus helarmigerae; Helicoverpa armigera nucleopolyhedrovirus"	"Helicoverpa armigera nucleopolyhedrovirus G4, complete genome"	"refseq"	"RefSeq"	"genomic DNA"	"circular"	131405	131405	TRUE	39.0153	0	NA	NA	NA	NA	NA	NA	"2001-01-25"	"2018-08-29"	"2018-08-29"	"2000-05-19"	NA	NA	NA	"ok_downloaded"
"NC_038369"	"NC_038369.1"	NA	"Spodoptera littoralis nucleopolyhedrovirus"	"10456"	"Spodoptera littoralis nucleopolyhedrovirus"	"no rank"	"Alphabaculovirus splittoralis"	"3048336"	"Alphabaculovirus"	"Baculoviridae"	"Viruses; Naldaviricetes; Lefavirales; Baculoviridae; Alphabaculovirus; Alphabaculovirus splittoralis"	"Spodoptera littoralis NPV isolate AN1956, complete genome"	"refseq"	"RefSeq"	"genomic DNA"	"circular"	137998	137998	TRUE	44.6738	0	NA	"Spodoptera littoralis"	NA	"AN1956"	"Egypt"	"1956"	"2018-08-24"	"2018-08-25"	"2018-08-25"	"2012-08-01"	NA	NA	NA	"ok_downloaded"
"NC_039213"	"NC_039213.1"	NA	"Agrotis segetum granulovirus"	"10464"	"Agrotis segetum granulovirus"	"no rank"	"Betabaculovirus agsegetum"	"3047353"	"Betabaculovirus"	"Baculoviridae"	"Viruses; Naldaviricetes; Lefavirales; Baculoviridae; Betabaculovirus; Betabaculovirus agsegetum"	"Agrotis segetum granulovirus strain DA, complete genome"	"refseq"	"RefSeq"	"genomic DNA"	"circular"	131557	131557	TRUE	37.3245	0	NA	"Agrotis segetum"	"DA"	NA	"Austria"	"1964"	"2018-08-24"	"2018-08-24"	"2018-08-24"	"2015-05-07"	NA	NA	NA	"ok_downloaded"
"NC_038371"	"NC_038371.1"	NA	"Clostera anastomosis granulovirus B"	"1986290"	"Clostera anastomosis granulovirus B"	"no rank"	"Betabaculovirus alterclanastomosis"	"3047764"	"Betabaculovirus"	"Baculoviridae"	"Viruses; Naldaviricetes; Lefavirales; Baculoviridae; Betabaculovirus; Betabaculovirus alterclanastomosis"	"Clostera anastomosis granulovirus B, complete genome"	"refseq"	"RefSeq"	"genomic DNA"	"circular"	107439	107439	TRUE	37.7675	0	NA	"Clostera anastomosis"	"ClasGV-B"	NA	"China: Hunan"	"15-Apr-2005"	"2018-08-24"	"2018-08-24"	"2018-08-24"	"2015-04-06"	NA	NA	NA	"ok_downloaded"
"NC_029997"	"NC_029997.2"	NA	"Urbanus proteus nucleopolyhedrovirus"	"1675866"	"Urbanus proteus nucleopolyhedrovirus"	"no rank"	"Alphabaculovirus urprotei"	"3048442"	"Alphabaculovirus"	"Baculoviridae"	"Viruses; Naldaviricetes; Lefavirales; Baculoviridae; Alphabaculovirus; Alphabaculovirus urprotei"	"Urbanus proteus nucleopolyhedrovirus isolate Southern Brazil, complete genome"	"refseq"	"RefSeq"	"genomic DNA"	"circular"	105555	105555	TRUE	34.7429	14	"MRY"	"Urbanus proteus"	NA	"Southern Brazil"	"Brazil"	NA	"2016-04-29"	"2018-08-13"	"2018-08-13"	"2015-03-23"	NA	NA	NA	"ok_downloaded"
"NC_032255"	"NC_032255.1"	NA	"Plodia interpunctella granulovirus"	"262175"	"Plodia interpunctella granulovirus"	"no rank"	"Betabaculovirus plinterpunctellae"	"3048275"	"Betabaculovirus"	"Baculoviridae"	"Viruses; Naldaviricetes; Lefavirales; Baculoviridae; Betabaculovirus; Betabaculovirus plinterpunctellae"	"Plodia interpunctella granulovirus isolate Cambridge, complete genome"	"refseq"	"RefSeq"	"genomic DNA"	"circular"	112536	112536	TRUE	44.2125	0	NA	"Plodia interpunctella"	NA	"Cambridge"	"United Kingdom"	NA	"2016-12-27"	"2018-08-13"	"2018-08-13"	"2016-04-21"	NA	NA	NA	"ok_downloaded"
"NC_031761"	"NC_031761.1"	NA	"Anticarsia gemmatalis multiple nucleopolyhedrovirus"	"268591"	"Anticarsia gemmatalis multiple nucleopolyhedrovirus"	"no rank"	"Alphabaculovirus angemmatalis"	"3047368"	"Alphabaculovirus"	"Baculoviridae"	"Viruses; Naldaviricetes; Lefavirales; Baculoviridae; Alphabaculovirus; Alphabaculovirus angemmatalis"	"Anticarsia gemmatalis multicapsid nucleopolyhedrovirus isolate AgMNPV-37, complete genome"	"refseq"	"RefSeq"	"genomic DNA"	"circular"	131855	131855	TRUE	44.4845	0	NA	"Anticarsia gemmatalis"	NA	"AgMNPV-37"	"Brazil"	"1982"	"2016-11-10"	"2018-08-13"	"2018-08-13"	"2015-05-04"	NA	NA	NA	"ok_downloaded"
"NC_030240"	"NC_030240.1"	NA	"Catopsilia pomona nucleopolyhedrovirus"	"1850906"	"Catopsilia pomona nucleopolyhedrovirus"	"no rank"	"Alphabaculovirus capomonae"	"3047737"	"Alphabaculovirus"	"Baculoviridae"	"Viruses; Naldaviricetes; Lefavirales; Baculoviridae; Alphabaculovirus; Alphabaculovirus capomonae"	"Catopsilia pomona nucleopolyhedrovirus isolate 416, complete genome"	"refseq"	"RefSeq"	"genomic DNA"	"circular"	128058	128058	TRUE	39.6633	0	NA	"Catopsilia pomona"	NA	"416"	"China"	"1990"	"2016-05-31"	"2018-08-13"	"2018-08-13"	"2016-01-21"	NA	NA	NA	"ok_downloaded"
"NC_029996"	"NC_029996.1"	NA	"Mocis latipes granulovirus"	"2072024"	"Mocis latipes granulovirus"	"no rank"	"Betabaculovirus molatipedis"	"3048204"	"Betabaculovirus"	"Baculoviridae"	"Viruses; Naldaviricetes; Lefavirales; Baculoviridae; Betabaculovirus; Betabaculovirus molatipedis"	"Mocis latipes granulovirus, complete genome"	"refseq"	"RefSeq"	"genomic DNA"	"circular"	134272	134272	TRUE	38.2784	126	"KMRSWY"	"Mocis sp."	NA	"Southern Brazil"	"Brazil"	NA	"2016-04-29"	"2018-08-13"	"2018-08-13"	"2015-03-23"	NA	NA	NA	"ok_downloaded"
"NC_028636"	"NC_028636.1"	NA	"Sucra jujuba nucleopolyhedrovirus"	"1563660"	"Sucra jujuba nucleopolyhedrovirus"	"no rank"	"Alphabaculovirus sujujubae"	"3048345"	"Alphabaculovirus"	"Baculoviridae"	"Viruses; Naldaviricetes; Lefavirales; Baculoviridae; Alphabaculovirus; Alphabaculovirus sujujubae"	"Sucra jujuba nucleopolyhedrovirus isolate 473, complete genome"	"refseq"	"RefSeq"	"genomic DNA"	"circular"	135952	135952	TRUE	38.6578	0	NA	"Sucra jujuba"	NA	"473"	"China"	"1981"	"2015-12-08"	"2018-08-13"	"2018-08-13"	"2014-04-05"	NA	NA	NA	"ok_downloaded"
"NC_028491"	"NC_028491.1"	NA	"Diatraea saccharalis granulovirus"	"1675862"	"Diatraea saccharalis granulovirus"	"no rank"	"Betabaculovirus disaccharalis"	"3047795"	"Betabaculovirus"	"Baculoviridae"	"Viruses; Naldaviricetes; Lefavirales; Baculoviridae; Betabaculovirus; Betabaculovirus disaccharalis"	"Diatraea saccharalis granulovirus, complete genome"	"refseq"	"RefSeq"	"genomic DNA"	"circular"	98392	98392	TRUE	34.9342	10	"NRWY"	"Diatraea saccharalis"	"Parana-2009"	"DisaGV-Parana-2009"	"Brazil"	"2009"	"2015-12-03"	"2018-08-13"	"2018-08-13"	"2014-12-19"	NA	NA	NA	"ok_downloaded"
"NC_027923"	"NC_027923.1"	NA	"Perigonia lusca single nucleopolyhedrovirus"	"1675865"	"Perigonia lusca single nucleopolyhedrovirus"	"no rank"	"Alphabaculovirus peluscae"	"3051421"	"Alphabaculovirus"	"Baculoviridae"	"Viruses; Naldaviricetes; Lefavirales; Baculoviridae; Alphabaculovirus; Alphabaculovirus peluscae; Perigonia lusca nucleopolyhedrovirus"	"Perigonia lusca single nucleopolyhedrovirus, complete genome"	"refseq"	"RefSeq"	"genomic DNA"	"circular"	132831	132831	TRUE	39.569	78	"KMNRSWY"	"Perigonia lusca ilus"	NA	NA	"Brazil"	NA	"2015-10-07"	"2018-08-13"	"2018-08-13"	"2014-09-19"	NA	NA	NA	"ok_downloaded"
"NC_008520"	"NC_008520.2"	NA	"Anticarsia gemmatalis nucleopolyhedrovirus"	"31507"	"Anticarsia gemmatalis nucleopolyhedrovirus"	"species"	"Anticarsia gemmatalis nucleopolyhedrovirus"	"31507"	"Alphabaculovirus"	"Baculoviridae"	"Viruses; Naldaviricetes; Lefavirales; Baculoviridae; Alphabaculovirus; unclassified Alphabaculovirus"	"Anticarsia gemmatalis nucleopolyhedrovirus, complete genome"	"refseq"	"RefSeq"	"genomic DNA"	"circular"	132239	132239	TRUE	44.5035	0	NA	NA	NA	"AgMNPV-2D"	"Brazil"	NA	"2006-10-21"	"2018-08-13"	"2018-08-13"	"2004-01-22"	NA	NA	NA	"ok_downloaded"
"NC_026922"	"NC_026922.1"	NA	"Lambdina fiscellaria nucleopolyhedrovirus"	"1642929"	"Lambdina fiscellaria nucleopolyhedrovirus"	"no rank"	"Alphabaculovirus lafiscellariae"	"3048172"	"Alphabaculovirus"	"Baculoviridae"	"Viruses; Naldaviricetes; Lefavirales; Baculoviridae; Alphabaculovirus; Alphabaculovirus lafiscellariae"	"Lambdina fiscellaria nucleopolyhedrovirus isolate GR15, complete genome"	"refseq"	"RefSeq"	"genomic DNA"	"linear"	157977	157977	TRUE	43.6557	0	NA	"Lambdina fiscellaria"	NA	"GR15"	"USA"	NA	"2015-04-28"	"2018-08-13"	"2018-08-13"	"2015-02-05"	NA	NA	NA	"ok_downloaded"
"NC_026511"	"NC_026511.1"	NA	"Spodoptera frugiperda granulovirus"	"307454"	"Spodoptera frugiperda granulovirus"	"no rank"	"Betabaculovirus spofrugiperdae"	"3048334"	"Betabaculovirus"	"Baculoviridae"	"Viruses; Naldaviricetes; Lefavirales; Baculoviridae; Betabaculovirus; Betabaculovirus spofrugiperdae"	"Spodoptera frugiperda Betabaculovirus isolate VG008, complete genome"	"refseq"	"RefSeq"	"genomic DNA"	"linear"	140913	140913	TRUE	46.2271	0	NA	"Spodoptera frugiperda"	NA	"VG008"	"Colombia"	NA	"2015-02-26"	"2018-08-13"	"2018-08-13"	"2014-08-20"	NA	NA	NA	"ok_downloaded"
"NC_026430"	"NC_026430.1"	NA	"Condylorrhiza vestigialis mutiple nucleopolyhedrovirus"	"1592576"	"Condylorrhiza vestigialis mutiple nucleopolyhedrovirus"	"no rank"	"Alphabaculovirus covestigialis"	"3051416"	"Alphabaculovirus"	"Baculoviridae"	"Viruses; Naldaviricetes; Lefavirales; Baculoviridae; Alphabaculovirus; Alphabaculovirus covestigialis"	"Condylorrhiza vestigialis MNPV, complete genome"	"refseq"	"RefSeq"	"genomic DNA"	"circular"	125767	125767	TRUE	42.9173	2	"N"	"Condylorrhiza vestigialis"	NA	NA	"Brazil"	"Oct-2002"	"2015-02-06"	"2018-08-13"	"2018-08-13"	"2014-03-27"	NA	NA	NA	"ok_downloaded"
"NC_026268"	"NC_026268.1"	NA	"Pseudoplusia includens SNPV IE"	"1592335"	"Pseudoplusia includens SNPV IE"	"no rank"	"Alphabaculovirus alterchrincludentis"	"3047754"	"Alphabaculovirus"	"Baculoviridae"	"Viruses; Naldaviricetes; Lefavirales; Baculoviridae; Alphabaculovirus; Alphabaculovirus alterchrincludentis; Chrysodeixis includens nucleopolyhedrovirus"	"Pseudoplusia includens SNPV IE, complete genome"	"refseq"	"RefSeq"	"genomic DNA"	"circular"	139132	139132	TRUE	39.293	18	"HKMRWY"	"Pseudoplusia includens"	NA	NA	"Brazil"	"Feb-2007"	"2015-01-31"	"2018-08-13"	"2018-08-13"	"2014-03-26"	NA	NA	NA	"ok_downloaded"
"NC_025960"	"NC_025960.1"	NA	"Agrotis segetum nucleopolyhedrovirus B"	"1580580"	"Agrotis segetum nucleopolyhedrovirus B"	"no rank"	"Alphabaculovirus alteragsegetum"	"3047355"	"Alphabaculovirus"	"Baculoviridae"	"Viruses; Naldaviricetes; Lefavirales; Baculoviridae; Alphabaculovirus; Alphabaculovirus alteragsegetum"	"Agrotis segetum nucleopolyhedrovirus B isolate English, complete genome"	"refseq"	"RefSeq"	"genomic DNA"	"circular"	148981	148981	TRUE	45.6897	0	NA	"Agrotis segetum"	NA	"English"	"United Kingdom: Oxford, England"	NA	"2014-12-23"	"2018-08-13"	"2018-08-13"	"2014-07-08"	NA	NA	NA	"ok_downloaded"
"NC_025257"	"NC_025257.1"	NA	"Erinnyis ello granulovirus"	"307444"	"Erinnyis ello granulovirus"	"no rank"	"Betabaculovirus erellonis"	"3047828"	"Betabaculovirus"	"Baculoviridae"	"Viruses; Naldaviricetes; Lefavirales; Baculoviridae; Betabaculovirus; Betabaculovirus erellonis"	"Erinnyis ello granulovirus, complete genome"	"refseq"	"RefSeq"	"genomic DNA"	"circular"	102759	102759	TRUE	38.6964	0	NA	"Erinnyis ello ello (cassava hornworm)"	NA	"S86"	"Brazil: Southern Brazil"	"1986"	"2014-10-16"	"2018-08-13"	"2018-08-13"	"2014-02-04"	NA	NA	NA	"ok_downloaded"
"NC_023681"	"NC_023681.1"	NA	"Mamestra brassicae multiple nucleopolyhedrovirus"	"78219"	"Mamestra brassicae multiple nucleopolyhedrovirus"	"no rank"	"Alphabaculovirus mabrassicae"	"3048194"	"Alphabaculovirus"	"Baculoviridae"	"Viruses; Naldaviricetes; Lefavirales; Baculoviridae; Alphabaculovirus; Alphabaculovirus mabrassicae"	"Mamestra brassicae MNPV strain K1, complete genome"	"refseq"	"RefSeq"	"genomic DNA"	"circular"	152710	152710	TRUE	39.8893	0	NA	"Mamestra brassicae"	"K1"	NA	"South Korea"	"Jan-2011"	"2014-03-11"	"2018-08-13"	"2018-08-13"	"2012-03-19"	NA	NA	NA	"ok_downloaded"
"NC_023442"	"NC_023442.1"	NA	"Buzura suppressaria nucleopolyhedrovirus"	"74320"	"Buzura suppressaria nucleopolyhedrovirus"	"no rank"	"Alphabaculovirus busuppressariae"	"3047704"	"Alphabaculovirus"	"Baculoviridae"	"Viruses; Naldaviricetes; Lefavirales; Baculoviridae; Alphabaculovirus; Alphabaculovirus busuppressariae"	"Buzura suppressaria nucleopolyhedrovirus isolate Hubei, complete genome"	"refseq"	"RefSeq"	"genomic DNA"	"circular"	120420	120420	TRUE	36.7829	0	NA	"Buzura suppressaria"	NA	"Hubei"	"China"	"1978"	"2014-02-13"	"2018-08-13"	"2018-08-13"	"2013-09-01"	NA	NA	NA	"ok_downloaded"
"NC_023177"	"NC_023177.1"	NA	"Choristoneura murinana nucleopolyhedrovirus"	"1987479"	"Choristoneura murinana nucleopolyhedrovirus"	"no rank"	"Alphabaculovirus chomurinanae"	"3047751"	"Alphabaculovirus"	"Baculoviridae"	"Viruses; Naldaviricetes; Lefavirales; Baculoviridae; Alphabaculovirus; Alphabaculovirus chomurinanae"	"Choristoneura murinana alphabaculovirus strain Darmstadt, complete genome"	"refseq"	"RefSeq"	"genomic DNA"	"circular"	124688	124688	TRUE	50.0096	0	NA	NA	"Darmstadt"	NA	NA	NA	"2014-01-05"	"2018-08-13"	"2018-08-13"	"2013-11-21"	NA	NA	NA	"ok_downloaded"
"NC_022646"	"NC_022646.1"	NA	"Clostera anastomosis granulovirus Henan"	"1986291"	"Clostera anastomosis granulovirus Henan"	"no rank"	"Betabaculovirus clanastomosis"	"3047763"	"Betabaculovirus"	"Baculoviridae"	"Viruses; Naldaviricetes; Lefavirales; Baculoviridae; Betabaculovirus; Betabaculovirus clanastomosis; Clostera anastomosis granulovirus A"	"Clostera anastomosis granulovirus Henan, complete genome"	"refseq"	"RefSeq"	"genomic DNA"	"circular"	101818	101818	TRUE	46.7216	0	NA	"Clostera anastomosis L."	NA	"CaLGV-Henan"	"China: Henan Province"	"Jul-2010"	"2013-11-04"	"2018-08-13"	"2018-08-13"	"2012-11-15"	NA	NA	NA	"ok_downloaded"
"NC_021923"	"NC_021923.1"	NA	"Hemileuca sp. nucleopolyhedrovirus"	"1367203"	"Hemileuca sp. nucleopolyhedrovirus"	"no rank"	"Alphabaculovirus heleucae"	"3051417"	"Alphabaculovirus"	"Baculoviridae"	"Viruses; Naldaviricetes; Lefavirales; Baculoviridae; Alphabaculovirus; Alphabaculovirus heleucae; Hemileuca species nucleopolyhedrovirus"	"Hemileuca sp. nucleopolyhedrovirus, complete genome"	"refseq"	"RefSeq"	"genomic DNA"	"linear"	140633	140633	TRUE	38.0935	0	NA	"Hemileuca sp."	NA	NA	"USA"	NA	"2013-08-06"	"2018-08-13"	"2018-08-13"	"2013-05-30"	NA	NA	NA	"ok_downloaded"
"NC_021924"	"NC_021924.1"	NA	"Choristoneura rosaceana nucleopolyhedrovirus"	"58094"	"Choristoneura rosaceana nucleopolyhedrovirus"	"no rank"	"Alphabaculovirus chorosaceanae"	"3047752"	"Alphabaculovirus"	"Baculoviridae"	"Viruses; Naldaviricetes; Lefavirales; Baculoviridae; Alphabaculovirus; Alphabaculovirus chorosaceanae"	"Choristoneura rosaceana alphabaculovirus, complete genome"	"refseq"	"RefSeq"	"genomic DNA"	"circular"	129052	129052	TRUE	48.5742	0	NA	"Choristoneura rosaceana"	NA	"NB_1"	"Canada"	"1992"	"2013-08-05"	"2018-08-13"	"2018-08-13"	"2013-04-24"	NA	NA	NA	"ok_downloaded"
"NC_019945"	"NC_019945.1"	NA	"Thysanoplusia orichalcea nucleopolyhedrovirus"	"101850"	"Thysanoplusia orichalcea nucleopolyhedrovirus"	"no rank"	"Alphabaculovirus thorichlaceae"	"3048363"	"Alphabaculovirus"	"Baculoviridae"	"Viruses; Naldaviricetes; Lefavirales; Baculoviridae; Alphabaculovirus; Alphabaculovirus thorichlaceae"	"Thysanoplusia orichalcea NPV isolate p2, complete genome"	"refseq"	"RefSeq"	"genomic DNA"	"circular"	132978	132978	TRUE	39.5028	0	NA	"Thysanoplusia orichalcea"	NA	"p2"	"Indonesia"	"1992"	"2013-01-02"	"2018-08-13"	"2018-08-13"	"2012-08-07"	NA	NA	NA	"ok_downloaded"
"NC_018875"	"NC_018875.1"	NA	"Epinotia aporema granulovirus"	"166056"	"Epinotia aporema granulovirus"	"no rank"	"Betabaculovirus epaporemae"	"3047824"	"Betabaculovirus"	"Baculoviridae"	"Viruses; Naldaviricetes; Lefavirales; Baculoviridae; Betabaculovirus; Betabaculovirus epaporemae"	"Epinotia aporema granulovirus, complete genome"	"refseq"	"RefSeq"	"genomic DNA"	"circular"	119082	119082	TRUE	41.4731	0	NA	"Epinotia aporema Wals."	NA	NA	"Argentina: Oliveros, Santa Fe"	NA	"2012-10-18"	"2018-08-13"	"2018-08-13"	"2011-07-28"	NA	NA	NA	"ok_downloaded"
"NC_018504"	"NC_018504.1"	NA	"Apocheima cinerarium nucleopolyhedrovirus"	"307461"	"Apocheima cinerarium nucleopolyhedrovirus"	"species"	"Apocheima cinerarium nucleopolyhedrovirus"	"307461"	"Alphabaculovirus"	"Baculoviridae"	"Viruses; Naldaviricetes; Lefavirales; Baculoviridae; Alphabaculovirus; unclassified Alphabaculovirus"	"Apocheima cinerarium nucleopolyhedrovirus, complete genome"	"refseq"	"RefSeq"	"genomic DNA"	"circular"	123876	123876	TRUE	33.353	7	"KMRSY"	"Apocheima cinerarium (Erschoff) (Lepidoptera: Geometridae)"	NA	NA	"China"	"2008"	"2012-08-28"	"2018-08-13"	"2018-08-13"	"2009-04-13"	NA	NA	NA	"ok_downloaded"
"NC_015398"	"NC_015398.1"	NA	"Clostera anachoreta granulovirus"	"283675"	"Clostera anachoreta granulovirus"	"no rank"	"Betabaculovirus clanachoretae"	"3047762"	"Betabaculovirus"	"Baculoviridae"	"Viruses; Naldaviricetes; Lefavirales; Baculoviridae; Betabaculovirus; Betabaculovirus clanachoretae"	"Clostera anachoreta granulovirus, complete genome"	"refseq"	"RefSeq"	"genomic DNA"	"circular"	101487	101487	TRUE	44.4165	0	NA	"Clostera anachoreta"	NA	"ClanGV-HBHN"	"China"	NA	"2011-05-27"	"2018-08-13"	"2018-08-13"	"2010-08-04"	NA	NA	NA	"ok_downloaded"
"NC_009011"	"NC_009011.2"	NA	"Spodoptera frugiperda multiple nucleopolyhedrovirus"	"10455"	"Spodoptera frugiperda multiple nucleopolyhedrovirus"	"no rank"	"Alphabaculovirus spofrugiperdae"	"3048335"	"Alphabaculovirus"	"Baculoviridae"	"Viruses; Naldaviricetes; Lefavirales; Baculoviridae; Alphabaculovirus; Alphabaculovirus spofrugiperdae"	"Spodoptera frugiperda MNPV virus, complete genome"	"refseq"	"RefSeq"	"genomic DNA"	"circular"	131331	131331	TRUE	40.2441	0	NA	NA	NA	"3AP2"	NA	NA	"2007-02-16"	"2018-08-13"	"2018-08-13"	"2002-06-05"	NA	NA	NA	"ok_downloaded"
"NC_013953"	"NC_013953.1"	NA	"Lymantria xylina nucleopolyhedrovirus"	"166921"	"Lymantria xylina nucleopolyhedrovirus"	"no rank"	"Alphabaculovirus lyxylinae"	"3051419"	"Alphabaculovirus"	"Baculoviridae"	"Viruses; Naldaviricetes; Lefavirales; Baculoviridae; Alphabaculovirus; Alphabaculovirus lyxylinae"	"Lymantria xylina MNPV, complete genome"	"refseq"	"RefSeq"	"genomic DNA"	"circular"	156344	156344	TRUE	53.4763	0	NA	"Lymantria xylina"	NA	"LyxyMNPV-5"	"Taiwan"	"08-Aug-2006"	"2010-03-29"	"2018-08-13"	"2018-08-13"	"2009-05-23"	NA	NA	NA	"ok_downloaded"
"NC_013797"	"NC_013797.1"	NA	"Betabaculovirus arrapae"	"362830"	"Betabaculovirus arrapae"	"species"	"Betabaculovirus arrapae"	"362830"	"Betabaculovirus"	"Baculoviridae"	"Viruses; Naldaviricetes; Lefavirales; Baculoviridae; Betabaculovirus"	"Artogeia rapae granulovirus isolate Wuhan, complete genome"	"refseq"	"RefSeq"	"genomic DNA"	"circular"	108592	108592	TRUE	33.1802	0	NA	"Pieris rapae"	NA	"Wuhan"	"China"	"2007"	"2010-02-11"	"2018-08-13"	"2018-08-13"	"2009-09-06"	NA	NA	NA	"ok_downloaded"
"NC_013772"	"NC_013772.1"	NA	"Pseudalatia unipuncta granulovirus"	"36355"	"Pseudalatia unipuncta granulovirus"	"no rank"	"Betabaculovirus myunipunctae"	"3051999"	"Betabaculovirus"	"Baculoviridae"	"Viruses; Naldaviricetes; Lefavirales; Baculoviridae; Betabaculovirus; Betabaculovirus myunipunctae"	"Pseudaletia unipuncta granulovirus, complete genome"	"refseq"	"RefSeq"	"genomic DNA"	"circular"	176677	176677	TRUE	39.7928	2	"M"	"Pseudaletia separata"	"Hawaiin"	NA	NA	NA	"2010-01-30"	"2018-08-13"	"2018-08-13"	"2008-04-27"	NA	NA	NA	"ok_downloaded"
"NC_012639"	"NC_012639.1"	NA	"Euproctis pseudoconspersa nucleopolyhedrovirus"	"307467"	"Euproctis pseudoconspersa nucleopolyhedrovirus"	"no rank"	"Alphabaculovirus eupseudoconspersae"	"3047831"	"Alphabaculovirus"	"Baculoviridae"	"Viruses; Naldaviricetes; Lefavirales; Baculoviridae; Alphabaculovirus; Alphabaculovirus eupseudoconspersae"	"Euproctis pseudoconspersa nucleopolyhedrovirus, complete genome"	"refseq"	"RefSeq"	"genomic DNA"	"circular"	141291	141291	TRUE	40.3451	0	NA	"tea tussork"	"Hangzhou"	NA	"China:Zhejiang"	"Aug-1994"	"2009-04-30"	"2018-08-13"	"2018-08-13"	"2008-09-19"	NA	NA	NA	"ok_downloaded"
"NC_011616"	"NC_011616.1"	NA	"Spodoptera litura nucleopolyhedrovirus II"	"566270"	"Spodoptera litura nucleopolyhedrovirus II"	"species"	"Spodoptera litura nucleopolyhedrovirus II"	"566270"	"Alphabaculovirus"	"Baculoviridae"	"Viruses; Naldaviricetes; Lefavirales; Baculoviridae; Alphabaculovirus; unclassified Alphabaculovirus"	"Spodoptera litura nucleopolyhedrovirus II, complete genome"	"refseq"	"RefSeq"	"genomic DNA"	"circular"	148634	148634	TRUE	44.9971	0	NA	NA	NA	NA	NA	NA	"2008-12-01"	"2018-08-13"	"2018-08-13"	"2008-05-30"	NA	NA	NA	"ok_downloaded"
"NC_011423"	"NC_011423.1"	NA	"Adoxophyes orana nucleopolyhedrovirus"	"542343"	"Adoxophyes orana nucleopolyhedrovirus"	"species"	"Adoxophyes orana nucleopolyhedrovirus"	"542343"	"Alphabaculovirus"	"Baculoviridae"	"Viruses; Naldaviricetes; Lefavirales; Baculoviridae; Alphabaculovirus; unclassified Alphabaculovirus"	"Adoxophyes orana nucleopolyhedrovirus, complete genome"	"refseq"	"RefSeq"	"genomic DNA"	"circular"	111724	111724	TRUE	34.9952	0	NA	"Adoxophyes orana"	NA	"English"	"United Kingdom"	NA	"2008-10-28"	"2018-08-13"	"2018-08-13"	"2008-03-25"	NA	NA	NA	"ok_downloaded"
"NC_011345"	"NC_011345.1"	NA	"Agrotis ipsilon multiple nucleopolyhedrovirus"	"208013"	"Agrotis ipsilon multiple nucleopolyhedrovirus"	"no rank"	"Alphabaculovirus agipsilonis"	"3047352"	"Alphabaculovirus"	"Baculoviridae"	"Viruses; Naldaviricetes; Lefavirales; Baculoviridae; Alphabaculovirus; Alphabaculovirus agipsilonis"	"Agrotis ipsilon multiple nucleopolyhedrovirus, complete genome"	"refseq"	"RefSeq"	"genomic DNA"	"circular"	155122	155122	TRUE	48.5747	0	NA	NA	"Illinois"	NA	"USA"	NA	"2008-10-08"	"2018-08-13"	"2018-08-13"	"2008-06-20"	NA	NA	NA	"ok_downloaded"
"NC_010276"	"NC_010276.1"	NA	"Orgyia leucostigma nucleopolyhedrovirus"	"490711"	"Orgyia leucostigma nucleopolyhedrovirus"	"no rank"	"Alphabaculovirus orleucostigmae"	"3048237"	"Alphabaculovirus"	"Baculoviridae"	"Viruses; Naldaviricetes; Lefavirales; Baculoviridae; Alphabaculovirus; Alphabaculovirus orleucostigmae"	"Orgyia leucostigma NPV, complete genome"	"refseq"	"RefSeq"	"genomic DNA"	"circular"	156179	156179	TRUE	39.8837	0	NA	NA	NA	"CFS-77"	"Canada"	NA	"2008-01-18"	"2018-08-13"	"2018-08-13"	"2007-11-29"	NA	NA	NA	"ok_downloaded"
"NC_010240"	"NC_010240.1"	NA	"Helicoverpa armigera granulovirus"	"489830"	"Helicoverpa armigera granulovirus"	"no rank"	"Betabaculovirus helarmigerae"	"3047946"	"Betabaculovirus"	"Baculoviridae"	"Viruses; Naldaviricetes; Lefavirales; Baculoviridae; Betabaculovirus; Betabaculovirus helarmigerae"	"Helicoverpa armigera granulovirus, complete genome"	"refseq"	"RefSeq"	"genomic DNA"	"circular"	169794	169794	TRUE	40.8307	0	NA	NA	NA	NA	NA	NA	"2008-01-09"	"2018-08-13"	"2018-08-13"	"2007-10-30"	NA	NA	NA	"ok_downloaded"
"NC_008035"	"NC_008035.3"	NA	"Antheraea pernyi nucleopolyhedrovirus"	"161494"	"Antheraea pernyi nucleopolyhedrovirus"	"no rank"	"Alphabaculovirus anpernyi"	"3047366"	"Alphabaculovirus"	"Baculoviridae"	"Viruses; Naldaviricetes; Lefavirales; Baculoviridae; Alphabaculovirus; Alphabaculovirus anpernyi"	"Antheraea pernyi nucleopolyhedrovirus, complete genome"	"refseq"	"RefSeq"	"genomic DNA"	"circular"	126629	126629	TRUE	53.4693	5	"KSWY"	NA	"Liaoning"	NA	NA	NA	"2006-05-16"	"2018-08-13"	"2018-08-13"	"2006-04-07"	NA	NA	NA	"ok_downloaded"
"NC_009503"	"NC_009503.1"	NA	"Spodoptera litura granulovirus"	"359919"	"Spodoptera litura granulovirus"	"no rank"	"Betabaculovirus spliturae"	"3048337"	"Betabaculovirus"	"Baculoviridae"	"Viruses; Naldaviricetes; Lefavirales; Baculoviridae; Betabaculovirus; Betabaculovirus spliturae"	"Spodoptera litura granulovirus, complete genome"	"refseq"	"RefSeq"	"genomic DNA"	"circular"	124121	124121	TRUE	38.825	0	NA	NA	NA	"SlGV-K1"	"South Korea"	NA	"2007-05-30"	"2018-08-13"	"2018-08-13"	"2005-11-14"	NA	NA	NA	"ok_downloaded"
"NC_008725"	"NC_008725.1"	NA	"Maruca vitrata nucleopolyhedrovirus"	"1307954"	"Maruca vitrata nucleopolyhedrovirus"	"no rank"	"Alphabaculovirus mavitratae"	"3048197"	"Alphabaculovirus"	"Baculoviridae"	"Viruses; Naldaviricetes; Lefavirales; Baculoviridae; Alphabaculovirus; Alphabaculovirus mavitratae"	"Maruca vitrata MNPV, complete genome"	"refseq"	"RefSeq"	"genomic DNA"	"circular"	111953	111953	TRUE	38.6162	0	NA	NA	NA	NA	"Taiwan"	NA	"2006-12-27"	"2018-08-13"	"2018-08-13"	"2006-07-21"	NA	NA	NA	"ok_downloaded"
"NC_008586"	"NC_008586.1"	NA	"Ectropis obliqua nucleopolyhedrovirus"	"59376"	"Ectropis obliqua nucleopolyhedrovirus"	"no rank"	"Alphabaculovirus ecobliquae"	"3047815"	"Alphabaculovirus"	"Baculoviridae"	"Viruses; Naldaviricetes; Lefavirales; Baculoviridae; Alphabaculovirus; Alphabaculovirus ecobliquae"	"Ecotropis obliqua NPV, complete genome"	"refseq"	"RefSeq"	"genomic DNA"	"circular"	131204	131204	TRUE	37.6391	0	NA	NA	"A1"	NA	NA	NA	"2006-11-21"	"2018-08-13"	"2018-08-13"	"1997-03-23"	NA	NA	NA	"ok_downloaded"
"NC_008348"	"NC_008348.1"	NA	"Leucania separata nucleopolyhedrovirus"	"1307956"	"Leucania separata nucleopolyhedrovirus"	"no rank"	"Alphabaculovirus leseparatae"	"3048181"	"Alphabaculovirus"	"Baculoviridae"	"Viruses; Naldaviricetes; Lefavirales; Baculoviridae; Alphabaculovirus; Alphabaculovirus leseparatae"	"Leucania separata nuclear polyhedrosis virus strain AH1, complete genome"	"refseq"	"RefSeq"	"genomic DNA"	"circular"	168041	168041	TRUE	48.5655	0	NA	NA	"AH1"	NA	NA	NA	"2006-09-16"	"2018-08-13"	"2018-08-13"	"2003-09-18"	NA	NA	NA	"ok_downloaded"
"NC_008293"	"NC_008293.1"	NA	"Clanis bilineata nucleopolyhedrovirus"	"1307957"	"Clanis bilineata nucleopolyhedrovirus"	"no rank"	"Alphabaculovirus clabilineatae"	"3047759"	"Alphabaculovirus"	"Baculoviridae"	"Viruses; Naldaviricetes; Lefavirales; Baculoviridae; Alphabaculovirus; Alphabaculovirus clabilineatae"	"Clanis bilineata nucleopolyhedrosis virus, complete genome"	"refseq"	"RefSeq"	"genomic DNA"	"linear"	135454	135454	TRUE	37.7383	0	NA	NA	NA	"DZ1"	NA	NA	"2006-08-24"	"2018-08-13"	"2018-08-13"	"2005-01-16"	NA	NA	NA	"ok_downloaded"
"NC_008252"	"NC_008252.1"	NA	"Neodiprion abietis nucleopolyhedrovirus"	"204507"	"Neodiprion abietis nucleopolyhedrovirus"	"no rank"	"Gammabaculovirus neabietis"	"3060014"	"Gammabaculovirus"	"Baculoviridae"	"Viruses; Naldaviricetes; Lefavirales; Baculoviridae; Gammabaculovirus; Gammabaculovirus neabietis"	"Neodiprion abietis NPV, complete genome"	"refseq"	"RefSeq"	"genomic DNA"	"circular"	84264	84264	TRUE	33.3772	0	NA	"Neodiprion abietis"	NA	NA	"Canada: between Stephenville and Corner Brook"	"1997"	"2006-07-24"	"2018-08-13"	"2018-08-13"	"2005-12-06"	NA	NA	NA	"ok_downloaded"
"NC_008168"	"NC_008168.1"	NA	"Choristoneura fumiferana granulovirus"	"56947"	"Choristoneura fumiferana granulovirus"	"no rank"	"Betabaculovirus chofumiferanae"	"3051997"	"Betabaculovirus"	"Baculoviridae"	"Viruses; Naldaviricetes; Lefavirales; Baculoviridae; Betabaculovirus; Betabaculovirus chofumiferanae"	"Choristoneura fumiferana granulovirus, complete genome"	"refseq"	"RefSeq"	"genomic DNA"	"circular"	104710	104710	TRUE	32.6674	0	NA	NA	NA	NA	NA	NA	"2006-06-19"	"2018-08-13"	"2018-08-13"	"2005-12-15"	NA	NA	NA	"ok_downloaded"
"NC_007921"	"NC_007921.1"	NA	"Agrotis segetum nucleopolyhedrovirus A"	"1962501"	"Agrotis segetum nucleopolyhedrovirus A"	"no rank"	"Alphabaculovirus agsegetum"	"3047354"	"Alphabaculovirus"	"Baculoviridae"	"Viruses; Naldaviricetes; Lefavirales; Baculoviridae; Alphabaculovirus; Alphabaculovirus agsegetum"	"Agrotis segetum nucleopolyhedrovirus, complete genome"	"refseq"	"RefSeq"	"genomic DNA"	"circular"	147544	147544	TRUE	45.7131	0	NA	NA	NA	NA	NA	NA	"2006-03-27"	"2018-08-13"	"2018-08-13"	"2005-07-12"	NA	NA	NA	"ok_downloaded"
"NC_007767"	"NC_007767.1"	NA	"Hyphantria cunea nucleopolyhedrovirus"	"28288"	"Hyphantria cunea nucleopolyhedrovirus"	"no rank"	"Alphabaculovirus hycuneae"	"3048149"	"Alphabaculovirus"	"Baculoviridae"	"Viruses; Naldaviricetes; Lefavirales; Baculoviridae; Alphabaculovirus; Alphabaculovirus hycuneae"	"Hyphantria cunea nucleopolyhedrovirus, complete genome"	"refseq"	"RefSeq"	"genomic DNA"	"circular"	132959	132959	TRUE	45.5058	0	NA	NA	NA	NA	NA	NA	"2006-02-02"	"2018-08-13"	"2018-08-13"	"2005-08-17"	NA	NA	NA	"ok_downloaded"
"NC_007383"	"NC_007383.1"	NA	"Trichoplusia ni single nucleopolyhedrovirus"	"332054"	"Trichoplusia ni single nucleopolyhedrovirus"	"no rank"	"Alphabaculovirus trini"	"3048436"	"Alphabaculovirus"	"Baculoviridae"	"Viruses; Naldaviricetes; Lefavirales; Baculoviridae; Alphabaculovirus; Alphabaculovirus trini"	"Trichoplusia ni SNPV, complete genome"	"refseq"	"RefSeq"	"genomic DNA"	"circular"	134394	134394	TRUE	38.9802	36	"KMRSWY"	NA	NA	NA	"Canada"	NA	"2005-09-07"	"2018-08-13"	"2018-08-13"	"2005-04-21"	NA	NA	NA	"ok_downloaded"
"NC_007151"	"NC_007151.1"	NA	"Chrysodeixis chalcites nucleopolyhedrovirus"	"320432"	"Chrysodeixis chalcites nucleopolyhedrovirus"	"no rank"	"Alphabaculovirus chrychalcites"	"3047753"	"Alphabaculovirus"	"Baculoviridae"	"Viruses; Naldaviricetes; Lefavirales; Baculoviridae; Alphabaculovirus; Alphabaculovirus chrychalcites"	"Chrysodeixis chalcites nucleopolyhedrovirus, complete genome"	"refseq"	"RefSeq"	"genomic DNA"	"circular"	149622	149622	TRUE	39.0076	0	NA	NA	NA	NA	NA	NA	"2005-06-29"	"2018-08-13"	"2018-08-13"	"2003-11-03"	NA	NA	NA	"ok_downloaded"
"DQ017380"	"DQ017380.1"	NA	"Trichoplusia ni single nucleopolyhedrovirus"	"332054"	"Trichoplusia ni single nucleopolyhedrovirus"	"no rank"	"Alphabaculovirus trini"	"3048436"	"Alphabaculovirus"	"Baculoviridae"	"Viruses; Naldaviricetes; Lefavirales; Baculoviridae; Alphabaculovirus; Alphabaculovirus trini"	"Trichoplusia ni single nucleopolyhedrovirus, complete genome"	"insd"	"GenBank"	"genomic DNA"	"circular"	134394	134394	TRUE	38.9802	36	"KMRSWY"	NA	NA	NA	"Canada"	NA	"2005-07-31"	"2018-08-14"	"2018-08-14"	"2005-04-21"	NA	"NC_007383.1"	"NCBI ELink nuccore_nuccore_gbrs"	"ok_downloaded"
"NC_005137"	"NC_005137.2"	NA	"Choristoneura fumiferana DEF multiple nucleopolyhedrovirus"	"74660"	"Choristoneura fumiferana DEF multiple nucleopolyhedrovirus"	"no rank"	"Alphabaculovirus alterchofumiferanae"	"3047749"	"Alphabaculovirus"	"Baculoviridae"	"Viruses; Naldaviricetes; Lefavirales; Baculoviridae; Alphabaculovirus; Alphabaculovirus alterchofumiferanae"	"Choristoneura fumiferana DEF MNPV, complete genome"	"refseq"	"RefSeq"	"genomic DNA"	"circular"	131160	131160	TRUE	45.8252	3	"SY"	NA	NA	NA	NA	NA	"2003-10-11"	"2018-08-13"	"2018-08-13"	"2003-06-20"	NA	NA	NA	"ok_downloaded"
"NC_004778"	"NC_004778.3"	NA	"Choristoneura fumiferana multiple nucleopolyhedrovirus"	"208973"	"Choristoneura fumiferana multiple nucleopolyhedrovirus"	"no rank"	"Alphabaculovirus chofumiferanae"	"3047750"	"Alphabaculovirus"	"Baculoviridae"	"Viruses; Naldaviricetes; Lefavirales; Baculoviridae; Alphabaculovirus; Alphabaculovirus chofumiferanae"	"Choristoneura fumiferana multiple nucleopolyhedrovirus, complete genome"	"refseq"	"RefSeq"	"genomic DNA"	"circular"	129593	129593	TRUE	50.093	0	NA	NA	NA	NA	"Ireland"	NA	"2003-05-06"	"2018-08-13"	"2018-08-13"	"2002-05-13"	NA	NA	NA	"ok_downloaded"
"NC_003094"	"NC_003094.2"	NA	"Helicoverpa armigera nucleopolyhedrovirus"	"51313"	"Helicoverpa armigera nucleopolyhedrovirus"	"no rank"	"Alphabaculovirus helarmigerae"	"3047947"	"Alphabaculovirus"	"Baculoviridae"	"Viruses; Naldaviricetes; Lefavirales; Baculoviridae; Alphabaculovirus; Alphabaculovirus helarmigerae"	"Helicoverpa armigera NPV, complete genome"	"refseq"	"RefSeq"	"genomic DNA"	"circular"	130759	130759	TRUE	38.9205	0	NA	NA	NA	"C1"	NA	NA	"2001-08-31"	"2018-08-13"	"2018-08-13"	"2000-09-07"	NA	NA	NA	"ok_downloaded"
"NC_005906"	"NC_005906.1"	NA	"Neodiprion lecontei nucleopolyhedrovirus"	"249151"	"Neodiprion lecontei nucleopolyhedrovirus"	"no rank"	"Gammabaculovirus nelecontei"	"3048221"	"Gammabaculovirus"	"Baculoviridae"	"Viruses; Naldaviricetes; Lefavirales; Baculoviridae; Gammabaculovirus; Gammabaculovirus nelecontei"	"Neodiprion lecontei NPV, complete genome"	"refseq"	"RefSeq"	"genomic DNA"	"circular"	81755	81755	TRUE	33.3803	162	"DKMRSWY"	NA	NA	NA	NA	NA	"2004-06-17"	"2018-08-13"	"2018-08-13"	"2003-07-23"	NA	NA	NA	"ok_downloaded"
"NC_005905"	"NC_005905.1"	NA	"Neodiprion sertifer nucleopolyhedrovirus"	"111874"	"Neodiprion sertifer nucleopolyhedrovirus"	"no rank"	"Gammabaculovirus nesertiferis"	"3048222"	"Gammabaculovirus"	"Baculoviridae"	"Viruses; Naldaviricetes; Lefavirales; Baculoviridae; Gammabaculovirus; Gammabaculovirus nesertiferis"	"Neodiprion sertifer NPV, complete genome"	"refseq"	"RefSeq"	"genomic DNA"	"circular"	86462	86462	TRUE	33.7593	0	NA	"Neodiprion sertifer"	NA	NA	NA	NA	"2004-06-17"	"2018-08-13"	"2018-08-13"	"2003-10-08"	NA	NA	NA	"ok_downloaded"
"NC_005068"	"NC_005068.1"	NA	"Cryptophlebia leucotreta granulovirus"	"35254"	"Cryptophlebia leucotreta granulovirus"	"no rank"	"Betabaculovirus cryleucotretae"	"3047776"	"Betabaculovirus"	"Baculoviridae"	"Viruses; Naldaviricetes; Lefavirales; Baculoviridae; Betabaculovirus; Betabaculovirus cryleucotretae"	"Cryptophlebia leucotreta granulovirus, complete genome"	"refseq"	"RefSeq"	"genomic DNA"	"circular"	110907	110907	TRUE	32.4416	0	NA	NA	NA	"CV3"	"Cape Verde: Cape Verde Islands"	NA	"2003-08-13"	"2018-08-13"	"2018-08-13"	"1993-12-22"	NA	NA	NA	"ok_downloaded"
"NC_005038"	"NC_005038.1"	NA	"Adoxophyes orana granulovirus"	"170617"	"Adoxophyes orana granulovirus"	"no rank"	"Betabaculovirus adoranae"	"3047349"	"Betabaculovirus"	"Baculoviridae"	"Viruses; Naldaviricetes; Lefavirales; Baculoviridae; Betabaculovirus; Betabaculovirus adoranae"	"Adoxophyes orana granulovirus, complete genome"	"refseq"	"RefSeq"	"genomic DNA"	"circular"	99657	99657	TRUE	34.4913	0	NA	NA	NA	NA	NA	NA	"2003-07-15"	"2018-08-13"	"2018-08-13"	"2002-09-20"	NA	NA	NA	"ok_downloaded"
"NC_004690"	"NC_004690.1"	NA	"Adoxophyes honmai nucleopolyhedrovirus"	"224399"	"Adoxophyes honmai nucleopolyhedrovirus"	"no rank"	"Alphabaculovirus adhonmai"	"3047348"	"Alphabaculovirus"	"Baculoviridae"	"Viruses; Naldaviricetes; Lefavirales; Baculoviridae; Alphabaculovirus; Alphabaculovirus adhonmai"	"Adoxophyes honmai NPV, complete genome"	"refseq"	"RefSeq"	"genomic DNA"	"circular"	113220	113220	TRUE	35.6412	0	NA	NA	"ADN001"	NA	NA	NA	"2003-04-05"	"2018-08-13"	"2018-08-13"	"2003-03-13"	NA	NA	NA	"ok_downloaded"
"NC_004117"	"NC_004117.1"	"NC_011615"	"Mamestra configurata nucleopolyhedrovirus B"	"204440"	"Mamestra configurata nucleopolyhedrovirus B"	"no rank"	"Alphabaculovirus sp. 'altermaconfiguratae'"	"3048196"	"Alphabaculovirus"	"Baculoviridae"	"Viruses; Naldaviricetes; Lefavirales; Baculoviridae; Alphabaculovirus; unclassified Alphabaculovirus; Alphabaculovirus sp. 'altermaconfiguratae'"	"Mamestra configurata NPV-B, complete genome"	"refseq"	"RefSeq"	"genomic DNA"	"circular"	158482	158482	TRUE	40.0405	0	NA	NA	NA	NA	NA	NA	"2002-08-25"	"2018-08-13"	"2018-08-13"	"2002-06-25"	NA	NA	NA	"ok_downloaded"
"NC_004062"	"NC_004062.1"	NA	"Phthorimaea operculella granulovirus"	"192584"	"Phthorimaea operculella granulovirus"	"no rank"	"Betabaculovirus phoperculellae"	"3048268"	"Betabaculovirus"	"Baculoviridae"	"Viruses; Naldaviricetes; Lefavirales; Baculoviridae; Betabaculovirus; Betabaculovirus phoperculellae"	"Phthorimaea operculella granulovirus, complete genome"	"refseq"	"RefSeq"	"genomic DNA"	"circular"	119217	119217	TRUE	35.6979	0	NA	NA	NA	NA	NA	NA	"2002-07-01"	"2018-08-13"	"2018-08-13"	"2002-04-05"	NA	NA	NA	"ok_downloaded"
"NC_003529"	"NC_003529.1"	NA	"Mamestra configurata nucleopolyhedrovirus A"	"207830"	"Mamestra configurata nucleopolyhedrovirus A"	"no rank"	"Alphabaculovirus maconfiguratae"	"3048195"	"Alphabaculovirus"	"Baculoviridae"	"Viruses; Naldaviricetes; Lefavirales; Baculoviridae; Alphabaculovirus; Alphabaculovirus maconfiguratae"	"Mamestra configurata NPV-A, complete genome"	"refseq"	"RefSeq"	"genomic DNA"	"circular"	155060	155060	TRUE	41.6761	0	NA	"Mamestra configurata Walker (Lepidoptera: Noctuidae)"	"90/2"	NA	"Canada"	NA	"1997-03-29"	"2018-08-13"	"2018-08-13"	"1996-05-29"	NA	NA	NA	"ok_downloaded"
"NC_003102"	"NC_003102.1"	NA	"Spodoptera litura nucleopolyhedrovirus"	"46242"	"Spodoptera litura nucleopolyhedrovirus"	"no rank"	"Alphabaculovirus spliturae"	"3048338"	"Alphabaculovirus"	"Baculoviridae"	"Viruses; Naldaviricetes; Lefavirales; Baculoviridae; Alphabaculovirus; Alphabaculovirus spliturae"	"Spodoptera litura NPV, complete genome"	"refseq"	"RefSeq"	"genomic DNA"	"circular"	139342	139342	TRUE	42.7689	0	NA	NA	"G2"	NA	NA	NA	"2001-09-11"	"2018-08-13"	"2018-08-13"	"2000-12-01"	NA	NA	NA	"ok_downloaded"
"NC_003084"	"NC_003084.1"	NA	"Culex nigripalpus nucleopolyhedrovirus"	"130556"	"Culex nigripalpus nucleopolyhedrovirus"	"no rank"	"Deltabaculovirus cunigripalpi"	"3047782"	"Deltabaculovirus"	"Baculoviridae"	"Viruses; Naldaviricetes; Lefavirales; Baculoviridae; Deltabaculovirus; Deltabaculovirus cunigripalpi"	"Culex nigripalpus NPV, complete genome"	"refseq"	"RefSeq"	"genomic DNA"	"circular"	108252	108252	TRUE	50.8693	0	NA	NA	NA	"Florida1997"	"USA: Gainsville, Florida 1997"	NA	"2001-08-22"	"2018-08-13"	"2018-08-13"	"2001-07-29"	NA	NA	NA	"ok_downloaded"
"NC_003083"	"NC_003083.1"	NA	"Epiphyas postvittana nucleopolyhedrovirus"	"70600"	"Epiphyas postvittana nucleopolyhedrovirus"	"no rank"	"Alphabaculovirus eppostvittanae"	"3047825"	"Alphabaculovirus"	"Baculoviridae"	"Viruses; Naldaviricetes; Lefavirales; Baculoviridae; Alphabaculovirus; Alphabaculovirus eppostvittanae"	"Epiphyas postvittana NPV, complete genome"	"refseq"	"RefSeq"	"genomic DNA"	"circular"	118584	118584	TRUE	40.6826	0	NA	NA	NA	NA	NA	NA	"2001-08-19"	"2018-08-13"	"2018-08-13"	"2001-07-03"	NA	NA	NA	"ok_downloaded"
"NC_002816"	"NC_002816.1"	NA	"Cydia pomonella granulovirus"	"28289"	"Cydia pomonella granulovirus"	"no rank"	"Betabaculovirus cypomonellae"	"3047787"	"Betabaculovirus"	"Baculoviridae"	"Viruses; Naldaviricetes; Lefavirales; Baculoviridae; Betabaculovirus; Betabaculovirus cypomonellae"	"Cydia pomonella granulovirus, complete genome"	"refseq"	"RefSeq"	"genomic DNA"	"circular"	123500	123500	TRUE	45.2672	0	NA	NA	"Mexican 1"	NA	NA	NA	"2001-04-02"	"2018-08-13"	"2018-08-13"	"1993-06-11"	NA	NA	NA	"ok_downloaded"
"NC_002593"	"NC_002593.1"	NA	"Plutella xylostella granulovirus"	"98383"	"Plutella xylostella granulovirus"	"no rank"	"Betabaculovirus pluxylostellae"	"3048276"	"Betabaculovirus"	"Baculoviridae"	"Viruses; Naldaviricetes; Lefavirales; Baculoviridae; Betabaculovirus; Betabaculovirus pluxylostellae"	"Plutella xylostella granulovirus, complete genome"	"refseq"	"RefSeq"	"genomic DNA"	"circular"	100999	100999	TRUE	40.6856	0	NA	NA	"K1"	NA	NA	NA	"2000-10-29"	"2018-08-13"	"2018-08-13"	"1999-06-22"	NA	NA	NA	"ok_downloaded"
"NC_001875"	"NC_001875.2"	NA	"Orgyia pseudotsugata multiple nucleopolyhedrovirus"	"262177"	"Orgyia pseudotsugata multiple nucleopolyhedrovirus"	"no rank"	"Alphabaculovirus orpseudotsugatae"	"3048238"	"Alphabaculovirus"	"Baculoviridae"	"Viruses; Naldaviricetes; Lefavirales; Baculoviridae; Alphabaculovirus; Alphabaculovirus orpseudotsugatae"	"Orgyia pseudotsugata MNPV, complete genome"	"refseq"	"RefSeq"	"genomic DNA"	"circular"	131995	131995	TRUE	55.1332	2	"N"	NA	NA	NA	NA	NA	"1997-03-27"	"2018-08-13"	"2018-08-13"	"1996-10-23"	NA	NA	NA	"ok_downloaded"
"NC_002331"	"NC_002331.1"	NA	"Xestia c-nigrum granulovirus"	"51677"	"Xestia c-nigrum granulovirus"	"no rank"	"Betabaculovirus xecnigri"	"3048452"	"Betabaculovirus"	"Baculoviridae"	"Viruses; Naldaviricetes; Lefavirales; Baculoviridae; Betabaculovirus; Betabaculovirus xecnigri"	"Xestia c-nigrum granulovirus, complete genome"	"refseq"	"RefSeq"	"genomic DNA"	"circular"	178733	178733	TRUE	40.6786	0	NA	NA	NA	NA	NA	NA	"2000-06-07"	"2018-08-13"	"2018-08-13"	"1999-06-21"	NA	NA	NA	"ok_downloaded"
"NC_002169"	"NC_002169.1"	NA	"Spodoptera exigua multiple nucleopolyhedrovirus"	"10454"	"Spodoptera exigua multiple nucleopolyhedrovirus"	"species"	"Spodoptera exigua multiple nucleopolyhedrovirus"	"10454"	"Alphabaculovirus"	"Baculoviridae"	"Viruses; Naldaviricetes; Lefavirales; Baculoviridae; Alphabaculovirus; unclassified Alphabaculovirus"	"Spodoptera exigua nucleopolyhedrovirus complete genome"	"refseq"	"RefSeq"	"genomic DNA"	"circular"	135611	135611	TRUE	43.8128	0	NA	NA	NA	NA	NA	NA	"1999-12-29"	"2018-08-13"	"2018-08-13"	"1992-07-10"	NA	NA	NA	"ok_downloaded"
"NC_001973"	"NC_001973.1"	NA	"Lymantria dispar multiple nucleopolyhedrovirus"	"10449"	"Lymantria dispar multiple nucleopolyhedrovirus"	"no rank"	"Alphabaculovirus lydisparis"	"3048188"	"Alphabaculovirus"	"Baculoviridae"	"Viruses; Naldaviricetes; Lefavirales; Baculoviridae; Alphabaculovirus; Alphabaculovirus lydisparis"	"Lymantria dispar MNPV, complete genome"	"refseq"	"RefSeq"	"genomic DNA"	"circular"	161046	161046	TRUE	57.4724	0	NA	NA	NA	NA	NA	NA	"1998-11-03"	"2018-08-13"	"2018-08-13"	"1998-08-03"	NA	NA	NA	"ok_downloaded"
"NC_001962"	"NC_001962.1"	"NC_012672"	"Bombyx mori nucleopolyhedrovirus"	"271108"	"Bombyx mori nucleopolyhedrovirus"	"no rank"	"Alphabaculovirus bomori"	"3047695"	"Alphabaculovirus"	"Baculoviridae"	"Viruses; Naldaviricetes; Lefavirales; Baculoviridae; Alphabaculovirus; Alphabaculovirus bomori"	"Bombyx mori NPV, complete genome"	"refseq"	"RefSeq"	"genomic DNA"	"circular"	128413	128413	TRUE	40.404	0	NA	NA	NA	"T3"	NA	NA	"1996-01-18"	"2018-08-13"	"2018-08-13"	"1994-05-29"	NA	NA	NA	"ok_downloaded"
"NC_001623"	"NC_001623.1"	"NC_004323;NC_008349"	"Autographa californica nucleopolyhedrovirus"	"46015"	"Autographa californica nucleopolyhedrovirus"	"no rank"	"Alphabaculovirus aucalifornicae"	"3047383"	"Alphabaculovirus"	"Baculoviridae"	"Viruses; Naldaviricetes; Lefavirales; Baculoviridae; Alphabaculovirus; Alphabaculovirus aucalifornicae; Autographa californica multiple nucleopolyhedrovirus"	"Autographa californica nucleopolyhedrovirus, complete genome"	"refseq"	"RefSeq"	"genomic DNA"	"circular"	133894	133894	TRUE	40.7023	0	NA	NA	NA	NA	NA	NA	"1994-07-16"	"2018-08-13"	"2018-08-13"	"1999-03-08"	NA	NA	NA	"ok_downloaded"
"KX855660"	"KX855660.2"	NA	"Betabaculovirus altermyunipunctae"	"3051996"	"Betabaculovirus altermyunipunctae"	"species"	"Betabaculovirus altermyunipunctae"	"3051996"	"Betabaculovirus"	"Baculoviridae"	"Viruses; Naldaviricetes; Lefavirales; Baculoviridae; Betabaculovirus"	"Betabaculovirus altermyunipunctae isolate MyunGV#8, complete genome"	"insd"	"GenBank"	"genomic DNA"	"circular"	144673	144673	TRUE	49.8683	0	NA	"Mythimna unipuncta"	NA	"MyunGV#8"	NA	"20-Apr-1964"	"2017-02-16"	"2018-07-02"	"2018-07-02"	"2016-09-13"	NA	"NC_033780.2"	"NCBI ELink nuccore_nuccore_gbrs"	"ok_downloaded"
"MH261376"	"MH261376.1"	NA	"Hyposidra talaca nucleopolyhedrovirus"	"1070315"	"Hyposidra talaca nucleopolyhedrovirus"	"no rank"	"Alphabaculovirus hytalacae"	"3048150"	"Alphabaculovirus"	"Baculoviridae"	"Viruses; Naldaviricetes; Lefavirales; Baculoviridae; Alphabaculovirus; Alphabaculovirus hytalacae"	"Hyposidra talaca nucleopolyhedrovirus, complete genome"	"insd"	"GenBank"	"genomic DNA"	"circular"	139089	139089	TRUE	39.5552	0	NA	"Hyposidra talaca"	"HytaNPVIndia001"	NA	"India"	"01-Jan-2013"	"2018-06-27"	"2018-06-27"	"2018-06-27"	"2018-04-26"	NA	"NC_055453.1"	"NCBI ELink nuccore_nuccore_gbrs"	"ok_downloaded"
"KT957089"	"KT957089.2"	NA	"Cyclophragma undans nucleopolyhedrovirus"	"1906244"	"Cyclophragma undans nucleopolyhedrovirus"	"no rank"	"Alphabaculovirus cycundantis"	"3047786"	"Alphabaculovirus"	"Baculoviridae"	"Viruses; Naldaviricetes; Lefavirales; Baculoviridae; Alphabaculovirus; Alphabaculovirus cycundantis"	"Cyclophragma undans nucleopolyhedrovirus isolate Whiov, complete genome"	"insd"	"GenBank"	"genomic DNA"	"circular"	142900	142900	TRUE	45.1218	184	"KMRSWY"	NA	NA	"Whiov"	"China"	"1983"	"2017-10-06"	"2018-05-25"	"2018-05-25"	"2015-10-24"	NA	"NC_055467.1"	"NCBI ELink nuccore_nuccore_gbrs"	"ok_downloaded"
"MF311096"	"MF311096.1"	NA	"Lymantria dispar multiple nucleopolyhedrovirus"	"10449"	"Lymantria dispar multiple nucleopolyhedrovirus"	"no rank"	"Alphabaculovirus lydisparis"	"3048188"	"Alphabaculovirus"	"Baculoviridae"	"Viruses; Naldaviricetes; Lefavirales; Baculoviridae; Alphabaculovirus; Alphabaculovirus lydisparis"	"Lymantria dispar multiple nucleopolyhedrovirus isolate T3, complete genome"	"insd"	"GenBank"	"genomic DNA"	"circular"	162614	162614	TRUE	57.4575	0	NA	"Lymantria dispar"	NA	"T3"	"Turkey"	"01-Jul-2014"	"2018-05-17"	"2018-05-17"	"2018-05-17"	"2017-06-09"	NA	NA	NA	"ok_downloaded"
"LC375540"	"LC375540.1"	NA	"Antheraea pernyi nucleopolyhedrovirus"	"161494"	"Antheraea pernyi nucleopolyhedrovirus"	"no rank"	"Alphabaculovirus anpernyi"	"3047366"	"Alphabaculovirus"	"Baculoviridae"	"Viruses; Naldaviricetes; Lefavirales; Baculoviridae; Alphabaculovirus; Alphabaculovirus anpernyi"	"Antheraea pernyi nucleopolyhedrovirus Liaoning DNA, complete genome"	"insd"	"GenBank"	"genomic DNA"	"circular"	126646	126646	TRUE	53.3874	0	NA	"Antheraea pernyi"	"Liaoning"	NA	"China:Liaoning"	NA	"2018-03-29"	"2018-03-29"	"2018-03-29"	"2018-03-06"	NA	NA	NA	"ok_downloaded"
"LC375539"	"LC375539.1"	NA	"Antheraea proylei nucleopolyhedrovirus"	"2126611"	"Antheraea proylei nucleopolyhedrovirus"	"no rank"	"Alphabaculovirus anpernyi"	"3047366"	"Alphabaculovirus"	"Baculoviridae"	"Viruses; Naldaviricetes; Lefavirales; Baculoviridae; Alphabaculovirus; Alphabaculovirus anpernyi; Antheraea pernyi nucleopolyhedrovirus"	"Antheraea proylei nucleopolyhedrovirus Manipur DNA, complete genome"	"insd"	"GenBank"	"genomic DNA"	"circular"	126324	126324	TRUE	53.4024	0	NA	"Antheraea proylei"	"Manipur"	NA	"India:Manipur"	NA	"2018-03-29"	"2018-03-29"	"2018-03-29"	"2018-03-06"	NA	NA	NA	"ok_downloaded"
"LC375538"	"LC375538.1"	NA	"Samia cynthia nucleopolyhedrovirus"	"307471"	"Samia cynthia nucleopolyhedrovirus"	"species"	"Samia cynthia nucleopolyhedrovirus"	"307471"	"Alphabaculovirus"	"Baculoviridae"	"Viruses; Naldaviricetes; Lefavirales; Baculoviridae; Alphabaculovirus; unclassified Alphabaculovirus"	"Samia cynthia nucleopolyhedrovirus Nagano DNA, complete genome"	"insd"	"GenBank"	"genomic DNA"	"circular"	126094	126094	TRUE	53.4205	0	NA	"Samia cynthia"	"Nagano"	NA	"Japan:Nagano"	NA	"2018-03-29"	"2018-03-29"	"2018-03-29"	"2018-03-06"	NA	NA	NA	"ok_downloaded"
"LC375537"	"LC375537.1"	NA	"Antheraea yamamai nucleopolyhedrovirus"	"1920699"	"Antheraea yamamai nucleopolyhedrovirus"	"species"	"Antheraea yamamai nucleopolyhedrovirus"	"1920699"	NA	"Baculoviridae"	"Viruses; Naldaviricetes; Lefavirales; Baculoviridae; unclassified Baculoviridae"	"Antheraea yamamai nucleopolyhedrovirus Nagano DNA, complete genome"	"insd"	"GenBank"	"genomic DNA"	"circular"	126270	126270	TRUE	53.4133	0	NA	"Antheraea yamamai"	"Nagano"	NA	"Japan:Nagano"	NA	"2018-03-29"	"2018-03-29"	"2018-03-29"	"2018-03-06"	NA	NA	NA	"ok_downloaded"
"LC375543"	"LC375543.1"	NA	"Samia ricini nucleopolyhedrovirus"	"1920700"	"Samia ricini nucleopolyhedrovirus"	"species"	"Samia ricini nucleopolyhedrovirus"	"1920700"	NA	"Baculoviridae"	"Viruses; Naldaviricetes; Lefavirales; Baculoviridae; unclassified Baculoviridae"	"Samia ricini nucleopolyhedrovirus Son La DNA, complete genome"	"insd"	"GenBank"	"genomic DNA"	"circular"	128602	128602	TRUE	53.4867	0	NA	"Samia ricini"	"Son La"	NA	"Viet Nam:Son La"	NA	"2018-03-29"	"2018-03-29"	"2018-03-29"	"2018-03-06"	NA	NA	NA	"ok_downloaded"
"LC375542"	"LC375542.1"	NA	"Samia ricini nucleopolyhedrovirus"	"1920700"	"Samia ricini nucleopolyhedrovirus"	"species"	"Samia ricini nucleopolyhedrovirus"	"1920700"	NA	"Baculoviridae"	"Viruses; Naldaviricetes; Lefavirales; Baculoviridae; unclassified Baculoviridae"	"Samia ricini nucleopolyhedrovirus Mondulkiri DNA, complete genome"	"insd"	"GenBank"	"genomic DNA"	"circular"	128240	128240	TRUE	53.4615	0	NA	"Samia ricini"	"Mondulkiri"	NA	"Cambodia:Mondulkiri"	NA	"2018-03-29"	"2018-03-29"	"2018-03-29"	"2018-03-06"	NA	NA	NA	"ok_downloaded"
"LC375541"	"LC375541.1"	NA	"Samia ricini nucleopolyhedrovirus"	"1920700"	"Samia ricini nucleopolyhedrovirus"	"species"	"Samia ricini nucleopolyhedrovirus"	"1920700"	NA	"Baculoviridae"	"Viruses; Naldaviricetes; Lefavirales; Baculoviridae; unclassified Baculoviridae"	"Samia ricini nucleopolyhedrovirus Guangxi DNA, complete genome"	"insd"	"GenBank"	"genomic DNA"	"circular"	125921	125921	TRUE	53.6177	0	NA	"Samia ricini"	"Guangxi"	NA	"China:Guangxi"	NA	"2018-03-29"	"2018-03-29"	"2018-03-29"	"2018-03-06"	NA	NA	NA	"ok_downloaded"
"DQ813662"	"DQ813662.2"	"AY532263"	"Anticarsia gemmatalis multiple nucleopolyhedrovirus"	"268591"	"Anticarsia gemmatalis multiple nucleopolyhedrovirus"	"no rank"	"Alphabaculovirus angemmatalis"	"3047368"	"Alphabaculovirus"	"Baculoviridae"	"Viruses; Naldaviricetes; Lefavirales; Baculoviridae; Alphabaculovirus; Alphabaculovirus angemmatalis"	"Anticarsia gemmatalis multiple nucleopolyhedrovirus isolate AgMNPV-2D, complete genome"	"insd"	"GenBank"	"genomic DNA"	"circular"	132239	132239	TRUE	44.5035	0	NA	NA	NA	"AgMNPV-2D"	"Brazil"	NA	"2006-10-01"	"2018-02-26"	"2018-02-26"	"2004-01-22"	NA	"NC_008520.2"	"NCBI ELink nuccore_nuccore_gbrs"	"ok_downloaded"
"MF143631"	"MF143631.1"	NA	"Oxyplax ochracea nucleopolyhedrovirus"	"2083176"	"Oxyplax ochracea nucleopolyhedrovirus"	"no rank"	"Alphabaculovirus oxochraceae"	"3078441"	"Alphabaculovirus"	"Baculoviridae"	"Viruses; Naldaviricetes; Lefavirales; Baculoviridae; Alphabaculovirus; Alphabaculovirus oxochraceae"	"Oxyplax ochracea nucleopolyhedrovirus isolate 435, complete genome"	"insd"	"GenBank"	"genomic DNA"	"circular"	113971	113971	TRUE	31.2071	0	NA	"Oxyplax ochracea"	NA	"435"	"China"	"1989"	"2018-02-14"	"2018-02-14"	"2018-02-14"	"2017-05-19"	NA	"NC_043529.1"	"NCBI ELink nuccore_nuccore_gbrs"	"ok_downloaded"
"KY550224"	"KY550224.1"	NA	"Spilosoma obliqua nucleopolyhedrosis virus"	"1810940"	"Spilosoma obliqua nucleopolyhedrosis virus"	"species"	"Spilosoma obliqua nucleopolyhedrosis virus"	"1810940"	"Alphabaculovirus"	"Baculoviridae"	"Viruses; Naldaviricetes; Lefavirales; Baculoviridae; Alphabaculovirus; unclassified Alphabaculovirus"	"Spilosoma obliqua nucleopolyhedrosis virus isolate IIPR, complete genome"	"insd"	"GenBank"	"genomic DNA"	"circular"	136141	136141	TRUE	45.4962	0	NA	NA	NA	"IIPR"	"India"	"Jan-2014"	"2018-01-24"	"2018-01-24"	"2018-01-24"	"2017-01-31"	NA	NA	NA	"ok_downloaded"
"KR011718"	"KR011718.1"	NA	"Mocis latipes granulovirus"	"2072024"	"Mocis latipes granulovirus"	"no rank"	"Betabaculovirus molatipedis"	"3048204"	"Betabaculovirus"	"Baculoviridae"	"Viruses; Naldaviricetes; Lefavirales; Baculoviridae; Betabaculovirus; Betabaculovirus molatipedis"	"Mocis latipes granulovirus, complete genome"	"insd"	"GenBank"	"genomic DNA"	"circular"	134272	134272	TRUE	38.2784	126	"KMRSWY"	"Mocis sp."	NA	"Southern Brazil"	"Brazil"	NA	"2016-04-22"	"2018-01-16"	"2018-01-16"	"2015-03-23"	NA	"NC_029996.1"	"NCBI ELink nuccore_nuccore_gbrs"	"ok_downloaded"
"MF974563"	"MF974563.1"	NA	"Cryptophlebia leucotreta granulovirus"	"35254"	"Cryptophlebia leucotreta granulovirus"	"no rank"	"Betabaculovirus cryleucotretae"	"3047776"	"Betabaculovirus"	"Baculoviridae"	"Viruses; Naldaviricetes; Lefavirales; Baculoviridae; Betabaculovirus; Betabaculovirus cryleucotretae"	"Cryptophlebia leucotreta granulovirus isolate CrleGV-SA, complete genome"	"insd"	"GenBank"	"genomic DNA"	"circular"	111334	111334	TRUE	32.5911	0	NA	"Thaumatotibia leucotreta"	NA	"CrleGV-SA"	"South Africa"	"01-Jun-2015"	"2017-12-20"	"2017-12-20"	"2017-12-20"	"2017-09-15"	NA	NA	NA	"ok_downloaded"
"KX859084"	"KX859084.1"	NA	"Erinnyis ello granulovirus"	"307444"	"Erinnyis ello granulovirus"	"no rank"	"Betabaculovirus erellonis"	"3047828"	"Betabaculovirus"	"Baculoviridae"	"Viruses; Naldaviricetes; Lefavirales; Baculoviridae; Betabaculovirus; Betabaculovirus erellonis"	"Erinnyis ello granulovirus isolate ErelGV-PA, complete genome"	"insd"	"GenBank"	"genomic DNA"	"circular"	102616	102616	TRUE	38.6616	0	NA	"Erinnyis ello"	NA	"ErelGV-PA"	"Brazil"	NA	"2017-09-30"	"2017-09-30"	"2017-09-30"	"2016-09-15"	NA	NA	NA	"ok_downloaded"
"KX859083"	"KX859083.1"	NA	"Erinnyis ello granulovirus"	"307444"	"Erinnyis ello granulovirus"	"no rank"	"Betabaculovirus erellonis"	"3047828"	"Betabaculovirus"	"Baculoviridae"	"Viruses; Naldaviricetes; Lefavirales; Baculoviridae; Betabaculovirus; Betabaculovirus erellonis"	"Erinnyis ello granulovirus isolate ErelGV-AC, complete genome"	"insd"	"GenBank"	"genomic DNA"	"circular"	102741	102741	TRUE	38.746	0	NA	"Erinnyis ello"	NA	"ErelGV-AC"	"Brazil"	"1999"	"2017-09-30"	"2017-09-30"	"2017-09-30"	"2016-09-15"	NA	NA	NA	"ok_downloaded"
"KX859082"	"KX859082.1"	NA	"Erinnyis ello granulovirus"	"307444"	"Erinnyis ello granulovirus"	"no rank"	"Betabaculovirus erellonis"	"3047828"	"Betabaculovirus"	"Baculoviridae"	"Viruses; Naldaviricetes; Lefavirales; Baculoviridae; Betabaculovirus; Betabaculovirus erellonis"	"Erinnyis ello granulovirus isolate ErelGV-00, complete genome"	"insd"	"GenBank"	"genomic DNA"	"circular"	102745	102745	TRUE	38.7007	0	NA	"Erinnyis ello"	NA	"ErelGV-00"	"Brazil"	"2000"	"2017-09-30"	"2017-09-30"	"2017-09-30"	"2016-09-15"	NA	NA	NA	"ok_downloaded"
"KX859081"	"KX859081.1"	NA	"Erinnyis ello granulovirus"	"307444"	"Erinnyis ello granulovirus"	"no rank"	"Betabaculovirus erellonis"	"3047828"	"Betabaculovirus"	"Baculoviridae"	"Viruses; Naldaviricetes; Lefavirales; Baculoviridae; Betabaculovirus; Betabaculovirus erellonis"	"Erinnyis ello granulovirus isolate ErelGV-99, complete genome"	"insd"	"GenBank"	"genomic DNA"	"circular"	102764	102764	TRUE	38.6945	0	NA	"Erinnyis ello"	NA	"ErelGV-99"	"Brazil"	"1999"	"2017-09-30"	"2017-09-30"	"2017-09-30"	"2016-09-15"	NA	NA	NA	"ok_downloaded"
"KX859080"	"KX859080.1"	NA	"Erinnyis ello granulovirus"	"307444"	"Erinnyis ello granulovirus"	"no rank"	"Betabaculovirus erellonis"	"3047828"	"Betabaculovirus"	"Baculoviridae"	"Viruses; Naldaviricetes; Lefavirales; Baculoviridae; Betabaculovirus; Betabaculovirus erellonis"	"Erinnyis ello granulovirus isolate ErelGV-98, complete genome"	"insd"	"GenBank"	"genomic DNA"	"circular"	102685	102685	TRUE	38.6989	0	NA	"Erinnyis ello"	NA	"ErelGV-98"	"Brazil"	"1998"	"2017-09-30"	"2017-09-30"	"2017-09-30"	"2016-09-15"	NA	NA	NA	"ok_downloaded"
"KX859079"	"KX859079.1"	NA	"Erinnyis ello granulovirus"	"307444"	"Erinnyis ello granulovirus"	"no rank"	"Betabaculovirus erellonis"	"3047828"	"Betabaculovirus"	"Baculoviridae"	"Viruses; Naldaviricetes; Lefavirales; Baculoviridae; Betabaculovirus; Betabaculovirus erellonis"	"Erinnyis ello granulovirus isolate ErelGV-94, complete genome"	"insd"	"GenBank"	"genomic DNA"	"circular"	102726	102726	TRUE	38.6991	0	NA	"Erinnyis ello"	NA	"ErelGV-94"	"Brazil"	"1994"	"2017-09-30"	"2017-09-30"	"2017-09-30"	"2016-09-15"	NA	NA	NA	"ok_downloaded"
"LC150780"	"LC150780.1"	NA	"Bombyx mori nucleopolyhedrovirus"	"271108"	"Bombyx mori nucleopolyhedrovirus"	"no rank"	"Alphabaculovirus bomori"	"3047695"	"Alphabaculovirus"	"Baculoviridae"	"Viruses; Naldaviricetes; Lefavirales; Baculoviridae; Alphabaculovirus; Alphabaculovirus bomori"	"Bombyx mori nucleopolyhedrovirus DNA, complete genome, isolate: H4"	"insd"	"GenBank"	"genomic DNA"	"circular"	127459	127459	TRUE	40.238	0	NA	"Silkworm"	NA	"H4"	"Japan:Hokkaido"	"2005"	"2017-08-05"	"2017-08-05"	"2017-08-05"	"2016-05-06"	NA	NA	NA	"ok_downloaded"
"KR091910"	"KR091910.1"	NA	"Clostera anastomosis granulovirus B"	"1986290"	"Clostera anastomosis granulovirus B"	"no rank"	"Betabaculovirus alterclanastomosis"	"3047764"	"Betabaculovirus"	"Baculoviridae"	"Viruses; Naldaviricetes; Lefavirales; Baculoviridae; Betabaculovirus; Betabaculovirus alterclanastomosis"	"Clostera anastomosis granulovirus B, complete genome"	"insd"	"GenBank"	"genomic DNA"	"circular"	107439	107439	TRUE	37.7675	0	NA	"Clostera anastomosis"	"ClasGV-B"	NA	"China: Hunan"	"15-Apr-2005"	"2015-07-29"	"2017-05-10"	"2017-05-10"	"2015-04-06"	NA	"NC_038371.1"	"NCBI ELink nuccore_nuccore_gbrs"	"ok_downloaded"
"KR011717"	"KR011717.2"	NA	"Urbanus proteus nucleopolyhedrovirus"	"1675866"	"Urbanus proteus nucleopolyhedrovirus"	"no rank"	"Alphabaculovirus urprotei"	"3048442"	"Alphabaculovirus"	"Baculoviridae"	"Viruses; Naldaviricetes; Lefavirales; Baculoviridae; Alphabaculovirus; Alphabaculovirus urprotei"	"Urbanus proteus nucleopolyhedrovirus isolate Southern Brazil, complete genome"	"insd"	"GenBank"	"genomic DNA"	"circular"	105555	105555	TRUE	34.7429	14	"MRY"	"Urbanus proteus"	NA	"Southern Brazil"	"Brazil"	NA	"2016-04-22"	"2017-04-19"	"2017-04-19"	"2015-03-23"	NA	"NC_029997.2"	"NCBI ELink nuccore_nuccore_gbrs"	"ok_downloaded"
"LC194889"	"LC194889.1"	NA	"Antheraea pernyi nucleopolyhedrovirus"	"161494"	"Antheraea pernyi nucleopolyhedrovirus"	"no rank"	"Alphabaculovirus anpernyi"	"3047366"	"Alphabaculovirus"	"Baculoviridae"	"Viruses; Naldaviricetes; Lefavirales; Baculoviridae; Alphabaculovirus; Alphabaculovirus anpernyi"	"Antheraea pernyi nucleopolyhedrovirus DNA, complete genome, strain: Liaoning"	"insd"	"GenBank"	"genomic DNA"	"circular"	126593	126593	TRUE	53.3821	0	NA	NA	"Liaoning"	NA	NA	NA	"2017-04-04"	"2017-04-04"	"2017-04-04"	"2016-11-08"	NA	NA	NA	"ok_downloaded"
"KX151395"	"KX151395.1"	NA	"Plodia interpunctella granulovirus"	"262175"	"Plodia interpunctella granulovirus"	"no rank"	"Betabaculovirus plinterpunctellae"	"3048275"	"Betabaculovirus"	"Baculoviridae"	"Viruses; Naldaviricetes; Lefavirales; Baculoviridae; Betabaculovirus; Betabaculovirus plinterpunctellae"	"Plodia interpunctella granulovirus isolate Cambridge, complete genome"	"insd"	"GenBank"	"genomic DNA"	"circular"	112536	112536	TRUE	44.2125	0	NA	"Plodia interpunctella"	NA	"Cambridge"	"United Kingdom"	NA	"2016-12-20"	"2016-12-20"	"2016-12-20"	"2016-04-21"	NA	"NC_032255.1"	"NCBI ELink nuccore_nuccore_gbrs"	"ok_downloaded"
"KU862282"	"KU862282.1"	NA	"Lymantria dispar multiple nucleopolyhedrovirus"	"10449"	"Lymantria dispar multiple nucleopolyhedrovirus"	"no rank"	"Alphabaculovirus lydisparis"	"3048188"	"Alphabaculovirus"	"Baculoviridae"	"Viruses; Naldaviricetes; Lefavirales; Baculoviridae; Alphabaculovirus; Alphabaculovirus lydisparis"	"Lymantria dispar multiple nucleopolyhedrovirus isolate LdMNPV-45/0, complete genome"	"insd"	"GenBank"	"genomic DNA"	"circular"	161006	161006	TRUE	57.4557	2	"N"	"Lymantria dispar"	NA	"LdMNPV-45/0"	"USA"	"07-Jul-1971"	"2016-03-14"	"2016-11-28"	"2016-11-28"	"2016-03-02"	NA	NA	NA	"ok_downloaded"
"KU752557"	"KU752557.1"	NA	"Trichoplusia ni granulovirus LBIV-12"	"1916701"	"Trichoplusia ni granulovirus LBIV-12"	"no rank"	"Betabaculovirus trini"	"3048435"	"Betabaculovirus"	"Baculoviridae"	"Viruses; Naldaviricetes; Lefavirales; Baculoviridae; Betabaculovirus; unclassified Betabaculovirus; Betabaculovirus trini; Trichoplusia ni granulovirus"	"UNVERIFIED: Trichoplusia ni granulovirus LBIV-12, complete genome"	"insd"	"GenBank"	"genomic DNA"	"circular"	175360	175360	TRUE	39.8085	3	"W"	"Trichoplusia ni"	NA	"LBIV-12"	"USA"	"13-Jan-1997"	"2016-10-18"	"2016-11-09"	"2016-11-09"	"2016-02-23"	NA	"NC_038375.1"	"NCBI ELink nuccore_nuccore_gbrs"	"ok_downloaded"
"KU738904"	"KU738904.1"	NA	"Helicoverpa SNPV AC53"	"1569367"	"Helicoverpa SNPV AC53"	"no rank"	"Alphabaculovirus helarmigerae"	"3047947"	"Alphabaculovirus"	"Baculoviridae"	"Viruses; Naldaviricetes; Lefavirales; Baculoviridae; Alphabaculovirus; Alphabaculovirus helarmigerae; Helicoverpa armigera nucleopolyhedrovirus"	"Helicoverpa SNPV AC53 strain AC53T5, complete genome"	"insd"	"GenBank"	"genomic DNA"	"circular"	130439	130439	TRUE	39.1087	0	NA	"Helicoverpa sp."	"AC53T5"	NA	"Australia: Brisbane, QLD"	"01-Nov-2015"	"2016-03-08"	"2016-11-08"	"2016-11-08"	"2016-02-18"	NA	NA	NA	"ok_downloaded"
"KU738903"	"KU738903.1"	NA	"Helicoverpa SNPV AC53"	"1569367"	"Helicoverpa SNPV AC53"	"no rank"	"Alphabaculovirus helarmigerae"	"3047947"	"Alphabaculovirus"	"Baculoviridae"	"Viruses; Naldaviricetes; Lefavirales; Baculoviridae; Alphabaculovirus; Alphabaculovirus helarmigerae; Helicoverpa armigera nucleopolyhedrovirus"	"Helicoverpa SNPV AC53 strain AC53T4.2, complete genome"	"insd"	"GenBank"	"genomic DNA"	"circular"	130436	130436	TRUE	39.1173	0	NA	"Helicoverpa sp."	"AC53T4.2"	NA	"Australia: Brisbane, QLD"	"31-Oct-2015"	"2016-03-08"	"2016-11-08"	"2016-11-08"	"2016-02-18"	NA	NA	NA	"ok_downloaded"
"KU738902"	"KU738902.1"	NA	"Helicoverpa SNPV AC53"	"1569367"	"Helicoverpa SNPV AC53"	"no rank"	"Alphabaculovirus helarmigerae"	"3047947"	"Alphabaculovirus"	"Baculoviridae"	"Viruses; Naldaviricetes; Lefavirales; Baculoviridae; Alphabaculovirus; Alphabaculovirus helarmigerae; Helicoverpa armigera nucleopolyhedrovirus"	"Helicoverpa SNPV AC53 strain AC53T4.1, complete genome"	"insd"	"GenBank"	"genomic DNA"	"circular"	130440	130440	TRUE	39.1084	0	NA	"Helicoverpa sp."	"AC53T4.1"	NA	"Australia: Brisbane, QLD"	"01-Nov-2015"	"2016-03-08"	"2016-11-08"	"2016-11-08"	"2016-02-18"	NA	NA	NA	"ok_downloaded"
"KU738901"	"KU738901.1"	NA	"Helicoverpa SNPV AC53"	"1569367"	"Helicoverpa SNPV AC53"	"no rank"	"Alphabaculovirus helarmigerae"	"3047947"	"Alphabaculovirus"	"Baculoviridae"	"Viruses; Naldaviricetes; Lefavirales; Baculoviridae; Alphabaculovirus; Alphabaculovirus helarmigerae; Helicoverpa armigera nucleopolyhedrovirus"	"Helicoverpa SNPV AC53 strain AC53T2, complete genome"	"insd"	"GenBank"	"genomic DNA"	"circular"	130437	130437	TRUE	39.1062	0	NA	"Helicoverpa sp."	"AC53T2"	NA	"Australia: Brisbane, QLD"	"01-Nov-2015"	"2016-03-08"	"2016-11-08"	"2016-11-08"	"2016-02-18"	NA	NA	NA	"ok_downloaded"
"KU738900"	"KU738900.1"	NA	"Helicoverpa SNPV AC53"	"1569367"	"Helicoverpa SNPV AC53"	"no rank"	"Alphabaculovirus helarmigerae"	"3047947"	"Alphabaculovirus"	"Baculoviridae"	"Viruses; Naldaviricetes; Lefavirales; Baculoviridae; Alphabaculovirus; Alphabaculovirus helarmigerae; Helicoverpa armigera nucleopolyhedrovirus"	"Helicoverpa SNPV AC53 strain AC53C9, complete genome"	"insd"	"GenBank"	"genomic DNA"	"circular"	130437	130437	TRUE	39.1085	0	NA	"Helicoverpa sp."	"AC53C9"	NA	"Australia: Brisbane, QLD"	"31-Oct-2015"	"2016-03-08"	"2016-11-08"	"2016-11-08"	"2016-02-18"	NA	NA	NA	"ok_downloaded"
"KU738899"	"KU738899.1"	NA	"Helicoverpa SNPV AC53"	"1569367"	"Helicoverpa SNPV AC53"	"no rank"	"Alphabaculovirus helarmigerae"	"3047947"	"Alphabaculovirus"	"Baculoviridae"	"Viruses; Naldaviricetes; Lefavirales; Baculoviridae; Alphabaculovirus; Alphabaculovirus helarmigerae; Helicoverpa armigera nucleopolyhedrovirus"	"Helicoverpa SNPV AC53 strain AC53C6, complete genome"	"insd"	"GenBank"	"genomic DNA"	"circular"	130435	130435	TRUE	39.1091	0	NA	"Helicoverpa sp."	"AC53C6"	NA	"Australia: Brisbane, QLD"	"31-Oct-2015"	"2016-03-08"	"2016-11-08"	"2016-11-08"	"2016-02-18"	NA	NA	NA	"ok_downloaded"
"KU738898"	"KU738898.1"	NA	"Helicoverpa SNPV AC53"	"1569367"	"Helicoverpa SNPV AC53"	"no rank"	"Alphabaculovirus helarmigerae"	"3047947"	"Alphabaculovirus"	"Baculoviridae"	"Viruses; Naldaviricetes; Lefavirales; Baculoviridae; Alphabaculovirus; Alphabaculovirus helarmigerae; Helicoverpa armigera nucleopolyhedrovirus"	"Helicoverpa SNPV AC53 strain AC53C5, complete genome"	"insd"	"GenBank"	"genomic DNA"	"circular"	130442	130442	TRUE	39.107	0	NA	"Helicoverpa sp."	"AC53C5"	NA	"Australia: Brisbane, QLD"	"01-Nov-2015"	"2016-03-08"	"2016-11-08"	"2016-11-08"	"2016-02-18"	NA	NA	NA	"ok_downloaded"
"KU738897"	"KU738897.1"	NA	"Helicoverpa SNPV AC53"	"1569367"	"Helicoverpa SNPV AC53"	"no rank"	"Alphabaculovirus helarmigerae"	"3047947"	"Alphabaculovirus"	"Baculoviridae"	"Viruses; Naldaviricetes; Lefavirales; Baculoviridae; Alphabaculovirus; Alphabaculovirus helarmigerae; Helicoverpa armigera nucleopolyhedrovirus"	"Helicoverpa SNPV AC53 strain AC53C3, complete genome"	"insd"	"GenBank"	"genomic DNA"	"circular"	130443	130443	TRUE	39.1075	0	NA	"Helicoverpa sp."	"AC53C3"	NA	"Australia: Brisbane, QLD"	"01-Nov-2015"	"2016-03-08"	"2016-11-08"	"2016-11-08"	"2016-02-18"	NA	NA	NA	"ok_downloaded"
"KU738896"	"KU738896.1"	NA	"Helicoverpa SNPV AC53"	"1569367"	"Helicoverpa SNPV AC53"	"no rank"	"Alphabaculovirus helarmigerae"	"3047947"	"Alphabaculovirus"	"Baculoviridae"	"Viruses; Naldaviricetes; Lefavirales; Baculoviridae; Alphabaculovirus; Alphabaculovirus helarmigerae; Helicoverpa armigera nucleopolyhedrovirus"	"Helicoverpa SNPV AC53 strain AC53C1, complete genome"	"insd"	"GenBank"	"genomic DNA"	"circular"	130460	130460	TRUE	39.1101	0	NA	"Helicoverpa sp."	"AC53C1"	NA	"Australia: Brisbane, QLD"	"30-Oct-2015"	"2016-03-08"	"2016-11-08"	"2016-11-08"	"2016-02-18"	NA	NA	NA	"ok_downloaded"
"KJ922128"	"KJ922128.1"	NA	"Helicoverpa armigera SNPV"	"991878"	"Helicoverpa armigera SNPV"	"no rank"	"Alphabaculovirus helarmigerae"	"3047947"	"Alphabaculovirus"	"Baculoviridae"	"Viruses; Naldaviricetes; Lefavirales; Baculoviridae; Alphabaculovirus; Alphabaculovirus helarmigerae; Helicoverpa armigera nucleopolyhedrovirus"	"Helicoverpa armigera SNPV isolate H25EA1, complete genome"	"insd"	"GenBank"	"genomic DNA"	"circular"	130440	130440	TRUE	39.067	0	NA	"Helicoverpa armigera"	NA	"H25EA1"	"Australia"	NA	"2014-07-29"	"2016-11-08"	"2016-11-08"	"2014-06-02"	NA	NA	NA	"ok_downloaded"
"KJ909666"	"KJ909666.1"	NA	"Helicoverpa SNPV AC53"	"1569367"	"Helicoverpa SNPV AC53"	"no rank"	"Alphabaculovirus helarmigerae"	"3047947"	"Alphabaculovirus"	"Baculoviridae"	"Viruses; Naldaviricetes; Lefavirales; Baculoviridae; Alphabaculovirus; Alphabaculovirus helarmigerae; Helicoverpa armigera nucleopolyhedrovirus"	"Helicoverpa SNPV AC53, complete genome"	"insd"	"GenBank"	"genomic DNA"	"circular"	130442	130442	TRUE	39.094	0	NA	"Helicoverpa armigera"	"AC53"	NA	"Australia: Brookstead, QLD"	NA	"2014-07-29"	"2016-11-08"	"2016-11-08"	"2014-05-29"	NA	NA	NA	"ok_downloaded"
"KP027546"	"KP027546.2"	NA	"Lymantria dispar multiple nucleopolyhedrovirus"	"10449"	"Lymantria dispar multiple nucleopolyhedrovirus"	"no rank"	"Alphabaculovirus lydisparis"	"3048188"	"Alphabaculovirus"	"Baculoviridae"	"Viruses; Naldaviricetes; Lefavirales; Baculoviridae; Alphabaculovirus; Alphabaculovirus lydisparis"	"Lymantria dispar multiple nucleopolyhedrovirus isolate LdMNPV-27/2, complete genome"	"insd"	"GenBank"	"genomic DNA"	"circular"	164158	164158	TRUE	57.4148	0	NA	"Lymantria dispar"	NA	"LdMNPV-27/2"	"Russia"	NA	"2015-03-08"	"2016-10-25"	"2016-10-25"	"2014-10-23"	NA	NA	NA	"ok_downloaded"
"KX618634"	"KX618634.1"	NA	"Lymantria dispar multiple nucleopolyhedrovirus"	"10449"	"Lymantria dispar multiple nucleopolyhedrovirus"	"no rank"	"Alphabaculovirus lydisparis"	"3048188"	"Alphabaculovirus"	"Baculoviridae"	"Viruses; Naldaviricetes; Lefavirales; Baculoviridae; Alphabaculovirus; Alphabaculovirus lydisparis"	"Lymantria dispar multiple nucleopolyhedrovirus isolate RR01, complete genome"	"insd"	"GenBank"	"genomic DNA"	"circular"	159729	159729	TRUE	57.5062	0	NA	"Lymantria dispar"	NA	"RR01"	"Poland"	"2004"	"2016-10-18"	"2016-10-18"	"2016-10-18"	"2016-07-26"	NA	NA	NA	"ok_downloaded"
"KU669294"	"KU669294.1"	NA	"Chrysodeixis includens nucleopolyhedrovirus"	"1207438"	"Chrysodeixis includens nucleopolyhedrovirus"	"no rank"	"Alphabaculovirus alterchrincludentis"	"3047754"	"Alphabaculovirus"	"Baculoviridae"	"Viruses; Naldaviricetes; Lefavirales; Baculoviridae; Alphabaculovirus; Alphabaculovirus alterchrincludentis"	"Chrysodeixis includens nucleopolyhedrovirus isolate IG, complete genome"	"insd"	"GenBank"	"genomic DNA"	"circular"	139116	139116	TRUE	39.2523	21	"MNRWY"	"Chrysodeixis includens"	NA	"IG"	"Brazil"	"Feb-2008"	"2016-09-12"	"2016-09-12"	"2016-09-12"	"2016-02-04"	NA	NA	NA	"ok_downloaded"
"KU669293"	"KU669293.1"	NA	"Chrysodeixis includens nucleopolyhedrovirus"	"1207438"	"Chrysodeixis includens nucleopolyhedrovirus"	"no rank"	"Alphabaculovirus alterchrincludentis"	"3047754"	"Alphabaculovirus"	"Baculoviridae"	"Viruses; Naldaviricetes; Lefavirales; Baculoviridae; Alphabaculovirus; Alphabaculovirus alterchrincludentis"	"Chrysodeixis includens nucleopolyhedrovirus isolate IF, complete genome"	"insd"	"GenBank"	"genomic DNA"	"circular"	139181	139181	TRUE	39.1996	42	"KMRSWY"	"Chrysodeixis includens"	NA	"IF"	"Brazil"	"Feb-2008"	"2016-09-12"	"2016-09-12"	"2016-09-12"	"2016-02-04"	NA	NA	NA	"ok_downloaded"
"KU669292"	"KU669292.1"	NA	"Chrysodeixis includens nucleopolyhedrovirus"	"1207438"	"Chrysodeixis includens nucleopolyhedrovirus"	"no rank"	"Alphabaculovirus alterchrincludentis"	"3047754"	"Alphabaculovirus"	"Baculoviridae"	"Viruses; Naldaviricetes; Lefavirales; Baculoviridae; Alphabaculovirus; Alphabaculovirus alterchrincludentis"	"Chrysodeixis includens nucleopolyhedrovirus isolate ID, complete genome"	"insd"	"GenBank"	"genomic DNA"	"circular"	140787	140787	TRUE	39.2167	0	NA	"Chrysodeixis includens"	NA	"ID"	"Brazil"	"Feb-2006"	"2016-09-12"	"2016-09-12"	"2016-09-12"	"2016-02-04"	NA	NA	NA	"ok_downloaded"
"KU669291"	"KU669291.1"	NA	"Chrysodeixis includens nucleopolyhedrovirus"	"1207438"	"Chrysodeixis includens nucleopolyhedrovirus"	"no rank"	"Alphabaculovirus alterchrincludentis"	"3047754"	"Alphabaculovirus"	"Baculoviridae"	"Viruses; Naldaviricetes; Lefavirales; Baculoviridae; Alphabaculovirus; Alphabaculovirus alterchrincludentis"	"Chrysodeixis includens nucleopolyhedrovirus isolate IC, complete genome"	"insd"	"GenBank"	"genomic DNA"	"circular"	140859	140859	TRUE	39.2274	1	"M"	"Chrysodeixis includens"	NA	"IC"	"Brazil"	"Jan-2006"	"2016-09-12"	"2016-09-12"	"2016-09-12"	"2016-02-04"	NA	NA	NA	"ok_downloaded"
"KU669290"	"KU669290.1"	NA	"Chrysodeixis includens nucleopolyhedrovirus"	"1207438"	"Chrysodeixis includens nucleopolyhedrovirus"	"no rank"	"Alphabaculovirus alterchrincludentis"	"3047754"	"Alphabaculovirus"	"Baculoviridae"	"Viruses; Naldaviricetes; Lefavirales; Baculoviridae; Alphabaculovirus; Alphabaculovirus alterchrincludentis"	"Chrysodeixis includens nucleopolyhedrovirus isolate IB, complete genome"	"insd"	"GenBank"	"genomic DNA"	"circular"	138869	138869	TRUE	39.2155	3	"RW"	"Chrysodeixis includens"	NA	"IB"	"Brazil"	"Jan-2006"	"2016-09-12"	"2016-09-12"	"2016-09-12"	"2016-02-04"	NA	NA	NA	"ok_downloaded"
"KU669289"	"KU669289.1"	NA	"Chrysodeixis includens nucleopolyhedrovirus"	"1207438"	"Chrysodeixis includens nucleopolyhedrovirus"	"no rank"	"Alphabaculovirus alterchrincludentis"	"3047754"	"Alphabaculovirus"	"Baculoviridae"	"Viruses; Naldaviricetes; Lefavirales; Baculoviridae; Alphabaculovirus; Alphabaculovirus alterchrincludentis"	"Chrysodeixis includens nucleopolyhedrovirus isolate IA, complete genome"	"insd"	"GenBank"	"genomic DNA"	"circular"	140808	140808	TRUE	39.2558	21	"KMNRSWY"	"Chrysodeixis includens"	NA	"IA"	"Guatemala"	"1972"	"2016-09-12"	"2016-09-12"	"2016-09-12"	"2016-02-04"	NA	NA	NA	"ok_downloaded"
"KU377538"	"KU377538.1"	NA	"Lymantria dispar multiple nucleopolyhedrovirus"	"10449"	"Lymantria dispar multiple nucleopolyhedrovirus"	"no rank"	"Alphabaculovirus lydisparis"	"3048188"	"Alphabaculovirus"	"Baculoviridae"	"Viruses; Naldaviricetes; Lefavirales; Baculoviridae; Alphabaculovirus; Alphabaculovirus lydisparis"	"Lymantria dispar multiple nucleopolyhedrovirus isolate BNP, complete genome"	"insd"	"GenBank"	"genomic DNA"	"circular"	157270	157270	TRUE	50.3249	0	NA	"Lymantria dispar"	NA	"BNP"	"Poland"	"2008"	"2016-08-15"	"2016-08-15"	"2016-08-15"	"2016-01-03"	NA	NA	NA	"ok_downloaded"
"KU666537"	"KU666537.1"	NA	"Plutella xylostella granulovirus"	"98383"	"Plutella xylostella granulovirus"	"no rank"	"Betabaculovirus pluxylostellae"	"3048276"	"Betabaculovirus"	"Baculoviridae"	"Viruses; Naldaviricetes; Lefavirales; Baculoviridae; Betabaculovirus; Betabaculovirus pluxylostellae"	"Plutella xylostella granulovirus isolate SA, complete genome"	"insd"	"GenBank"	"genomic DNA"	"circular"	100941	100941	TRUE	40.5495	5	"KRSY"	"Plutella xylostella"	NA	"SA"	"South Africa"	"20-Feb-2012"	"2016-08-11"	"2016-08-11"	"2016-08-11"	"2016-02-02"	NA	NA	NA	"ok_downloaded"
"KU666536"	"KU666536.1"	NA	"Phthorimaea operculella granulovirus"	"192584"	"Phthorimaea operculella granulovirus"	"no rank"	"Betabaculovirus phoperculellae"	"3048268"	"Betabaculovirus"	"Baculoviridae"	"Viruses; Naldaviricetes; Lefavirales; Baculoviridae; Betabaculovirus; Betabaculovirus phoperculellae"	"Phthorimaea operculella granulovirus isolate SA, complete genome"	"insd"	"GenBank"	"genomic DNA"	"circular"	119004	119004	TRUE	35.6685	0	NA	"Phthorimaea operculella"	NA	"SA"	"South Africa"	"2013"	"2016-08-11"	"2016-08-11"	"2016-08-11"	"2016-02-02"	NA	NA	NA	"ok_downloaded"
"AF512031"	"AF512031.3"	"AF177329;S46001;S78506;S81690;U10441;U18677;U26676;U26734;U53854;U57401;U59008;U70432;U72240;X65395"	"Choristoneura fumiferana multiple nucleopolyhedrovirus"	"208973"	"Choristoneura fumiferana multiple nucleopolyhedrovirus"	"no rank"	"Alphabaculovirus chofumiferanae"	"3047750"	"Alphabaculovirus"	"Baculoviridae"	"Viruses; Naldaviricetes; Lefavirales; Baculoviridae; Alphabaculovirus; Alphabaculovirus chofumiferanae"	"Choristoneura fumiferana multiple nucleopolyhedrovirus, complete genome"	"insd"	"GenBank"	"genomic DNA"	"circular"	129593	129593	TRUE	50.093	0	NA	NA	NA	NA	"Ireland"	NA	"2003-05-01"	"2016-08-08"	"2016-08-08"	"2002-05-13"	NA	"NC_004778.3"	"NCBI ELink nuccore_nuccore_gbrs"	"ok_downloaded"
"KU697903"	"KU697903.1"	NA	"Autographa californica nucleopolyhedrovirus"	"46015"	"Autographa californica nucleopolyhedrovirus"	"no rank"	"Alphabaculovirus aucalifornicae"	"3047383"	"Alphabaculovirus"	"Baculoviridae"	"Viruses; Naldaviricetes; Lefavirales; Baculoviridae; Alphabaculovirus; Alphabaculovirus aucalifornicae; Autographa californica multiple nucleopolyhedrovirus"	"Mutant Autographa californica nucleopolyhedrovirus isolate vAcRev-2, complete genome"	"insd"	"GenBank"	"genomic DNA"	"circular"	138991	138991	TRUE	40.8947	0	NA	"Lepidoptera sp."	NA	"vAcRev-2"	"China"	"01-Jan-2009"	"2016-06-29"	"2016-06-29"	"2016-06-29"	"2016-02-11"	NA	NA	NA	"ok_downloaded"
"KU697902"	"KU697902.1"	NA	"Autographa californica nucleopolyhedrovirus"	"46015"	"Autographa californica nucleopolyhedrovirus"	"no rank"	"Alphabaculovirus aucalifornicae"	"3047383"	"Alphabaculovirus"	"Baculoviridae"	"Viruses; Naldaviricetes; Lefavirales; Baculoviridae; Alphabaculovirus; Alphabaculovirus aucalifornicae; Autographa californica multiple nucleopolyhedrovirus"	"Mutant Autographa californica nucleopolyhedrovirus isolate vAcRev-1, complete genome"	"insd"	"GenBank"	"genomic DNA"	"circular"	118582	118582	TRUE	41.2483	0	NA	"invertebrate"	NA	"vAcRev-1"	"China"	"01-Jan-2009"	"2016-06-29"	"2016-06-29"	"2016-06-29"	"2016-02-11"	NA	NA	NA	"ok_downloaded"
"KM596836"	"KM596836.1"	NA	"Perigonia lusca single nucleopolyhedrovirus"	"1675865"	"Perigonia lusca single nucleopolyhedrovirus"	"no rank"	"Alphabaculovirus peluscae"	"3051421"	"Alphabaculovirus"	"Baculoviridae"	"Viruses; Naldaviricetes; Lefavirales; Baculoviridae; Alphabaculovirus; Alphabaculovirus peluscae; Perigonia lusca nucleopolyhedrovirus"	"Perigonia lusca single nucleopolyhedrovirus, complete genome"	"insd"	"GenBank"	"genomic DNA"	"circular"	132831	132831	TRUE	39.569	78	"KMNRSWY"	"Perigonia lusca ilus"	NA	NA	"Brazil"	NA	"2015-09-15"	"2016-06-22"	"2016-06-22"	"2014-09-19"	NA	"NC_027923.1"	"NCBI ELink nuccore_nuccore_gbrs"	"ok_downloaded"
"KU565883"	"KU565883.1"	NA	"Catopsilia pomona nucleopolyhedrovirus"	"1850906"	"Catopsilia pomona nucleopolyhedrovirus"	"no rank"	"Alphabaculovirus capomonae"	"3047737"	"Alphabaculovirus"	"Baculoviridae"	"Viruses; Naldaviricetes; Lefavirales; Baculoviridae; Alphabaculovirus; Alphabaculovirus capomonae"	"Catopsilia pomona nucleopolyhedrovirus isolate 416, complete genome"	"insd"	"GenBank"	"genomic DNA"	"circular"	128058	128058	TRUE	39.6633	0	NA	"Catopsilia pomona"	NA	"416"	"China"	"1990"	"2016-05-24"	"2016-05-24"	"2016-05-24"	"2016-01-21"	NA	"NC_030240.1"	"NCBI ELink nuccore_nuccore_gbrs"	"ok_downloaded"
"KT626572"	"KT626572.1"	NA	"Lymantria dispar multiple nucleopolyhedrovirus"	"10449"	"Lymantria dispar multiple nucleopolyhedrovirus"	"no rank"	"Alphabaculovirus lydisparis"	"3048188"	"Alphabaculovirus"	"Baculoviridae"	"Viruses; Naldaviricetes; Lefavirales; Baculoviridae; Alphabaculovirus; Alphabaculovirus lydisparis"	"Lymantria dispar multiple nucleopolyhedrovirus strain Ab-a624, complete genome"	"insd"	"GenBank"	"genomic DNA"	"circular"	161321	161321	TRUE	57.4674	0	NA	"Lymantria dispar"	"Ab-a624"	NA	"USA: Massachusetts"	NA	"2016-03-13"	"2016-03-31"	"2016-03-31"	"2015-08-28"	NA	NA	NA	"ok_downloaded"
"KT626570"	"KT626570.1"	NA	"Lymantria dispar multiple nucleopolyhedrovirus"	"10449"	"Lymantria dispar multiple nucleopolyhedrovirus"	"no rank"	"Alphabaculovirus lydisparis"	"3048188"	"Alphabaculovirus"	"Baculoviridae"	"Viruses; Naldaviricetes; Lefavirales; Baculoviridae; Alphabaculovirus; Alphabaculovirus lydisparis"	"Lymantria dispar multiple nucleopolyhedrovirus strain 3054, complete genome"	"insd"	"GenBank"	"genomic DNA"	"circular"	164478	164478	TRUE	57.308	0	NA	"Lymantria dispar"	"3054"	NA	"Spain"	NA	"2016-03-13"	"2016-03-31"	"2016-03-31"	"2015-08-28"	NA	NA	NA	"ok_downloaded"
"KU529793"	"KU529793.1"	NA	"Plutella xylostella granulovirus"	"98383"	"Plutella xylostella granulovirus"	"no rank"	"Betabaculovirus pluxylostellae"	"3048276"	"Betabaculovirus"	"Baculoviridae"	"Viruses; Naldaviricetes; Lefavirales; Baculoviridae; Betabaculovirus; Betabaculovirus pluxylostellae"	"Plutella xylostella granulovirus isolate PxGV_M, complete genome"	"insd"	"GenBank"	"genomic DNA"	"circular"	100986	100986	TRUE	40.6952	1	"K"	"Plutella xylostella"	NA	"PxGV_M"	"Malaysia"	NA	"2016-03-21"	"2016-03-30"	"2016-03-30"	"2016-01-14"	NA	NA	NA	"ok_downloaded"
"KU529791"	"KU529791.1"	NA	"Plutella xylostella granulovirus"	"98383"	"Plutella xylostella granulovirus"	"no rank"	"Betabaculovirus pluxylostellae"	"3048276"	"Betabaculovirus"	"Baculoviridae"	"Viruses; Naldaviricetes; Lefavirales; Baculoviridae; Betabaculovirus; Betabaculovirus pluxylostellae"	"Plutella xylostella granulovirus isolate PxGV_C, complete genome"	"insd"	"GenBank"	"genomic DNA"	"circular"	100980	100980	TRUE	40.6853	0	NA	"Plutella xylostella"	NA	"PxGV_C"	"China"	NA	"2016-03-21"	"2016-03-30"	"2016-03-30"	"2016-01-13"	NA	NA	NA	"ok_downloaded"
"KU529794"	"KU529794.1"	NA	"Plutella xylostella granulovirus"	"98383"	"Plutella xylostella granulovirus"	"no rank"	"Betabaculovirus pluxylostellae"	"3048276"	"Betabaculovirus"	"Baculoviridae"	"Viruses; Naldaviricetes; Lefavirales; Baculoviridae; Betabaculovirus; Betabaculovirus pluxylostellae"	"Plutella xylostella granulovirus isolate PxGV_T, complete genome"	"insd"	"GenBank"	"genomic DNA"	"circular"	100978	100978	TRUE	40.7029	0	NA	"Plutella xylostella"	NA	"PxGV_T"	"Taiwan"	NA	"2016-03-21"	"2016-03-21"	"2016-03-21"	"2016-01-14"	NA	NA	NA	"ok_downloaded"
"KU529792"	"KU529792.1"	NA	"Plutella xylostella granulovirus"	"98383"	"Plutella xylostella granulovirus"	"no rank"	"Betabaculovirus pluxylostellae"	"3048276"	"Betabaculovirus"	"Baculoviridae"	"Viruses; Naldaviricetes; Lefavirales; Baculoviridae; Betabaculovirus; Betabaculovirus pluxylostellae"	"Plutella xylostella granulovirus isolate PxGV_K, complete genome"	"insd"	"GenBank"	"genomic DNA"	"circular"	101004	101004	TRUE	40.7043	0	NA	"Plutella xylostella"	NA	"PxGV_K"	"Taiwan"	NA	"2016-03-21"	"2016-03-21"	"2016-03-21"	"2016-01-14"	NA	NA	NA	"ok_downloaded"
"KT626571"	"KT626571.1"	NA	"Lymantria dispar multiple nucleopolyhedrovirus"	"10449"	"Lymantria dispar multiple nucleopolyhedrovirus"	"no rank"	"Alphabaculovirus lydisparis"	"3048188"	"Alphabaculovirus"	"Baculoviridae"	"Viruses; Naldaviricetes; Lefavirales; Baculoviridae; Alphabaculovirus; Alphabaculovirus lydisparis"	"Lymantria dispar multiple nucleopolyhedrovirus strain 3041, complete genome"	"insd"	"GenBank"	"genomic DNA"	"circular"	162658	162658	TRUE	57.252	0	NA	"Lymantria dispar"	"3041"	NA	"Japan"	NA	"2016-03-13"	"2016-03-13"	"2016-03-13"	"2015-08-28"	NA	NA	NA	"ok_downloaded"
"KP763670"	"KP763670.1"	NA	"Lonomia obliqua multiple nucleopolyhedrovirus"	"134394"	"Lonomia obliqua multiple nucleopolyhedrovirus"	"no rank"	"Alphabaculovirus lonobliquae"	"3051418"	"Alphabaculovirus"	"Baculoviridae"	"Viruses; Naldaviricetes; Lefavirales; Baculoviridae; Alphabaculovirus; Alphabaculovirus lonobliquae; Lonomia obliqua nucleopolyhedrovirus"	"Lonomia obliqua multiple nucleopolyhedrovirus isolate SP/2000, complete genome"	"insd"	"GenBank"	"genomic DNA"	"circular"	120023	120023	TRUE	35.7492	26	"KMNRSWY"	"Lonomia obliqua"	NA	"SP/2000"	"Brazil"	"01-Jan-2000"	"2016-03-10"	"2016-03-10"	"2016-03-10"	"2015-02-10"	NA	"NC_043520.1"	"NCBI ELink nuccore_nuccore_gbrs"	"ok_downloaded"
"KF891883"	"KF891883.1"	NA	"Spodoptera frugiperda multiple nucleopolyhedrovirus"	"10455"	"Spodoptera frugiperda multiple nucleopolyhedrovirus"	"no rank"	"Alphabaculovirus spofrugiperdae"	"3048335"	"Alphabaculovirus"	"Baculoviridae"	"Viruses; Naldaviricetes; Lefavirales; Baculoviridae; Alphabaculovirus; Alphabaculovirus spofrugiperdae"	"Spodoptera frugiperda multiple nucleopolyhedrovirus isolate Colombian, complete genome"	"insd"	"GenBank"	"genomic DNA"	"circular"	134239	134239	TRUE	40.34	0	NA	"Spodoptera frugiperda"	NA	"Colombian"	"Colombia"	NA	"2015-11-30"	"2016-02-19"	"2016-02-19"	"2013-11-22"	NA	NA	NA	"ok_downloaded"
"KP658210"	"KP658210.1"	NA	"Cnaphalocrocis medinalis granulovirus"	"1750712"	"Cnaphalocrocis medinalis granulovirus"	"no rank"	"Betabaculovirus cnamedinalis"	"3047765"	"Betabaculovirus"	"Baculoviridae"	"Viruses; Naldaviricetes; Lefavirales; Baculoviridae; Betabaculovirus; Betabaculovirus cnamedinalis"	"Cnaphalocrocis medinalis granulovirus, complete genome"	"insd"	"GenBank"	"genomic DNA"	"circular"	112060	112060	TRUE	35.1892	0	NA	"Cnaphalocrocis medinalis"	NA	NA	"China"	"05-Sep-2008"	"2016-02-10"	"2016-02-10"	"2016-02-10"	"2015-01-16"	NA	NA	NA	"ok_downloaded"
"JX138237"	"JX138237.2"	NA	"Mamestra brassicae multiple nucleopolyhedrovirus"	"78219"	"Mamestra brassicae multiple nucleopolyhedrovirus"	"no rank"	"Alphabaculovirus mabrassicae"	"3048194"	"Alphabaculovirus"	"Baculoviridae"	"Viruses; Naldaviricetes; Lefavirales; Baculoviridae; Alphabaculovirus; Alphabaculovirus mabrassicae"	"Mamestra brassicae multiple nucleopolyhedrovirus strain CHb1, complete genome"	"insd"	"GenBank"	"genomic DNA"	"circular"	154451	154451	TRUE	40.0515	0	NA	"Mamestra brassicae"	"CHb1"	NA	"China: Hebei"	"1991"	"2012-08-22"	"2016-01-06"	"2016-01-06"	"2012-06-06"	NA	NA	NA	"ok_downloaded"
"KR815471"	"KR815471.1"	NA	"Anticarsia gemmatalis multiple nucleopolyhedrovirus"	"268591"	"Anticarsia gemmatalis multiple nucleopolyhedrovirus"	"no rank"	"Alphabaculovirus angemmatalis"	"3047368"	"Alphabaculovirus"	"Baculoviridae"	"Viruses; Naldaviricetes; Lefavirales; Baculoviridae; Alphabaculovirus; Alphabaculovirus angemmatalis"	"Anticarsia gemmatalis multiple nucleopolyhedrovirus isolate AgMNPV-43, complete genome"	"insd"	"GenBank"	"genomic DNA"	"circular"	132077	132077	TRUE	44.5929	0	NA	"Anticarsia gemmatalis"	NA	"AgMNPV-43"	"Brazil"	"1980"	"2015-12-09"	"2015-12-09"	"2015-12-09"	"2015-05-04"	NA	NA	NA	"ok_downloaded"
"KR815470"	"KR815470.1"	NA	"Anticarsia gemmatalis multiple nucleopolyhedrovirus"	"268591"	"Anticarsia gemmatalis multiple nucleopolyhedrovirus"	"no rank"	"Alphabaculovirus angemmatalis"	"3047368"	"Alphabaculovirus"	"Baculoviridae"	"Viruses; Naldaviricetes; Lefavirales; Baculoviridae; Alphabaculovirus; Alphabaculovirus angemmatalis"	"Anticarsia gemmatalis multiple nucleopolyhedrovirus isolate AgMNPV-42, complete genome"	"insd"	"GenBank"	"genomic DNA"	"circular"	130949	130949	TRUE	44.5769	0	NA	"Anticarsia gemmatalis"	NA	"AgMNPV-42"	NA	"1987"	"2015-12-09"	"2015-12-09"	"2015-12-09"	"2015-05-04"	NA	NA	NA	"ok_downloaded"
"KR815469"	"KR815469.1"	NA	"Anticarsia gemmatalis multiple nucleopolyhedrovirus"	"268591"	"Anticarsia gemmatalis multiple nucleopolyhedrovirus"	"no rank"	"Alphabaculovirus angemmatalis"	"3047368"	"Alphabaculovirus"	"Baculoviridae"	"Viruses; Naldaviricetes; Lefavirales; Baculoviridae; Alphabaculovirus; Alphabaculovirus angemmatalis"	"Anticarsia gemmatalis multiple nucleopolyhedrovirus isolate AgMNPV-40, complete genome"	"insd"	"GenBank"	"genomic DNA"	"circular"	132180	132180	TRUE	44.63	0	NA	"Anticarsia gemmatalis"	NA	"AgMNPV-40"	"Brazil"	NA	"2015-12-09"	"2015-12-09"	"2015-12-09"	"2015-05-04"	NA	NA	NA	"ok_downloaded"
"KR815468"	"KR815468.1"	NA	"Anticarsia gemmatalis multiple nucleopolyhedrovirus"	"268591"	"Anticarsia gemmatalis multiple nucleopolyhedrovirus"	"no rank"	"Alphabaculovirus angemmatalis"	"3047368"	"Alphabaculovirus"	"Baculoviridae"	"Viruses; Naldaviricetes; Lefavirales; Baculoviridae; Alphabaculovirus; Alphabaculovirus angemmatalis"	"Anticarsia gemmatalis multiple nucleopolyhedrovirus isolate AgMNPV-39, complete genome"	"insd"	"GenBank"	"genomic DNA"	"circular"	130698	130698	TRUE	44.5378	0	NA	"Anticarsia gemmatalis"	NA	"AgMNPV-39"	"Brazil"	"1987"	"2015-12-09"	"2015-12-09"	"2015-12-09"	"2015-05-04"	NA	NA	NA	"ok_downloaded"
"KR815467"	"KR815467.1"	NA	"Anticarsia gemmatalis multiple nucleopolyhedrovirus"	"268591"	"Anticarsia gemmatalis multiple nucleopolyhedrovirus"	"no rank"	"Alphabaculovirus angemmatalis"	"3047368"	"Alphabaculovirus"	"Baculoviridae"	"Viruses; Naldaviricetes; Lefavirales; Baculoviridae; Alphabaculovirus; Alphabaculovirus angemmatalis"	"Anticarsia gemmatalis multiple nucleopolyhedrovirus isolate AgMNPV-38, complete genome"	"insd"	"GenBank"	"genomic DNA"	"circular"	130740	130740	TRUE	44.5036	0	NA	"Anticarsia gemmatalis"	NA	"AgMNPV-38"	"Uruguay"	"1982"	"2015-12-09"	"2015-12-09"	"2015-12-09"	"2015-05-04"	NA	NA	NA	"ok_downloaded"
"KR815466"	"KR815466.1"	NA	"Anticarsia gemmatalis multiple nucleopolyhedrovirus"	"268591"	"Anticarsia gemmatalis multiple nucleopolyhedrovirus"	"no rank"	"Alphabaculovirus angemmatalis"	"3047368"	"Alphabaculovirus"	"Baculoviridae"	"Viruses; Naldaviricetes; Lefavirales; Baculoviridae; Alphabaculovirus; Alphabaculovirus angemmatalis"	"Anticarsia gemmatalis multiple nucleopolyhedrovirus isolate AgMNPV-37, complete genome"	"insd"	"GenBank"	"genomic DNA"	"circular"	131855	131855	TRUE	44.4845	0	NA	"Anticarsia gemmatalis"	NA	"AgMNPV-37"	"Brazil"	"1982"	"2015-12-09"	"2015-12-09"	"2015-12-09"	"2015-05-04"	NA	"NC_031761.1"	"NCBI ELink nuccore_nuccore_gbrs"	"ok_downloaded"
"KR815465"	"KR815465.1"	NA	"Anticarsia gemmatalis multiple nucleopolyhedrovirus"	"268591"	"Anticarsia gemmatalis multiple nucleopolyhedrovirus"	"no rank"	"Alphabaculovirus angemmatalis"	"3047368"	"Alphabaculovirus"	"Baculoviridae"	"Viruses; Naldaviricetes; Lefavirales; Baculoviridae; Alphabaculovirus; Alphabaculovirus angemmatalis"	"Anticarsia gemmatalis multiple nucleopolyhedrovirus isolate AgMNPV-36, complete genome"	"insd"	"GenBank"	"genomic DNA"	"circular"	131216	131216	TRUE	44.5045	0	NA	"Anticarsia gemmatalis"	NA	"AgMNPV-36"	"Brazil"	"1982"	"2015-12-09"	"2015-12-09"	"2015-12-09"	"2015-05-04"	NA	NA	NA	"ok_downloaded"
"KR815464"	"KR815464.1"	NA	"Anticarsia gemmatalis multiple nucleopolyhedrovirus"	"268591"	"Anticarsia gemmatalis multiple nucleopolyhedrovirus"	"no rank"	"Alphabaculovirus angemmatalis"	"3047368"	"Alphabaculovirus"	"Baculoviridae"	"Viruses; Naldaviricetes; Lefavirales; Baculoviridae; Alphabaculovirus; Alphabaculovirus angemmatalis"	"Anticarsia gemmatalis multiple nucleopolyhedrovirus isolate AgMNPV-35, complete genome"	"insd"	"GenBank"	"genomic DNA"	"circular"	132176	132176	TRUE	44.5936	0	NA	"Anticarsia gemmatalis"	NA	"AgMNPV-35"	"Brazil"	"1984"	"2015-12-09"	"2015-12-09"	"2015-12-09"	"2015-05-04"	NA	NA	NA	"ok_downloaded"
"KR815463"	"KR815463.1"	NA	"Anticarsia gemmatalis multiple nucleopolyhedrovirus"	"268591"	"Anticarsia gemmatalis multiple nucleopolyhedrovirus"	"no rank"	"Alphabaculovirus angemmatalis"	"3047368"	"Alphabaculovirus"	"Baculoviridae"	"Viruses; Naldaviricetes; Lefavirales; Baculoviridae; Alphabaculovirus; Alphabaculovirus angemmatalis"	"Anticarsia gemmatalis multiple nucleopolyhedrovirus isolate AgMNPV-34, complete genome"	"insd"	"GenBank"	"genomic DNA"	"circular"	131543	131543	TRUE	44.5603	0	NA	"Anticarsia gemmatalis"	NA	"AgMNPV-34"	"Brazil"	"1990"	"2015-12-09"	"2015-12-09"	"2015-12-09"	"2015-05-04"	NA	NA	NA	"ok_downloaded"
"KR815462"	"KR815462.1"	NA	"Anticarsia gemmatalis multiple nucleopolyhedrovirus"	"268591"	"Anticarsia gemmatalis multiple nucleopolyhedrovirus"	"no rank"	"Alphabaculovirus angemmatalis"	"3047368"	"Alphabaculovirus"	"Baculoviridae"	"Viruses; Naldaviricetes; Lefavirales; Baculoviridae; Alphabaculovirus; Alphabaculovirus angemmatalis"	"Anticarsia gemmatalis multiple nucleopolyhedrovirus isolate AgMNPV-33, complete genome"	"insd"	"GenBank"	"genomic DNA"	"circular"	131059	131059	TRUE	44.528	0	NA	"Anticarsia gemmatalis"	NA	"AgMNPV-33"	"Brazil"	"1984"	"2015-12-09"	"2015-12-09"	"2015-12-09"	"2015-05-04"	NA	NA	NA	"ok_downloaded"
"KR815461"	"KR815461.1"	NA	"Anticarsia gemmatalis multiple nucleopolyhedrovirus"	"268591"	"Anticarsia gemmatalis multiple nucleopolyhedrovirus"	"no rank"	"Alphabaculovirus angemmatalis"	"3047368"	"Alphabaculovirus"	"Baculoviridae"	"Viruses; Naldaviricetes; Lefavirales; Baculoviridae; Alphabaculovirus; Alphabaculovirus angemmatalis"	"Anticarsia gemmatalis multiple nucleopolyhedrovirus isolate AgMNPV-32, complete genome"	"insd"	"GenBank"	"genomic DNA"	"circular"	131494	131494	TRUE	44.5785	0	NA	"Anticarsia gemmatalis"	NA	"AgMNPV-32"	"Brazil"	"1982"	"2015-12-09"	"2015-12-09"	"2015-12-09"	"2015-05-04"	NA	NA	NA	"ok_downloaded"
"KR815460"	"KR815460.1"	NA	"Anticarsia gemmatalis multiple nucleopolyhedrovirus"	"268591"	"Anticarsia gemmatalis multiple nucleopolyhedrovirus"	"no rank"	"Alphabaculovirus angemmatalis"	"3047368"	"Alphabaculovirus"	"Baculoviridae"	"Viruses; Naldaviricetes; Lefavirales; Baculoviridae; Alphabaculovirus; Alphabaculovirus angemmatalis"	"Anticarsia gemmatalis multiple nucleopolyhedrovirus isolate AgMNPV-31, complete genome"	"insd"	"GenBank"	"genomic DNA"	"circular"	132126	132126	TRUE	44.5991	0	NA	"Anticarsia gemmatalis"	NA	"AgMNPV-31"	"Brazil"	"1986"	"2015-12-09"	"2015-12-09"	"2015-12-09"	"2015-05-04"	NA	NA	NA	"ok_downloaded"
"KR815459"	"KR815459.1"	NA	"Anticarsia gemmatalis multiple nucleopolyhedrovirus"	"268591"	"Anticarsia gemmatalis multiple nucleopolyhedrovirus"	"no rank"	"Alphabaculovirus angemmatalis"	"3047368"	"Alphabaculovirus"	"Baculoviridae"	"Viruses; Naldaviricetes; Lefavirales; Baculoviridae; Alphabaculovirus; Alphabaculovirus angemmatalis"	"Anticarsia gemmatalis multiple nucleopolyhedrovirus isolate AgMNPV-30, complete genome"	"insd"	"GenBank"	"genomic DNA"	"circular"	130741	130741	TRUE	44.5033	0	NA	"Anticarsia gemmatalis"	NA	"AgMNPV-30"	"Uruguay"	"1982"	"2015-12-09"	"2015-12-09"	"2015-12-09"	"2015-05-04"	NA	NA	NA	"ok_downloaded"
"KR815458"	"KR815458.1"	NA	"Anticarsia gemmatalis multiple nucleopolyhedrovirus"	"268591"	"Anticarsia gemmatalis multiple nucleopolyhedrovirus"	"no rank"	"Alphabaculovirus angemmatalis"	"3047368"	"Alphabaculovirus"	"Baculoviridae"	"Viruses; Naldaviricetes; Lefavirales; Baculoviridae; Alphabaculovirus; Alphabaculovirus angemmatalis"	"Anticarsia gemmatalis multiple nucleopolyhedrovirus isolate AgMNPV-29, complete genome"	"insd"	"GenBank"	"genomic DNA"	"circular"	130506	130506	TRUE	44.5995	0	NA	"Anticarsia gemmatalis"	NA	"AgMNPV-29"	"Brazil"	"1985"	"2015-12-09"	"2015-12-09"	"2015-12-09"	"2015-05-04"	NA	NA	NA	"ok_downloaded"
"KR815457"	"KR815457.1"	NA	"Anticarsia gemmatalis multiple nucleopolyhedrovirus"	"268591"	"Anticarsia gemmatalis multiple nucleopolyhedrovirus"	"no rank"	"Alphabaculovirus angemmatalis"	"3047368"	"Alphabaculovirus"	"Baculoviridae"	"Viruses; Naldaviricetes; Lefavirales; Baculoviridae; Alphabaculovirus; Alphabaculovirus angemmatalis"	"Anticarsia gemmatalis multiple nucleopolyhedrovirus isolate AgMNPV-28, complete genome"	"insd"	"GenBank"	"genomic DNA"	"circular"	130745	130745	TRUE	44.56	0	NA	"Anticarsia gemmatalis"	NA	"AgMNPV-28"	"Uruguay"	"1984"	"2015-12-09"	"2015-12-09"	"2015-12-09"	"2015-05-04"	NA	NA	NA	"ok_downloaded"
"KR815456"	"KR815456.1"	NA	"Anticarsia gemmatalis multiple nucleopolyhedrovirus"	"268591"	"Anticarsia gemmatalis multiple nucleopolyhedrovirus"	"no rank"	"Alphabaculovirus angemmatalis"	"3047368"	"Alphabaculovirus"	"Baculoviridae"	"Viruses; Naldaviricetes; Lefavirales; Baculoviridae; Alphabaculovirus; Alphabaculovirus angemmatalis"	"Anticarsia gemmatalis multiple nucleopolyhedrovirus isolate AgMNPV-27, complete genome"	"insd"	"GenBank"	"genomic DNA"	"circular"	131172	131172	TRUE	44.6033	0	NA	"Anticarsia gemmatalis"	NA	"AgMNPV-27"	"Argentina"	"1982"	"2015-12-09"	"2015-12-09"	"2015-12-09"	"2015-05-04"	NA	NA	NA	"ok_downloaded"
"KR815455"	"KR815455.1"	NA	"Anticarsia gemmatalis multiple nucleopolyhedrovirus"	"268591"	"Anticarsia gemmatalis multiple nucleopolyhedrovirus"	"no rank"	"Alphabaculovirus angemmatalis"	"3047368"	"Alphabaculovirus"	"Baculoviridae"	"Viruses; Naldaviricetes; Lefavirales; Baculoviridae; Alphabaculovirus; Alphabaculovirus angemmatalis"	"Anticarsia gemmatalis multiple nucleopolyhedrovirus isolate AgMNPV-26, complete genome"	"insd"	"GenBank"	"genomic DNA"	"circular"	131678	131678	TRUE	44.5731	0	NA	"Anticarsia gemmatalis"	NA	"AgMNPV-26"	"Brazil"	"1984"	"2015-12-09"	"2015-12-09"	"2015-12-09"	"2015-05-04"	NA	NA	NA	"ok_downloaded"
"KP296186"	"KP296186.1"	NA	"Diatraea saccharalis granulovirus"	"1675862"	"Diatraea saccharalis granulovirus"	"no rank"	"Betabaculovirus disaccharalis"	"3047795"	"Betabaculovirus"	"Baculoviridae"	"Viruses; Naldaviricetes; Lefavirales; Baculoviridae; Betabaculovirus; Betabaculovirus disaccharalis"	"Diatraea saccharalis granulovirus, complete genome"	"insd"	"GenBank"	"genomic DNA"	"circular"	98392	98392	TRUE	34.9342	10	"NRWY"	"Diatraea saccharalis"	"Parana-2009"	"DisaGV-Parana-2009"	"Brazil"	"2009"	"2015-11-30"	"2015-11-30"	"2015-11-30"	"2014-12-19"	NA	"NC_028491.1"	"NCBI ELink nuccore_nuccore_gbrs"	"ok_downloaded"
"KM986882"	"KM986882.1"	NA	"Buzura suppressaria nucleopolyhedrovirus"	"74320"	"Buzura suppressaria nucleopolyhedrovirus"	"no rank"	"Alphabaculovirus busuppressariae"	"3047704"	"Alphabaculovirus"	"Baculoviridae"	"Viruses; Naldaviricetes; Lefavirales; Baculoviridae; Alphabaculovirus; Alphabaculovirus busuppressariae"	"Buzura suppressaria nucleopolyhedrovirus isolate Guangxi, complete genome"	"insd"	"GenBank"	"genomic DNA"	"circular"	121268	121268	TRUE	36.7104	87	"KMRSWY"	"Buzura suppressaria"	NA	"Guangxi"	"China"	"20-May-2013"	"2015-10-30"	"2015-10-30"	"2015-10-30"	"2014-10-17"	NA	NA	NA	"ok_downloaded"
"KP747440"	"KP747440.1"	NA	"Dasychira pudibunda nucleopolyhedrovirus"	"1684825"	"Dasychira pudibunda nucleopolyhedrovirus"	"species"	"Dasychira pudibunda nucleopolyhedrovirus"	"1684825"	"Alphabaculovirus"	"Baculoviridae"	"Viruses; Naldaviricetes; Lefavirales; Baculoviridae; Alphabaculovirus; unclassified Alphabaculovirus"	"Dasychira pudibunda nucleopolyhedrovirus isolate ML1, complete genome"	"insd"	"GenBank"	"genomic DNA"	"circular"	136761	136761	TRUE	54.4468	0	NA	"Calliteara pudibunda"	NA	"ML1"	"Poland"	"2006"	"2015-10-18"	"2015-10-18"	"2015-10-18"	"2015-02-04"	NA	NA	NA	"ok_downloaded"
"KM609482"	"KM609482.1"	NA	"Autographa californica multiple nucleopolyhedrovirus"	"307456"	"Autographa californica multiple nucleopolyhedrovirus"	"no rank"	"Alphabaculovirus aucalifornicae"	"3047383"	"Alphabaculovirus"	"Baculoviridae"	"Viruses; Naldaviricetes; Lefavirales; Baculoviridae; Alphabaculovirus; Alphabaculovirus aucalifornicae"	"Autographa californica multiple nucleopolyhedrovirus isolate WP10, complete genome"	"insd"	"GenBank"	"genomic DNA"	"circular"	133926	133926	TRUE	40.7021	19	"KMNRSY"	"Trichoplusia ni"	NA	"WP10"	"France"	"06-Jun-2011"	"2015-09-30"	"2015-09-30"	"2015-09-30"	"2014-09-23"	NA	NA	NA	"ok_downloaded"
"KT013224"	"KT013224.1"	NA	"Helicoverpa armigera nucleopolyhedrovirus"	"51313"	"Helicoverpa armigera nucleopolyhedrovirus"	"no rank"	"Alphabaculovirus helarmigerae"	"3047947"	"Alphabaculovirus"	"Baculoviridae"	"Viruses; Naldaviricetes; Lefavirales; Baculoviridae; Alphabaculovirus; Alphabaculovirus helarmigerae"	"Helicoverpa armigera nucleopolyhedrovirus strain L1, complete genome"	"insd"	"GenBank"	"genomic DNA"	"circular"	136760	136760	TRUE	39.086	0	NA	"Helicoverpa armigera"	"L1"	"HANPVL1"	"India"	"30-Oct-2011"	"2015-09-19"	"2015-09-19"	"2015-09-19"	"2015-06-05"	NA	NA	NA	"ok_downloaded"
"KM386655"	"KM386655.1"	NA	"Lymantria dispar multiple nucleopolyhedrovirus"	"10449"	"Lymantria dispar multiple nucleopolyhedrovirus"	"no rank"	"Alphabaculovirus lydisparis"	"3048188"	"Alphabaculovirus"	"Baculoviridae"	"Viruses; Naldaviricetes; Lefavirales; Baculoviridae; Alphabaculovirus; Alphabaculovirus lydisparis"	"Lymantria dispar multiple nucleopolyhedrovirus strain 3029, complete genome"	"insd"	"GenBank"	"genomic DNA"	"circular"	161712	161712	TRUE	57.4422	0	NA	NA	"3029"	NA	"Russia"	NA	"2014-11-22"	"2015-08-31"	"2015-08-31"	"2014-08-21"	NA	NA	NA	"ok_downloaded"
"KM102981"	"KM102981.1"	NA	"Agrotis segetum nucleopolyhedrovirus B"	"1580580"	"Agrotis segetum nucleopolyhedrovirus B"	"no rank"	"Alphabaculovirus alteragsegetum"	"3047355"	"Alphabaculovirus"	"Baculoviridae"	"Viruses; Naldaviricetes; Lefavirales; Baculoviridae; Alphabaculovirus; Alphabaculovirus alteragsegetum"	"Agrotis segetum nucleopolyhedrovirus B isolate English, complete genome"	"insd"	"GenBank"	"genomic DNA"	"circular"	148981	148981	TRUE	45.6897	0	NA	"Agrotis segetum"	NA	"English"	"United Kingdom: Oxford, England"	NA	"2014-12-14"	"2015-08-20"	"2015-08-20"	"2014-07-08"	NA	"NC_025960.1"	"NCBI ELink nuccore_nuccore_gbrs"	"ok_downloaded"
"JN584482"	"JN584482.1"	NA	"Helicoverpa armigera NPV strain Australia"	"1077220"	"Helicoverpa armigera NPV strain Australia"	"no rank"	"Alphabaculovirus helarmigerae"	"3047947"	"Alphabaculovirus"	"Baculoviridae"	"Viruses; Naldaviricetes; Lefavirales; Baculoviridae; Alphabaculovirus; Alphabaculovirus helarmigerae; Helicoverpa armigera nucleopolyhedrovirus"	"Helicoverpa armigera NPV strain Australia, complete genome"	"insd"	"GenBank"	"genomic DNA"	"circular"	130992	130992	TRUE	39.0115	0	NA	"Helicoverpa armigera"	"Australia"	NA	"Australia"	NA	"2011-08-30"	"2014-03-31"	"2014-03-31"	"2011-08-13"	NA	NA	NA	"ok_downloaded"
"AY394490"	"AY394490.1"	NA	"Leucania separata nucleopolyhedrovirus"	"1307956"	"Leucania separata nucleopolyhedrovirus"	"no rank"	"Alphabaculovirus leseparatae"	"3048181"	"Alphabaculovirus"	"Baculoviridae"	"Viruses; Naldaviricetes; Lefavirales; Baculoviridae; Alphabaculovirus; Alphabaculovirus leseparatae"	"Leucania separata nuclear polyhedrosis virus strain AH1, complete genome"	"insd"	"GenBank"	"genomic DNA"	"circular"	168041	168041	TRUE	48.5655	0	NA	NA	"AH1"	NA	NA	NA	"2006-08-29"	"2007-10-29"	"2007-10-29"	"2003-09-18"	NA	"NC_008348.1"	"NCBI ELink nuccore_nuccore_gbrs"	"ok_downloaded"
"KR584663"	"KR584663.1"	NA	"Agrotis segetum granulovirus"	"10464"	"Agrotis segetum granulovirus"	"no rank"	"Betabaculovirus agsegetum"	"3047353"	"Betabaculovirus"	"Baculoviridae"	"Viruses; Naldaviricetes; Lefavirales; Baculoviridae; Betabaculovirus; Betabaculovirus agsegetum"	"Agrotis segetum granulovirus strain DA, complete genome"	"insd"	"GenBank"	"genomic DNA"	"circular"	131557	131557	TRUE	37.3245	0	NA	"Agrotis segetum"	"DA"	NA	"Austria"	"1964"	"2015-07-01"	"2015-07-01"	"2015-07-01"	"2015-05-07"	NA	"NC_039213.1"	"NCBI ELink nuccore_nuccore_gbrs"	"ok_downloaded"
"KM596835"	"KM596835.1"	NA	"Helicoverpa zea single nucleopolyhedrovirus"	"10468"	"Helicoverpa zea single nucleopolyhedrovirus"	"no rank"	"Alphabaculovirus helarmigerae"	"3047947"	"Alphabaculovirus"	"Baculoviridae"	"Viruses; Naldaviricetes; Lefavirales; Baculoviridae; Alphabaculovirus; Alphabaculovirus helarmigerae"	"Helicoverpa zea single nucleopolyhedrovirus isolate Br/South, complete genome"	"insd"	"GenBank"	"genomic DNA"	"circular"	129694	129694	TRUE	39.065	10	"N"	"Helicoverpa armigera"	NA	"Br/South"	"Brazil"	"2012"	"2015-06-30"	"2015-06-30"	"2015-06-30"	"2014-09-19"	NA	NA	NA	"ok_downloaded"
"KJ701033"	"KJ701033.1"	NA	"Helicoverpa armigera nucleopolyhedrovirus"	"51313"	"Helicoverpa armigera nucleopolyhedrovirus"	"no rank"	"Alphabaculovirus helarmigerae"	"3047947"	"Alphabaculovirus"	"Baculoviridae"	"Viruses; Naldaviricetes; Lefavirales; Baculoviridae; Alphabaculovirus; Alphabaculovirus helarmigerae"	"Helicoverpa armigera nucleopolyhedrovirus strain SP1B, complete genome"	"insd"	"GenBank"	"genomic DNA"	"circular"	132265	132265	TRUE	39.1683	0	NA	"Helicoverpa armigera"	"SP1B"	NA	"Spain"	"Oct-2009"	"2015-04-22"	"2015-06-23"	"2015-06-23"	"2014-04-14"	NA	NA	NA	"ok_downloaded"
"KJ701032"	"KJ701032.1"	NA	"Helicoverpa armigera nucleopolyhedrovirus"	"51313"	"Helicoverpa armigera nucleopolyhedrovirus"	"no rank"	"Alphabaculovirus helarmigerae"	"3047947"	"Alphabaculovirus"	"Baculoviridae"	"Viruses; Naldaviricetes; Lefavirales; Baculoviridae; Alphabaculovirus; Alphabaculovirus helarmigerae"	"Helicoverpa armigera nucleopolyhedrovirus strain SP1A, complete genome"	"insd"	"GenBank"	"genomic DNA"	"circular"	132481	132481	TRUE	39.1649	0	NA	"Helicoverpa armigera"	"SP1A"	NA	"Spain"	"Oct-2009"	"2015-04-22"	"2015-06-23"	"2015-06-23"	"2014-04-14"	NA	NA	NA	"ok_downloaded"
"KJ701031"	"KJ701031.1"	NA	"Helicoverpa armigera nucleopolyhedrovirus"	"51313"	"Helicoverpa armigera nucleopolyhedrovirus"	"no rank"	"Alphabaculovirus helarmigerae"	"3047947"	"Alphabaculovirus"	"Baculoviridae"	"Viruses; Naldaviricetes; Lefavirales; Baculoviridae; Alphabaculovirus; Alphabaculovirus helarmigerae"	"Helicoverpa armigera nucleopolyhedrovirus strain LB6, complete genome"	"insd"	"GenBank"	"genomic DNA"	"circular"	130992	130992	TRUE	39.1566	0	NA	"Helicoverpa armigera"	"LB6"	NA	"Spain"	"Aug-2009"	"2015-04-22"	"2015-06-23"	"2015-06-23"	"2014-04-14"	NA	NA	NA	"ok_downloaded"
"KJ701030"	"KJ701030.1"	NA	"Helicoverpa armigera nucleopolyhedrovirus"	"51313"	"Helicoverpa armigera nucleopolyhedrovirus"	"no rank"	"Alphabaculovirus helarmigerae"	"3047947"	"Alphabaculovirus"	"Baculoviridae"	"Viruses; Naldaviricetes; Lefavirales; Baculoviridae; Alphabaculovirus; Alphabaculovirus helarmigerae"	"Helicoverpa armigera nucleopolyhedrovirus strain LB3, complete genome"	"insd"	"GenBank"	"genomic DNA"	"circular"	130949	130949	TRUE	39.1542	0	NA	"Helicoverpa armigera"	"LB3"	NA	"Spain"	"Aug-2009"	"2015-04-22"	"2015-06-23"	"2015-06-23"	"2014-04-14"	NA	NA	NA	"ok_downloaded"
"KJ701029"	"KJ701029.1"	NA	"Helicoverpa armigera nucleopolyhedrovirus"	"51313"	"Helicoverpa armigera nucleopolyhedrovirus"	"no rank"	"Alphabaculovirus helarmigerae"	"3047947"	"Alphabaculovirus"	"Baculoviridae"	"Viruses; Naldaviricetes; Lefavirales; Baculoviridae; Alphabaculovirus; Alphabaculovirus helarmigerae"	"Helicoverpa armigera nucleopolyhedrovirus strain LB1, complete genome"	"insd"	"GenBank"	"genomic DNA"	"circular"	131966	131966	TRUE	39.1661	0	NA	"Helicoverpa armigera"	"LB1"	NA	"Spain"	"Aug-2009"	"2015-04-22"	"2015-06-23"	"2015-06-23"	"2014-04-14"	NA	NA	NA	"ok_downloaded"
"KP752043"	"KP752043.1"	NA	"Lambdina fiscellaria nucleopolyhedrovirus"	"1642929"	"Lambdina fiscellaria nucleopolyhedrovirus"	"no rank"	"Alphabaculovirus lafiscellariae"	"3048172"	"Alphabaculovirus"	"Baculoviridae"	"Viruses; Naldaviricetes; Lefavirales; Baculoviridae; Alphabaculovirus; Alphabaculovirus lafiscellariae"	"Lambdina fiscellaria nucleopolyhedrovirus isolate GR15, complete genome"	"insd"	"GenBank"	"genomic DNA"	"linear"	157977	157977	TRUE	43.6557	0	NA	"Lambdina fiscellaria"	NA	"GR15"	"USA"	NA	"2015-04-22"	"2015-06-10"	"2015-06-10"	"2015-02-05"	NA	"NC_026922.1"	"NCBI ELink nuccore_nuccore_gbrs"	"ok_downloaded"
"KF695050"	"KF695050.2"	NA	"Lymantria dispar multiple nucleopolyhedrovirus"	"10449"	"Lymantria dispar multiple nucleopolyhedrovirus"	"no rank"	"Alphabaculovirus lydisparis"	"3048188"	"Alphabaculovirus"	"Baculoviridae"	"Viruses; Naldaviricetes; Lefavirales; Baculoviridae; Alphabaculovirus; Alphabaculovirus lydisparis"	"Lymantria dispar multiple nucleopolyhedrovirus isolate 2161, complete genome"	"insd"	"GenBank"	"genomic DNA"	"linear"	163138	163138	TRUE	57.2889	0	NA	"Lymantria dispar"	NA	"2161"	"South Korea"	NA	"2013-12-22"	"2015-04-29"	"2015-04-29"	"2013-09-23"	NA	NA	NA	"ok_downloaded"
"KM226332"	"KM226332.1"	NA	"Adoxophyes orana granulovirus"	"170617"	"Adoxophyes orana granulovirus"	"no rank"	"Betabaculovirus adoranae"	"3047349"	"Betabaculovirus"	"Baculoviridae"	"Viruses; Naldaviricetes; Lefavirales; Baculoviridae; Betabaculovirus; Betabaculovirus adoranae"	"Adoxophyes orana granulovirus strain Miyazaki, complete genome"	"insd"	"GenBank"	"genomic DNA"	"linear"	99507	99507	TRUE	34.5212	0	NA	"Adoxophyes honmai"	"Miyazaki"	NA	"Japan: Kawaminami-cho, Koyu-gun, Miyazaki"	"01-Jun-1999"	"2015-01-04"	"2015-04-02"	"2015-04-02"	"2014-07-22"	NA	NA	NA	"ok_downloaded"
"KJ631622"	"KJ631622.1"	NA	"Pseudoplusia includens SNPV IE"	"1592335"	"Pseudoplusia includens SNPV IE"	"no rank"	"Alphabaculovirus alterchrincludentis"	"3047754"	"Alphabaculovirus"	"Baculoviridae"	"Viruses; Naldaviricetes; Lefavirales; Baculoviridae; Alphabaculovirus; Alphabaculovirus alterchrincludentis; Chrysodeixis includens nucleopolyhedrovirus"	"Pseudoplusia includens SNPV IE, complete genome"	"insd"	"GenBank"	"genomic DNA"	"circular"	139132	139132	TRUE	39.293	18	"HKMRWY"	"Pseudoplusia includens"	NA	NA	"Brazil"	"Feb-2007"	"2015-01-18"	"2015-03-10"	"2015-03-10"	"2014-03-26"	NA	"NC_026268.1"	"NCBI ELink nuccore_nuccore_gbrs"	"ok_downloaded"
"HG425347"	"HG425347.2"	NA	"Spodoptera exigua multiple nucleopolyhedrovirus"	"10454"	"Spodoptera exigua multiple nucleopolyhedrovirus"	"species"	"Spodoptera exigua multiple nucleopolyhedrovirus"	"10454"	"Alphabaculovirus"	"Baculoviridae"	"Viruses; Naldaviricetes; Lefavirales; Baculoviridae; Alphabaculovirus; unclassified Alphabaculovirus"	"Spodoptera exigua multiple nucleopolyhedrovirus isolate HT-SeG25, complete genome"	"insd"	"GenBank"	"genomic DNA"	"circular"	135556	135556	TRUE	43.849	0	NA	"Spodoptera exigua"	NA	"HT-SeG25"	NA	NA	"2014-01-06"	"2015-02-27"	"2015-02-27"	"2013-06-19"	NA	NA	NA	"ok_downloaded"
"HG425349"	"HG425349.2"	NA	"Spodoptera exigua multiple nucleopolyhedrovirus"	"10454"	"Spodoptera exigua multiple nucleopolyhedrovirus"	"species"	"Spodoptera exigua multiple nucleopolyhedrovirus"	"10454"	"Alphabaculovirus"	"Baculoviridae"	"Viruses; Naldaviricetes; Lefavirales; Baculoviridae; Alphabaculovirus; unclassified Alphabaculovirus"	"Spodoptera exigua multiple nucleopolyhedrovirus isolate HT-SeSP2A, complete genome"	"insd"	"GenBank"	"genomic DNA"	"circular"	135395	135395	TRUE	43.8598	0	NA	"Spodoptera exigua"	NA	"HT-SeSP2A"	NA	NA	"2014-01-06"	"2015-02-27"	"2015-02-27"	"2013-06-19"	NA	NA	NA	"ok_downloaded"
"HG425348"	"HG425348.1"	NA	"Spodoptera exigua multiple nucleopolyhedrovirus"	"10454"	"Spodoptera exigua multiple nucleopolyhedrovirus"	"species"	"Spodoptera exigua multiple nucleopolyhedrovirus"	"10454"	"Alphabaculovirus"	"Baculoviridae"	"Viruses; Naldaviricetes; Lefavirales; Baculoviridae; Alphabaculovirus; unclassified Alphabaculovirus"	"Spodoptera exigua multiple nucleopolyhedrovirus isolate HT-SeG26, complete genome"	"insd"	"GenBank"	"genomic DNA"	"circular"	135718	135718	TRUE	43.8446	0	NA	"Spodoptera exigua"	NA	"HT-SeG26"	NA	NA	"2014-01-06"	"2015-02-27"	"2015-02-27"	"2013-06-19"	NA	NA	NA	"ok_downloaded"
"HG425346"	"HG425346.1"	NA	"Spodoptera exigua multiple nucleopolyhedrovirus"	"10454"	"Spodoptera exigua multiple nucleopolyhedrovirus"	"species"	"Spodoptera exigua multiple nucleopolyhedrovirus"	"10454"	"Alphabaculovirus"	"Baculoviridae"	"Viruses; Naldaviricetes; Lefavirales; Baculoviridae; Alphabaculovirus; unclassified Alphabaculovirus"	"Spodoptera exigua multiple nucleopolyhedrovirus isolate HT-SeG24, complete genome"	"insd"	"GenBank"	"genomic DNA"	"circular"	135292	135292	TRUE	43.8622	0	NA	"Spodoptera exigua"	NA	"HT-SeG24"	NA	NA	"2014-01-06"	"2015-02-27"	"2015-02-27"	"2013-06-19"	NA	NA	NA	"ok_downloaded"
"HG425344"	"HG425344.1"	NA	"Spodoptera exigua multiple nucleopolyhedrovirus"	"10454"	"Spodoptera exigua multiple nucleopolyhedrovirus"	"species"	"Spodoptera exigua multiple nucleopolyhedrovirus"	"10454"	"Alphabaculovirus"	"Baculoviridae"	"Viruses; Naldaviricetes; Lefavirales; Baculoviridae; Alphabaculovirus; unclassified Alphabaculovirus"	"Spodoptera exigua multiple nucleopolyhedrovirus isolate VT-SeAl2, complete genome"	"insd"	"GenBank"	"genomic DNA"	"circular"	134972	134972	TRUE	43.8795	0	NA	"Spodoptera exigua"	NA	"VT-SeAl2"	NA	NA	"2014-01-06"	"2015-02-27"	"2015-02-27"	"2013-06-19"	NA	NA	NA	"ok_downloaded"
"HG425343"	"HG425343.1"	NA	"Spodoptera exigua multiple nucleopolyhedrovirus"	"10454"	"Spodoptera exigua multiple nucleopolyhedrovirus"	"species"	"Spodoptera exigua multiple nucleopolyhedrovirus"	"10454"	"Alphabaculovirus"	"Baculoviridae"	"Viruses; Naldaviricetes; Lefavirales; Baculoviridae; Alphabaculovirus; unclassified Alphabaculovirus"	"Spodoptera exigua multiple nucleopolyhedrovirus isolate VT-SeAl1, complete genome"	"insd"	"GenBank"	"genomic DNA"	"circular"	135653	135653	TRUE	43.8368	0	NA	"Spodoptera exigua"	NA	"VT-SeAl1"	NA	NA	"2014-01-06"	"2015-02-27"	"2015-02-27"	"2013-06-19"	NA	NA	NA	"ok_downloaded"
"KJ186100"	"KJ186100.1"	NA	"Bombyx mori nucleopolyhedrovirus"	"271108"	"Bombyx mori nucleopolyhedrovirus"	"no rank"	"Alphabaculovirus bomori"	"3047695"	"Alphabaculovirus"	"Baculoviridae"	"Viruses; Naldaviricetes; Lefavirales; Baculoviridae; Alphabaculovirus; Alphabaculovirus bomori"	"Bombyx mori nucleopolyhedrovirus strain Brazilian, complete genome"	"insd"	"GenBank"	"genomic DNA"	"circular"	126861	126861	TRUE	40.3866	215	"KMNRSWY"	"Bombyx mori (silkworm)"	"Brazilian"	NA	"Brazil"	"2006"	"2014-10-13"	"2015-02-18"	"2015-02-18"	"2014-01-23"	NA	NA	NA	"ok_downloaded"
"KM371112"	"KM371112.1"	NA	"Spodoptera frugiperda granulovirus"	"307454"	"Spodoptera frugiperda granulovirus"	"no rank"	"Betabaculovirus spofrugiperdae"	"3048334"	"Betabaculovirus"	"Baculoviridae"	"Viruses; Naldaviricetes; Lefavirales; Baculoviridae; Betabaculovirus; Betabaculovirus spofrugiperdae"	"Spodoptera frugiperda Betabaculovirus isolate VG008, complete genome"	"insd"	"GenBank"	"genomic DNA"	"linear"	140913	140913	TRUE	46.2271	0	NA	"Spodoptera frugiperda"	NA	"VG008"	"Colombia"	NA	"2015-02-16"	"2015-02-16"	"2015-02-16"	"2014-08-20"	NA	"NC_026511.1"	"NCBI ELink nuccore_nuccore_gbrs"	"ok_downloaded"
"KJ631623"	"KJ631623.1"	NA	"Condylorrhiza vestigialis mutiple nucleopolyhedrovirus"	"1592576"	"Condylorrhiza vestigialis mutiple nucleopolyhedrovirus"	"no rank"	"Alphabaculovirus covestigialis"	"3051416"	"Alphabaculovirus"	"Baculoviridae"	"Viruses; Naldaviricetes; Lefavirales; Baculoviridae; Alphabaculovirus; Alphabaculovirus covestigialis"	"Condylorrhiza vestigialis MNPV, complete genome"	"insd"	"GenBank"	"genomic DNA"	"circular"	125767	125767	TRUE	42.9173	2	"N"	"Condylorrhiza vestigialis"	NA	NA	"Brazil"	"Oct-2002"	"2015-01-31"	"2015-01-31"	"2015-01-31"	"2014-03-27"	NA	"NC_026430.1"	"NCBI ELink nuccore_nuccore_gbrs"	"ok_downloaded"
"KM667940"	"KM667940.1"	NA	"Autographa californica nucleopolyhedrovirus"	"46015"	"Autographa californica nucleopolyhedrovirus"	"no rank"	"Alphabaculovirus aucalifornicae"	"3047383"	"Alphabaculovirus"	"Baculoviridae"	"Viruses; Naldaviricetes; Lefavirales; Baculoviridae; Alphabaculovirus; Alphabaculovirus aucalifornicae; Autographa californica multiple nucleopolyhedrovirus"	"Autographa californica nucleopolyhedrovirus strain E2, complete genome"	"insd"	"GenBank"	"genomic DNA"	"circular"	133966	133966	TRUE	40.7081	0	NA	"Autographa californica"	"E2"	NA	"USA"	NA	"2014-11-02"	"2015-01-30"	"2015-01-30"	"2014-09-25"	NA	NA	NA	"ok_downloaded"
"KM217577"	"KM217577.1"	NA	"Cydia pomonella granulovirus"	"28289"	"Cydia pomonella granulovirus"	"no rank"	"Betabaculovirus cypomonellae"	"3047787"	"Betabaculovirus"	"Baculoviridae"	"Viruses; Naldaviricetes; Lefavirales; Baculoviridae; Betabaculovirus; Betabaculovirus cypomonellae"	"Cydia pomonella granulovirus isolate CpGV-E2, complete genome"	"insd"	"GenBank"	"genomic DNA"	"linear"	123858	123858	TRUE	45.2376	98	"KMRSWY"	NA	NA	"CpGV-E2"	NA	NA	"2014-10-27"	"2014-11-12"	"2014-11-12"	"2014-07-21"	NA	NA	NA	"ok_downloaded"
"KM217576"	"KM217576.1"	NA	"Cydia pomonella granulovirus"	"28289"	"Cydia pomonella granulovirus"	"no rank"	"Betabaculovirus cypomonellae"	"3047787"	"Betabaculovirus"	"Baculoviridae"	"Viruses; Naldaviricetes; Lefavirales; Baculoviridae; Betabaculovirus; Betabaculovirus cypomonellae"	"Cydia pomonella granulovirus isolate CpGV-I12, complete genome"	"insd"	"GenBank"	"genomic DNA"	"linear"	124269	124269	TRUE	45.2104	1	"R"	NA	NA	"CpGV-I12"	NA	NA	"2014-10-27"	"2014-11-12"	"2014-11-12"	"2014-07-21"	NA	NA	NA	"ok_downloaded"
"KM217575"	"KM217575.1"	NA	"Cydia pomonella granulovirus"	"28289"	"Cydia pomonella granulovirus"	"no rank"	"Betabaculovirus cypomonellae"	"3047787"	"Betabaculovirus"	"Baculoviridae"	"Viruses; Naldaviricetes; Lefavirales; Baculoviridae; Betabaculovirus; Betabaculovirus cypomonellae"	"Cydia pomonella granulovirus isolate CpGV-M, complete genome"	"insd"	"GenBank"	"genomic DNA"	"linear"	123529	123529	TRUE	45.2663	0	NA	NA	NA	"CpGV-M"	NA	NA	"2014-10-27"	"2014-11-12"	"2014-11-12"	"2014-07-21"	NA	NA	NA	"ok_downloaded"
"KM217574"	"KM217574.1"	NA	"Cydia pomonella granulovirus"	"28289"	"Cydia pomonella granulovirus"	"no rank"	"Betabaculovirus cypomonellae"	"3047787"	"Betabaculovirus"	"Baculoviridae"	"Viruses; Naldaviricetes; Lefavirales; Baculoviridae; Betabaculovirus; Betabaculovirus cypomonellae"	"Cydia pomonella granulovirus isolate CpGV-I07, complete genome"	"insd"	"GenBank"	"genomic DNA"	"linear"	120816	120816	TRUE	45.4014	40	"KMRSWY"	NA	NA	"CpGV-I07"	NA	NA	"2014-10-27"	"2014-11-12"	"2014-11-12"	"2014-07-21"	NA	NA	NA	"ok_downloaded"
"KM217573"	"KM217573.1"	NA	"Cydia pomonella granulovirus"	"28289"	"Cydia pomonella granulovirus"	"no rank"	"Betabaculovirus cypomonellae"	"3047787"	"Betabaculovirus"	"Baculoviridae"	"Viruses; Naldaviricetes; Lefavirales; Baculoviridae; Betabaculovirus; Betabaculovirus cypomonellae"	"Cydia pomonella granulovirus isolate CpGV-S, complete genome"	"insd"	"GenBank"	"genomic DNA"	"linear"	123193	123193	TRUE	45.2813	1	"R"	NA	NA	"CpGV-S"	NA	NA	"2014-10-27"	"2014-11-12"	"2014-11-12"	"2014-07-21"	NA	NA	NA	"ok_downloaded"
"KJ676450"	"KJ676450.1"	NA	"Sucra jujuba nucleopolyhedrovirus"	"1563660"	"Sucra jujuba nucleopolyhedrovirus"	"no rank"	"Alphabaculovirus sujujubae"	"3048345"	"Alphabaculovirus"	"Baculoviridae"	"Viruses; Naldaviricetes; Lefavirales; Baculoviridae; Alphabaculovirus; Alphabaculovirus sujujubae"	"Sucra jujuba nucleopolyhedrovirus isolate 473, complete genome"	"insd"	"GenBank"	"genomic DNA"	"circular"	135952	135952	TRUE	38.6578	0	NA	"Sucra jujuba"	NA	"473"	"China"	"1981"	"2014-10-29"	"2014-10-29"	"2014-10-29"	"2014-04-05"	NA	"NC_028636.1"	"NCBI ELink nuccore_nuccore_gbrs"	"ok_downloaded"
"KJ406702"	"KJ406702.1"	NA	"Erinnyis ello granulovirus"	"307444"	"Erinnyis ello granulovirus"	"no rank"	"Betabaculovirus erellonis"	"3047828"	"Betabaculovirus"	"Baculoviridae"	"Viruses; Naldaviricetes; Lefavirales; Baculoviridae; Betabaculovirus; Betabaculovirus erellonis"	"Erinnyis ello granulovirus, complete genome"	"insd"	"GenBank"	"genomic DNA"	"circular"	102759	102759	TRUE	38.6964	0	NA	"Erinnyis ello ello (cassava hornworm)"	NA	"S86"	"Brazil: Southern Brazil"	"1986"	"2014-10-13"	"2014-10-13"	"2014-10-13"	"2014-02-04"	NA	"NC_025257.1"	"NCBI ELink nuccore_nuccore_gbrs"	"ok_downloaded"
"KJ871680"	"KJ871680.1"	NA	"Mamestra brassicae multiple nucleopolyhedrovirus"	"78219"	"Mamestra brassicae multiple nucleopolyhedrovirus"	"no rank"	"Alphabaculovirus mabrassicae"	"3048194"	"Alphabaculovirus"	"Baculoviridae"	"Viruses; Naldaviricetes; Lefavirales; Baculoviridae; Alphabaculovirus; Alphabaculovirus mabrassicae"	"Mamestra brassicae multiple nucleopolyhedrovirus isolate CTa, complete genome"	"insd"	"GenBank"	"genomic DNA"	"circular"	153890	153890	TRUE	40.0871	0	NA	"Mamestra brassicae"	NA	"CTa"	"China"	"1979"	"2014-08-30"	"2014-08-30"	"2014-08-30"	"2014-05-23"	NA	NA	NA	"ok_downloaded"
"KC994902"	"KC994902.1"	NA	"Agrotis segetum granulovirus"	"10464"	"Agrotis segetum granulovirus"	"no rank"	"Betabaculovirus agsegetum"	"3047353"	"Betabaculovirus"	"Baculoviridae"	"Viruses; Naldaviricetes; Lefavirales; Baculoviridae; Betabaculovirus; Betabaculovirus agsegetum"	"Agrotis segetum granulovirus strain L1, complete genome"	"insd"	"GenBank"	"genomic DNA"	"circular"	131442	131442	TRUE	37.2727	0	NA	"Agrotis segetum"	"L1"	NA	"China"	"26-Aug-2001"	"2014-05-12"	"2014-07-17"	"2014-07-17"	"2013-04-30"	NA	NA	NA	"ok_downloaded"
"KJ004000"	"KJ004000.1"	NA	"Helicoverpa zea single nucleopolyhedrovirus"	"10468"	"Helicoverpa zea single nucleopolyhedrovirus"	"no rank"	"Alphabaculovirus helarmigerae"	"3047947"	"Alphabaculovirus"	"Baculoviridae"	"Viruses; Naldaviricetes; Lefavirales; Baculoviridae; Alphabaculovirus; Alphabaculovirus helarmigerae"	"Helicoverpa zea single nucleopolyhedrovirus strain HS-18, complete genome"	"insd"	"GenBank"	"genomic DNA"	"circular"	130890	130890	TRUE	39.0794	0	NA	"Helicoverpa zea"	"HS-18"	NA	"Russia"	NA	"2014-03-26"	"2014-03-26"	"2014-03-26"	"2013-12-24"	NA	NA	NA	"ok_downloaded"
"KF611977"	"KF611977.1"	NA	"Buzura suppressaria nucleopolyhedrovirus"	"74320"	"Buzura suppressaria nucleopolyhedrovirus"	"no rank"	"Alphabaculovirus busuppressariae"	"3047704"	"Alphabaculovirus"	"Baculoviridae"	"Viruses; Naldaviricetes; Lefavirales; Baculoviridae; Alphabaculovirus; Alphabaculovirus busuppressariae"	"Buzura suppressaria nucleopolyhedrovirus isolate Hubei, complete genome"	"insd"	"GenBank"	"genomic DNA"	"circular"	120420	120420	TRUE	36.7829	0	NA	"Buzura suppressaria"	NA	"Hubei"	"China"	"1978"	"2014-02-05"	"2014-02-05"	"2014-02-05"	"2013-09-01"	NA	"NC_023442.1"	"NCBI ELink nuccore_nuccore_gbrs"	"ok_downloaded"
"KF894742"	"KF894742.1"	NA	"Choristoneura murinana nucleopolyhedrovirus"	"1987479"	"Choristoneura murinana nucleopolyhedrovirus"	"no rank"	"Alphabaculovirus chomurinanae"	"3047751"	"Alphabaculovirus"	"Baculoviridae"	"Viruses; Naldaviricetes; Lefavirales; Baculoviridae; Alphabaculovirus; Alphabaculovirus chomurinanae"	"Choristoneura murinana alphabaculovirus strain Darmstadt, complete genome"	"insd"	"GenBank"	"genomic DNA"	"circular"	124688	124688	TRUE	50.0096	0	NA	NA	"Darmstadt"	NA	NA	NA	"2013-12-25"	"2014-02-03"	"2014-02-03"	"2013-11-21"	NA	"NC_023177.1"	"NCBI ELink nuccore_nuccore_gbrs"	"ok_downloaded"
"JX968491"	"JX968491.1"	NA	"Pieris rapae granulovirus"	"252584"	"Pieris rapae granulovirus"	"species"	"Pieris rapae granulovirus"	"252584"	"Betabaculovirus"	"Baculoviridae"	"Viruses; Naldaviricetes; Lefavirales; Baculoviridae; Betabaculovirus; unclassified Betabaculovirus"	"Pieris rapae granulovirus, complete genome"	"insd"	"GenBank"	"genomic DNA"	"circular"	108658	108658	TRUE	33.1536	0	NA	"Pieris rapae"	NA	NA	"South Korea: Hampyeong, Hampyeong Insect Institute"	"Oct-2007"	"2013-08-13"	"2014-01-06"	"2014-01-06"	"2012-10-15"	NA	NA	NA	"ok_downloaded"
"JX560542"	"JX560542.1"	NA	"Chrysodeixis chalcites nucleopolyhedrovirus"	"320432"	"Chrysodeixis chalcites nucleopolyhedrovirus"	"no rank"	"Alphabaculovirus chrychalcites"	"3047753"	"Alphabaculovirus"	"Baculoviridae"	"Viruses; Naldaviricetes; Lefavirales; Baculoviridae; Alphabaculovirus; Alphabaculovirus chrychalcites"	"Chrysodeixis chalcites nucleopolyhedrovirus genotype ChchSNPV-TF1-H, complete genome"	"insd"	"GenBank"	"genomic DNA"	"circular"	149624	149624	TRUE	38.977	0	NA	"Chrysodeixis chalcites"	"TF1"	NA	"Spain: Tenerife, Canary Islands"	"01-Jan-2010"	"2013-09-20"	"2013-11-04"	"2013-11-04"	"2012-08-30"	NA	NA	NA	"ok_downloaded"
"JX560541"	"JX560541.1"	NA	"Chrysodeixis chalcites nucleopolyhedrovirus"	"320432"	"Chrysodeixis chalcites nucleopolyhedrovirus"	"no rank"	"Alphabaculovirus chrychalcites"	"3047753"	"Alphabaculovirus"	"Baculoviridae"	"Viruses; Naldaviricetes; Lefavirales; Baculoviridae; Alphabaculovirus; Alphabaculovirus chrychalcites"	"Chrysodeixis chalcites nucleopolyhedrovirus genotype ChchSNPV-TF1-G, complete genome"	"insd"	"GenBank"	"genomic DNA"	"circular"	149039	149039	TRUE	38.9196	1	"N"	"Chrysodeixis chalcites"	"TF1"	NA	"Spain: Tenerife, Canary Islands"	"01-Jan-2010"	"2013-09-20"	"2013-11-04"	"2013-11-04"	"2012-08-29"	NA	NA	NA	"ok_downloaded"
"JX560540"	"JX560540.1"	NA	"Chrysodeixis chalcites nucleopolyhedrovirus"	"320432"	"Chrysodeixis chalcites nucleopolyhedrovirus"	"no rank"	"Alphabaculovirus chrychalcites"	"3047753"	"Alphabaculovirus"	"Baculoviridae"	"Viruses; Naldaviricetes; Lefavirales; Baculoviridae; Alphabaculovirus; Alphabaculovirus chrychalcites"	"Chrysodeixis chalcites nucleopolyhedrovirus genotype ChchSNPV-TF1-B, complete genome"	"insd"	"GenBank"	"genomic DNA"	"circular"	149080	149080	TRUE	38.9985	0	NA	"Chrysodeixis chalcites"	"TF1"	NA	"Spain: Tenerife, Canary Islands"	"01-Jan-2010"	"2013-09-20"	"2013-11-04"	"2013-11-04"	"2012-08-28"	NA	NA	NA	"ok_downloaded"
"JX560539"	"JX560539.1"	NA	"Chrysodeixis chalcites nucleopolyhedrovirus"	"320432"	"Chrysodeixis chalcites nucleopolyhedrovirus"	"no rank"	"Alphabaculovirus chrychalcites"	"3047753"	"Alphabaculovirus"	"Baculoviridae"	"Viruses; Naldaviricetes; Lefavirales; Baculoviridae; Alphabaculovirus; Alphabaculovirus chrychalcites"	"Chrysodeixis chalcites nucleopolyhedrovirus genotype ChchSNPV-TF1-C, complete genome"	"insd"	"GenBank"	"genomic DNA"	"circular"	150079	150079	TRUE	38.9677	6	"N"	"Chrysodeixis chalcites"	"TF1"	NA	"Spain: Tenerife, Canary Islands"	"01-Jan-2010"	"2013-09-20"	"2013-11-04"	"2013-11-04"	"2012-08-29"	NA	NA	NA	"ok_downloaded"
"JX535500"	"JX535500.1"	NA	"Chrysodeixis chalcites SNPV TF1-A"	"1262541"	"Chrysodeixis chalcites SNPV TF1-A"	"no rank"	"Alphabaculovirus chrychalcites"	"3047753"	"Alphabaculovirus"	"Baculoviridae"	"Viruses; Naldaviricetes; Lefavirales; Baculoviridae; Alphabaculovirus; Alphabaculovirus chrychalcites; Chrysodeixis chalcites nucleopolyhedrovirus"	"Chrysodeixis chalcites SNPV TF1-A, complete genome"	"insd"	"GenBank"	"genomic DNA"	"circular"	149684	149684	TRUE	39.0536	0	NA	"Chrysodeixis chalcites"	NA	NA	NA	NA	"2013-09-20"	"2013-11-04"	"2013-11-04"	"2012-08-27"	NA	NA	NA	"ok_downloaded"
"KF158713"	"KF158713.1"	NA	"Hemileuca sp. nucleopolyhedrovirus"	"1367203"	"Hemileuca sp. nucleopolyhedrovirus"	"no rank"	"Alphabaculovirus heleucae"	"3051417"	"Alphabaculovirus"	"Baculoviridae"	"Viruses; Naldaviricetes; Lefavirales; Baculoviridae; Alphabaculovirus; Alphabaculovirus heleucae; Hemileuca species nucleopolyhedrovirus"	"Hemileuca sp. nucleopolyhedrovirus, complete genome"	"insd"	"GenBank"	"genomic DNA"	"linear"	140633	140633	TRUE	38.0935	0	NA	"Hemileuca sp."	NA	NA	"USA"	NA	"2013-07-28"	"2013-10-28"	"2013-10-28"	"2013-05-30"	NA	"NC_021923.1"	"NCBI ELink nuccore_nuccore_gbrs"	"ok_downloaded"
"KF306217"	"KF306217.1"	NA	"Bombyx mori nucleopolyhedrovirus"	"271108"	"Bombyx mori nucleopolyhedrovirus"	"no rank"	"Alphabaculovirus bomori"	"3047695"	"Alphabaculovirus"	"Baculoviridae"	"Viruses; Naldaviricetes; Lefavirales; Baculoviridae; Alphabaculovirus; Alphabaculovirus bomori"	"Bombyx mori nucleopolyhedrovirus isolate C6, complete genome"	"insd"	"GenBank"	"genomic DNA"	"circular"	125437	125437	TRUE	40.2011	0	NA	"silkworm"	NA	"C6"	"South Korea"	"Jan-2012"	"2013-10-05"	"2013-10-05"	"2013-10-05"	"2013-06-28"	NA	NA	NA	"ok_downloaded"
"KF306216"	"KF306216.1"	NA	"Bombyx mori nucleopolyhedrovirus"	"271108"	"Bombyx mori nucleopolyhedrovirus"	"no rank"	"Alphabaculovirus bomori"	"3047695"	"Alphabaculovirus"	"Baculoviridae"	"Viruses; Naldaviricetes; Lefavirales; Baculoviridae; Alphabaculovirus; Alphabaculovirus bomori"	"Bombyx mori nucleopolyhedrovirus isolate C2, complete genome"	"insd"	"GenBank"	"genomic DNA"	"circular"	126406	126406	TRUE	40.252	0	NA	"silkworm"	NA	"C2"	"South Korea"	"Jan-2012"	"2013-10-05"	"2013-10-05"	"2013-10-05"	"2013-06-28"	NA	NA	NA	"ok_downloaded"
"KF306215"	"KF306215.1"	NA	"Bombyx mori nucleopolyhedrovirus"	"271108"	"Bombyx mori nucleopolyhedrovirus"	"no rank"	"Alphabaculovirus bomori"	"3047695"	"Alphabaculovirus"	"Baculoviridae"	"Viruses; Naldaviricetes; Lefavirales; Baculoviridae; Alphabaculovirus; Alphabaculovirus bomori"	"Bombyx mori nucleopolyhedrovirus isolate C1, complete genome"	"insd"	"GenBank"	"genomic DNA"	"circular"	127901	127901	TRUE	40.2671	0	NA	"silkworm"	NA	"C1"	"South Korea"	"Jan-2012"	"2013-10-05"	"2013-10-05"	"2013-10-05"	"2013-06-28"	NA	NA	NA	"ok_downloaded"
"JQ798165"	"JQ798165.1"	NA	"Mamestra brassicae multiple nucleopolyhedrovirus"	"78219"	"Mamestra brassicae multiple nucleopolyhedrovirus"	"no rank"	"Alphabaculovirus mabrassicae"	"3048194"	"Alphabaculovirus"	"Baculoviridae"	"Viruses; Naldaviricetes; Lefavirales; Baculoviridae; Alphabaculovirus; Alphabaculovirus mabrassicae"	"Mamestra brassicae MNPV strain K1, complete genome"	"insd"	"GenBank"	"genomic DNA"	"circular"	152710	152710	TRUE	39.8893	0	NA	"Mamestra brassicae"	"K1"	NA	"South Korea"	"Jan-2011"	"2012-06-11"	"2013-08-20"	"2013-08-20"	"2012-03-19"	NA	"NC_023681.1"	"NCBI ELink nuccore_nuccore_gbrs"	"ok_downloaded"
"KC960018"	"KC960018.1"	NA	"Ectropis obliqua nucleopolyhedrovirus"	"59376"	"Ectropis obliqua nucleopolyhedrovirus"	"no rank"	"Alphabaculovirus ecobliquae"	"3047815"	"Alphabaculovirus"	"Baculoviridae"	"Viruses; Naldaviricetes; Lefavirales; Baculoviridae; Alphabaculovirus; Alphabaculovirus ecobliquae"	"Ectropis obliqua nucleopolyhedrovirus strain unioasis 1, complete genome"	"insd"	"GenBank"	"genomic DNA"	"circular"	130145	130145	TRUE	37.7333	0	NA	"Ectropis obliqua Prout"	"unioasis 1"	NA	"China: Wuhan, Hubei"	"Jul-2012"	"2013-08-07"	"2013-08-07"	"2013-08-07"	"2013-04-16"	NA	NA	NA	"ok_downloaded"
"KC961304"	"KC961304.1"	NA	"Choristoneura rosaceana nucleopolyhedrovirus"	"58094"	"Choristoneura rosaceana nucleopolyhedrovirus"	"no rank"	"Alphabaculovirus chorosaceanae"	"3047752"	"Alphabaculovirus"	"Baculoviridae"	"Viruses; Naldaviricetes; Lefavirales; Baculoviridae; Alphabaculovirus; Alphabaculovirus chorosaceanae"	"Choristoneura rosaceana alphabaculovirus, complete genome"	"insd"	"GenBank"	"genomic DNA"	"circular"	129052	129052	TRUE	48.5742	0	NA	"Choristoneura rosaceana"	NA	"NB_1"	"Canada"	"1992"	"2013-07-28"	"2013-07-28"	"2013-07-28"	"2013-04-24"	NA	"NC_021924.1"	"NCBI ELink nuccore_nuccore_gbrs"	"ok_downloaded"
"KC961303"	"KC961303.1"	NA	"Choristoneura occidentalis alphabaculovirus"	"1367204"	"Choristoneura occidentalis alphabaculovirus"	"no rank"	"Alphabaculovirus chofumiferanae"	"3047750"	"Alphabaculovirus"	"Baculoviridae"	"Viruses; Naldaviricetes; Lefavirales; Baculoviridae; Alphabaculovirus; Alphabaculovirus chofumiferanae; Choristoneura fumiferana multiple nucleopolyhedrovirus"	"Choristoneura occidentalis alphabaculovirus, complete genome"	"insd"	"GenBank"	"genomic DNA"	"circular"	128446	128446	TRUE	50.1269	0	NA	"Choristoneura occidentalis"	NA	"BC_1"	"Canada"	"2007"	"2013-07-28"	"2013-07-28"	"2013-07-28"	"2013-04-24"	NA	NA	NA	"ok_downloaded"
"JQ991011"	"JQ991011.1"	NA	"Bombyx mori nucleopolyhedrovirus"	"271108"	"Bombyx mori nucleopolyhedrovirus"	"no rank"	"Alphabaculovirus bomori"	"3047695"	"Alphabaculovirus"	"Baculoviridae"	"Viruses; Naldaviricetes; Lefavirales; Baculoviridae; Alphabaculovirus; Alphabaculovirus bomori"	"Bombyx mori NPV strain Guangxi, complete genome"	"insd"	"GenBank"	"genomic DNA"	"circular"	126843	126843	TRUE	40.42	0	NA	"Bombyx mori"	"Guangxi"	NA	"China: Guangxi"	"Oct-2000"	"2012-12-30"	"2013-06-12"	"2013-06-12"	"2012-04-27"	NA	NA	NA	"ok_downloaded"
"JQ991010"	"JQ991010.1"	NA	"Bombyx mori nucleopolyhedrovirus"	"271108"	"Bombyx mori nucleopolyhedrovirus"	"no rank"	"Alphabaculovirus bomori"	"3047695"	"Alphabaculovirus"	"Baculoviridae"	"Viruses; Naldaviricetes; Lefavirales; Baculoviridae; Alphabaculovirus; Alphabaculovirus bomori"	"Bombyx mori NPV strain India, complete genome"	"insd"	"GenBank"	"genomic DNA"	"circular"	126879	126879	TRUE	40.3439	0	NA	"Bombyx mori"	"India"	NA	"India: Nagpur"	"Jan-2008"	"2012-10-16"	"2013-06-12"	"2013-06-12"	"2012-04-27"	NA	NA	NA	"ok_downloaded"
"JQ991008"	"JQ991008.1"	NA	"Bombyx mori nucleopolyhedrovirus"	"271108"	"Bombyx mori nucleopolyhedrovirus"	"no rank"	"Alphabaculovirus bomori"	"3047695"	"Alphabaculovirus"	"Baculoviridae"	"Viruses; Naldaviricetes; Lefavirales; Baculoviridae; Alphabaculovirus; Alphabaculovirus bomori"	"Bombyx mori NPV strain Zhejiang, complete genome"	"insd"	"GenBank"	"genomic DNA"	"circular"	126125	126125	TRUE	40.2957	0	NA	"Bombyx mori"	"Zhejiang"	NA	"China: Hangzhou"	"Oct-2000"	"2012-12-30"	"2013-06-12"	"2013-06-12"	"2012-04-27"	NA	NA	NA	"ok_downloaded"
"JQ991009"	"JQ991009.1"	NA	"Bombyx mori nucleopolyhedrovirus"	"271108"	"Bombyx mori nucleopolyhedrovirus"	"no rank"	"Alphabaculovirus bomori"	"3047695"	"Alphabaculovirus"	"Baculoviridae"	"Viruses; Naldaviricetes; Lefavirales; Baculoviridae; Alphabaculovirus; Alphabaculovirus bomori"	"Bombyx mori NPV strain Cubic, complete genome"	"insd"	"GenBank"	"genomic DNA"	"circular"	127465	127465	TRUE	40.3554	0	NA	"Bombyx mori"	"Cubic"	NA	"China: Suzhou"	"Oct-1998"	"2012-07-08"	"2013-06-12"	"2013-06-12"	"2012-04-27"	NA	NA	NA	"ok_downloaded"
"JX404026"	"JX404026.1"	NA	"Philosamia cynthia ricini nucleopolyhedrovirus virus"	"1234615"	"Philosamia cynthia ricini nucleopolyhedrovirus virus"	"no rank"	"Alphabaculovirus anpernyi"	"3047366"	"Alphabaculovirus"	"Baculoviridae"	"Viruses; Naldaviricetes; Lefavirales; Baculoviridae; Alphabaculovirus; Alphabaculovirus anpernyi; Antheraea pernyi nucleopolyhedrovirus"	"Philosamia cynthia ricini nucleopolyhedrovirus virus, complete genome"	"insd"	"GenBank"	"genomic DNA"	"circular"	125376	125376	TRUE	53.6546	0	NA	"castor silkworm"	NA	NA	"China: Guangxi Province"	"01-Jan-2007"	"2012-12-09"	"2013-03-22"	"2013-03-22"	"2012-07-20"	NA	NA	NA	"ok_downloaded"
"JX454574"	"JX454574.1"	NA	"Spodoptera littoralis nucleopolyhedrovirus"	"10456"	"Spodoptera littoralis nucleopolyhedrovirus"	"no rank"	"Alphabaculovirus splittoralis"	"3048336"	"Alphabaculovirus"	"Baculoviridae"	"Viruses; Naldaviricetes; Lefavirales; Baculoviridae; Alphabaculovirus; Alphabaculovirus splittoralis"	"Spodoptera littoralis NPV isolate AN1956, complete genome"	"insd"	"GenBank"	"genomic DNA"	"circular"	137998	137998	TRUE	44.6738	0	NA	"Spodoptera littoralis"	NA	"AN1956"	"Egypt"	"1956"	"2013-02-15"	"2013-02-15"	"2013-02-15"	"2012-08-01"	NA	"NC_038369.1"	"NCBI ELink nuccore_nuccore_gbrs"	"ok_downloaded"
"JX467702"	"JX467702.1"	NA	"Thysanoplusia orichalcea nucleopolyhedrovirus"	"101850"	"Thysanoplusia orichalcea nucleopolyhedrovirus"	"no rank"	"Alphabaculovirus thorichlaceae"	"3048363"	"Alphabaculovirus"	"Baculoviridae"	"Viruses; Naldaviricetes; Lefavirales; Baculoviridae; Alphabaculovirus; Alphabaculovirus thorichlaceae"	"Thysanoplusia orichalcea NPV isolate p2, complete genome"	"insd"	"GenBank"	"genomic DNA"	"circular"	132978	132978	TRUE	39.5028	0	NA	"Thysanoplusia orichalcea"	NA	"p2"	"Indonesia"	"1992"	"2012-12-19"	"2012-12-19"	"2012-12-19"	"2012-08-07"	NA	"NC_019945.1"	"NCBI ELink nuccore_nuccore_gbrs"	"ok_downloaded"
"JQ071499"	"JQ071499.1"	NA	"Bombyx mandarina nucleopolyhedrovirus S2"	"1208064"	"Bombyx mandarina nucleopolyhedrovirus S2"	"no rank"	"Alphabaculovirus bomori"	"3047695"	"Alphabaculovirus"	"Baculoviridae"	"Viruses; Naldaviricetes; Lefavirales; Baculoviridae; Alphabaculovirus; Alphabaculovirus bomori; Bombyx mori nucleopolyhedrovirus"	"Bombyx mandarina nucleopolyhedrovirus S2, complete genome"	"insd"	"GenBank"	"genomic DNA"	"circular"	129646	129646	TRUE	40.4224	0	NA	"Bombyx mandarina (wild silkworm)"	NA	NA	"China"	"25-Sep-2008"	"2012-07-28"	"2012-10-23"	"2012-10-23"	"2011-11-25"	NA	NA	NA	"ok_downloaded"
"JN408834"	"JN408834.1"	NA	"Epinotia aporema granulovirus"	"166056"	"Epinotia aporema granulovirus"	"no rank"	"Betabaculovirus epaporemae"	"3047824"	"Betabaculovirus"	"Baculoviridae"	"Viruses; Naldaviricetes; Lefavirales; Baculoviridae; Betabaculovirus; Betabaculovirus epaporemae"	"Epinotia aporema granulovirus, complete genome"	"insd"	"GenBank"	"genomic DNA"	"circular"	119082	119082	TRUE	41.4731	0	NA	"Epinotia aporema Wals."	NA	NA	"Argentina: Oliveros, Santa Fe"	NA	"2012-10-17"	"2012-10-17"	"2012-10-17"	"2011-07-28"	NA	"NC_018875.1"	"NCBI ELink nuccore_nuccore_gbrs"	"ok_downloaded"
"JF899325"	"JF899325.1"	NA	"Spodoptera frugiperda multiple nucleopolyhedrovirus"	"10455"	"Spodoptera frugiperda multiple nucleopolyhedrovirus"	"no rank"	"Alphabaculovirus spofrugiperdae"	"3048335"	"Alphabaculovirus"	"Baculoviridae"	"Viruses; Naldaviricetes; Lefavirales; Baculoviridae; Alphabaculovirus; Alphabaculovirus spofrugiperdae"	"Spodoptera frugiperda MNPV genotype SfMNPV-G defective, complete genome"	"insd"	"GenBank"	"genomic DNA"	"circular"	128034	128034	TRUE	40.2604	0	NA	"Spodoptera frugiperda"	NA	"Nicaraguan"	"Nicaragua"	NA	"2012-04-17"	"2012-04-17"	"2012-04-17"	"2011-04-28"	NA	NA	NA	"ok_downloaded"
"HQ116624"	"HQ116624.1"	NA	"Clostera anachoreta granulovirus"	"283675"	"Clostera anachoreta granulovirus"	"no rank"	"Betabaculovirus clanachoretae"	"3047762"	"Betabaculovirus"	"Baculoviridae"	"Viruses; Naldaviricetes; Lefavirales; Baculoviridae; Betabaculovirus; Betabaculovirus clanachoretae"	"Clostera anachoreta granulovirus isolate ClanGV-HBHN, complete genome"	"insd"	"GenBank"	"genomic DNA"	"circular"	101487	101487	TRUE	44.4165	0	NA	"Clostera anachoreta"	NA	"ClanGV-HBHN"	"China"	NA	"2011-04-11"	"2011-06-28"	"2011-06-28"	"2010-08-04"	NA	"NC_015398.1"	"NCBI ELink nuccore_nuccore_gbrs"	"ok_downloaded"
"HM595733"	"HM595733.1"	NA	"Spodoptera frugiperda multiple nucleopolyhedrovirus"	"10455"	"Spodoptera frugiperda multiple nucleopolyhedrovirus"	"no rank"	"Alphabaculovirus spofrugiperdae"	"3048335"	"Alphabaculovirus"	"Baculoviridae"	"Viruses; Naldaviricetes; Lefavirales; Baculoviridae; Alphabaculovirus; Alphabaculovirus spofrugiperdae"	"Spodoptera frugiperda MNPV isolate Nicaraguan, complete genome"	"insd"	"GenBank"	"genomic DNA"	"circular"	132954	132954	TRUE	40.2801	0	NA	"Spodoptera frugiperda"	NA	"Nicaraguan"	"Nicaragua"	NA	"2011-01-30"	"2011-06-01"	"2011-06-01"	"2010-06-29"	NA	NA	NA	"ok_downloaded"
"GU111736"	"GU111736.1"	"DQ336948"	"Pieris rapae granulovirus"	"252584"	"Pieris rapae granulovirus"	"species"	"Pieris rapae granulovirus"	"252584"	"Betabaculovirus"	"Baculoviridae"	"Viruses; Naldaviricetes; Lefavirales; Baculoviridae; Betabaculovirus; unclassified Betabaculovirus"	"Pieris rapae granulovirus strain E3, complete genome"	"insd"	"GenBank"	"genomic DNA"	"circular"	108476	108476	TRUE	33.199	0	NA	NA	"E3"	"Guangxi"	"China"	NA	"2010-12-30"	"2010-12-30"	"2010-12-30"	"2005-12-20"	NA	NA	NA	"ok_downloaded"
"AY327402"	"AY327402.2"	"AF068194;U10476;U23422;U78194"	"Choristoneura fumiferana DEF multiple nucleopolyhedrovirus"	"74660"	"Choristoneura fumiferana DEF multiple nucleopolyhedrovirus"	"no rank"	"Alphabaculovirus alterchofumiferanae"	"3047749"	"Alphabaculovirus"	"Baculoviridae"	"Viruses; Naldaviricetes; Lefavirales; Baculoviridae; Alphabaculovirus; Alphabaculovirus alterchofumiferanae"	"Choristoneura fumiferana defective nucleopolyhedrovirus complete genome"	"insd"	"GenBank"	"genomic DNA"	"circular"	131160	131160	TRUE	45.8252	3	"SY"	NA	NA	NA	NA	NA	"2003-10-08"	"2005-03-25"	"2005-03-25"	"2003-06-20"	NA	"NC_005137.2"	"NCBI ELink nuccore_nuccore_gbrs"	"ok_downloaded"
"EU730893"	"EU730893.1"	NA	"Helicoverpa armigera multiple nucleopolyhedrovirus"	"559170"	"Helicoverpa armigera multiple nucleopolyhedrovirus"	"no rank"	"Alphabaculovirus sp. 'altermaconfiguratae'"	"3048196"	"Alphabaculovirus"	"Baculoviridae"	"Viruses; Naldaviricetes; Lefavirales; Baculoviridae; Alphabaculovirus; unclassified Alphabaculovirus; Alphabaculovirus sp. 'altermaconfiguratae'; Mamestra configurata nucleopolyhedrovirus B"	"Helicoverpa armigera multiple nucleopolyhedrovirus, complete genome"	"insd"	"GenBank"	"genomic DNA"	"circular"	154196	154196	TRUE	40.0738	3	"KY"	NA	NA	NA	NA	NA	"2008-11-30"	"2008-11-30"	"2008-11-30"	"2008-05-17"	NA	NA	NA	"ok_downloaded"
"AY522332"	"AY522332.4"	NA	"Agrotis segetum granulovirus"	"10464"	"Agrotis segetum granulovirus"	"no rank"	"Betabaculovirus agsegetum"	"3047353"	"Betabaculovirus"	"Baculoviridae"	"Viruses; Naldaviricetes; Lefavirales; Baculoviridae; Betabaculovirus; Betabaculovirus agsegetum"	"Agrotis segetum granulovirus, complete genome"	"insd"	"GenBank"	"genomic DNA"	"circular"	131680	131680	TRUE	37.3117	0	NA	NA	NA	NA	NA	NA	"2004-03-05"	"2009-07-07"	"2009-07-07"	"2004-01-08"	NA	"NC_005839.2"	"NCBI ELink nuccore_nuccore_gbrs"	"ok_downloaded"
"U75930"	"U75930.2"	NA	"Orgyia pseudotsugata multiple nucleopolyhedrovirus"	"262177"	"Orgyia pseudotsugata multiple nucleopolyhedrovirus"	"no rank"	"Alphabaculovirus orpseudotsugatae"	"3048238"	"Alphabaculovirus"	"Baculoviridae"	"Viruses; Naldaviricetes; Lefavirales; Baculoviridae; Alphabaculovirus; Alphabaculovirus orpseudotsugatae"	"Orgyia pseudotsugata MNPV, complete genome"	"insd"	"GenBank"	"genomic DNA"	"circular"	131995	131995	TRUE	55.1332	2	"N"	NA	NA	NA	NA	NA	"1997-03-27"	"2010-10-01"	"2010-10-01"	"1996-10-23"	NA	"NC_001875.2"	"NCBI ELink nuccore_nuccore_gbrs"	"ok_downloaded"
"FJ914221"	"FJ914221.1"	NA	"Apocheima cinerarium nucleopolyhedrovirus"	"307461"	"Apocheima cinerarium nucleopolyhedrovirus"	"species"	"Apocheima cinerarium nucleopolyhedrovirus"	"307461"	"Alphabaculovirus"	"Baculoviridae"	"Viruses; Naldaviricetes; Lefavirales; Baculoviridae; Alphabaculovirus; unclassified Alphabaculovirus"	"Apocheima cinerarium nucleopolyhedrovirus, complete genome"	"insd"	"GenBank"	"genomic DNA"	"circular"	123876	123876	TRUE	33.353	7	"KMRSY"	"Apocheima cinerarium (Erschoff) (Lepidoptera: Geometridae)"	NA	NA	"China"	"2008"	"2010-06-01"	"2010-06-01"	"2010-06-01"	"2009-04-13"	NA	"NC_018504.1"	"NCBI ELink nuccore_nuccore_gbrs"	"ok_downloaded"
"U59461"	"U59461.2"	"AF467808"	"Mamestra configurata nucleopolyhedrovirus A"	"207830"	"Mamestra configurata nucleopolyhedrovirus A"	"no rank"	"Alphabaculovirus maconfiguratae"	"3048195"	"Alphabaculovirus"	"Baculoviridae"	"Viruses; Naldaviricetes; Lefavirales; Baculoviridae; Alphabaculovirus; Alphabaculovirus maconfiguratae"	"Mamestra configurata NPV-A strain 90/2, complete genome"	"insd"	"GenBank"	"genomic DNA"	"circular"	155060	155060	TRUE	41.6761	0	NA	"Mamestra configurata Walker (Lepidoptera: Noctuidae)"	"90/2"	NA	"Canada"	NA	"1997-03-29"	"2005-08-31"	"2005-08-31"	"1996-05-29"	NA	"NC_003529.1"	"NCBI ELink nuccore_nuccore_gbrs"	"ok_downloaded"
"AF334030"	"AF334030.1"	NA	"Helicoverpa zea single nucleopolyhedrovirus"	"10468"	"Helicoverpa zea single nucleopolyhedrovirus"	"no rank"	"Alphabaculovirus helarmigerae"	"3047947"	"Alphabaculovirus"	"Baculoviridae"	"Viruses; Naldaviricetes; Lefavirales; Baculoviridae; Alphabaculovirus; Alphabaculovirus helarmigerae"	"Helicoverpa zea single nucleocapsid nucleopolyhedrovirus, complete genome"	"insd"	"GenBank"	"genomic DNA"	"circular"	130869	130869	TRUE	39.0818	0	NA	NA	NA	NA	NA	NA	"2002-01-01"	"2002-04-01"	"2002-04-01"	"2001-01-08"	NA	NA	NA	"ok_downloaded"
"U53466"	"U53466.2"	"AB010886;L05494;U44847;Y09478"	"Cydia pomonella granulovirus"	"28289"	"Cydia pomonella granulovirus"	"no rank"	"Betabaculovirus cypomonellae"	"3047787"	"Betabaculovirus"	"Baculoviridae"	"Viruses; Naldaviricetes; Lefavirales; Baculoviridae; Betabaculovirus; Betabaculovirus cypomonellae"	"Cydia pomonella granulovirus, complete genome"	"insd"	"GenBank"	"genomic DNA"	"circular"	123500	123500	TRUE	45.2672	0	NA	NA	"Mexican 1"	NA	NA	NA	"2001-04-02"	"2001-11-14"	"2001-11-14"	"1993-06-11"	NA	"NC_002816.1"	"NCBI ELink nuccore_nuccore_gbrs"	"ok_downloaded"
"L33180"	"L33180.1"	NA	"Bombyx mori nucleopolyhedrovirus"	"271108"	"Bombyx mori nucleopolyhedrovirus"	"no rank"	"Alphabaculovirus bomori"	"3047695"	"Alphabaculovirus"	"Baculoviridae"	"Viruses; Naldaviricetes; Lefavirales; Baculoviridae; Alphabaculovirus; Alphabaculovirus bomori"	"Bombyx mori nuclear polyhedrosis virus isolate T3, complete genome"	"insd"	"GenBank"	"genomic DNA"	"circular"	128413	128413	TRUE	40.404	0	NA	NA	NA	"T3"	NA	NA	"1996-01-18"	"2009-04-10"	"2009-04-10"	"1994-05-29"	NA	"NC_001962.1"	"NCBI ELink nuccore_nuccore_gbrs"	"ok_downloaded"
"FJ882854"	"FJ882854.1"	NA	"Bombyx mandarina nucleopolyhedrovirus"	"640862"	"Bombyx mandarina nucleopolyhedrovirus"	"no rank"	"Alphabaculovirus bomori"	"3047695"	"Alphabaculovirus"	"Baculoviridae"	"Viruses; Naldaviricetes; Lefavirales; Baculoviridae; Alphabaculovirus; Alphabaculovirus bomori; Bombyx mori nucleopolyhedrovirus"	"Bombyx mandarina nucleopolyhedrovirus isolate S1, complete genome"	"insd"	"GenBank"	"genomic DNA"	"circular"	126770	126770	TRUE	40.2295	0	NA	"Bombyx mandarina (wild silkworm)"	NA	"S1"	"China"	"Jul-2003"	"2009-05-06"	"2010-04-19"	"2010-04-19"	"2009-04-02"	NA	"NC_012672.1"	"NCBI ELink nuccore_nuccore_gbrs"	"ok_downloaded"
"AF539999"	"AF539999.1"	NA	"Mamestra configurata nucleopolyhedrovirus A"	"207830"	"Mamestra configurata nucleopolyhedrovirus A"	"no rank"	"Alphabaculovirus maconfiguratae"	"3048195"	"Alphabaculovirus"	"Baculoviridae"	"Viruses; Naldaviricetes; Lefavirales; Baculoviridae; Alphabaculovirus; Alphabaculovirus maconfiguratae"	"Mamestra configurata nucleopolyhedrovirus A 90/4, complete genome"	"insd"	"GenBank"	"genomic DNA"	"circular"	153656	153656	TRUE	41.7406	0	NA	NA	NA	"90/4"	NA	NA	"2003-09-23"	"2004-12-21"	"2004-12-21"	"2002-08-21"	NA	"NC_075010.1"	"NCBI ELink nuccore_nuccore_gbrs"	"ok_downloaded"
"AY126275"	"AY126275.1"	NA	"Mamestra configurata nucleopolyhedrovirus B"	"204440"	"Mamestra configurata nucleopolyhedrovirus B"	"no rank"	"Alphabaculovirus sp. 'altermaconfiguratae'"	"3048196"	"Alphabaculovirus"	"Baculoviridae"	"Viruses; Naldaviricetes; Lefavirales; Baculoviridae; Alphabaculovirus; unclassified Alphabaculovirus; Alphabaculovirus sp. 'altermaconfiguratae'"	"Mamestra configurata nucleopolyhedrovirus B, complete genome"	"insd"	"GenBank"	"genomic DNA"	"circular"	158482	158482	TRUE	40.0405	0	NA	NA	NA	NA	NA	NA	"2002-08-25"	"2005-03-22"	"2005-03-22"	"2002-06-25"	NA	"NC_004117.1"	"NCBI ELink nuccore_nuccore_gbrs"	"ok_downloaded"
"AF403738"	"AF403738.1"	NA	"Culex nigripalpus nucleopolyhedrovirus"	"130556"	"Culex nigripalpus nucleopolyhedrovirus"	"no rank"	"Deltabaculovirus cunigripalpi"	"3047782"	"Deltabaculovirus"	"Baculoviridae"	"Viruses; Naldaviricetes; Lefavirales; Baculoviridae; Deltabaculovirus; Deltabaculovirus cunigripalpi"	"Culex nigripalpus baculovirus, complete genome"	"insd"	"GenBank"	"genomic DNA"	"circular"	108252	108252	TRUE	50.8693	0	NA	NA	NA	"Florida1997"	"USA: Gainsville, Florida 1997"	NA	"2001-08-22"	"2001-10-25"	"2001-10-25"	"2001-07-29"	NA	"NC_003084.1"	"NCBI ELink nuccore_nuccore_gbrs"	"ok_downloaded"
"AY043265"	"AY043265.1"	NA	"Epiphyas postvittana nucleopolyhedrovirus"	"70600"	"Epiphyas postvittana nucleopolyhedrovirus"	"no rank"	"Alphabaculovirus eppostvittanae"	"3047825"	"Alphabaculovirus"	"Baculoviridae"	"Viruses; Naldaviricetes; Lefavirales; Baculoviridae; Alphabaculovirus; Alphabaculovirus eppostvittanae"	"Epiphyas postvittana nucleopolyhedrovirus, complete genome"	"insd"	"GenBank"	"genomic DNA"	"circular"	118584	118584	TRUE	40.6826	0	NA	NA	NA	NA	NA	NA	"2001-08-19"	"2007-08-07"	"2007-08-07"	"2001-07-03"	NA	"NC_003083.1"	"NCBI ELink nuccore_nuccore_gbrs"	"ok_downloaded"
"EU255577"	"EU255577.1"	NA	"Helicoverpa armigera granulovirus"	"489830"	"Helicoverpa armigera granulovirus"	"no rank"	"Betabaculovirus helarmigerae"	"3047946"	"Betabaculovirus"	"Baculoviridae"	"Viruses; Naldaviricetes; Lefavirales; Baculoviridae; Betabaculovirus; Betabaculovirus helarmigerae"	"Helicoverpa armigera granulovirus, complete genome"	"insd"	"GenBank"	"genomic DNA"	"circular"	169794	169794	TRUE	40.8307	0	NA	NA	NA	NA	NA	NA	"2008-01-01"	"2008-05-07"	"2008-05-07"	"2007-10-30"	NA	"NC_010240.1"	"NCBI ELink nuccore_nuccore_gbrs"	"ok_downloaded"
"DQ457003"	"DQ457003.1"	NA	"Plutella xylostella multiple nucleopolyhedrovirus"	"379891"	"Plutella xylostella multiple nucleopolyhedrovirus"	"no rank"	"Alphabaculovirus aucalifornicae"	"3047383"	"Alphabaculovirus"	"Baculoviridae"	"Viruses; Naldaviricetes; Lefavirales; Baculoviridae; Alphabaculovirus; Alphabaculovirus aucalifornicae"	"Plutella xylostella multiple nucleopolyhedrovirus isolate CL3, complete genome"	"insd"	"GenBank"	"genomic DNA"	"circular"	134417	134417	TRUE	40.6935	0	NA	NA	NA	"CL3"	NA	NA	"2006-09-01"	"2007-10-29"	"2007-10-29"	"2006-03-21"	NA	"NC_008349.1"	"NCBI ELink nuccore_nuccore_gbrs"	"ok_downloaded"
"AF081810"	"AF081810.1"	NA	"Lymantria dispar multiple nucleopolyhedrovirus"	"10449"	"Lymantria dispar multiple nucleopolyhedrovirus"	"no rank"	"Alphabaculovirus lydisparis"	"3048188"	"Alphabaculovirus"	"Baculoviridae"	"Viruses; Naldaviricetes; Lefavirales; Baculoviridae; Alphabaculovirus; Alphabaculovirus lydisparis"	"Lymantria dispar nucleopolyhedrovirus, complete genome"	"insd"	"GenBank"	"genomic DNA"	"circular"	161046	161046	TRUE	57.4724	0	NA	NA	NA	NA	NA	NA	"1998-11-03"	"1999-03-08"	"1999-03-08"	"1998-08-03"	NA	"NC_001973.1"	"NCBI ELink nuccore_nuccore_gbrs"	"ok_cached"
"L22858"	"L22858.1"	NA	"Autographa californica nucleopolyhedrovirus"	"46015"	"Autographa californica nucleopolyhedrovirus"	"no rank"	"Alphabaculovirus aucalifornicae"	"3047383"	"Alphabaculovirus"	"Baculoviridae"	"Viruses; Naldaviricetes; Lefavirales; Baculoviridae; Alphabaculovirus; Alphabaculovirus aucalifornicae; Autographa californica multiple nucleopolyhedrovirus"	"Autographa californica nucleopolyhedrovirus clone C6, complete genome"	"insd"	"GenBank"	"genomic DNA"	"circular"	133894	133894	TRUE	40.7023	0	NA	NA	NA	NA	NA	NA	"1994-07-16"	"2001-03-29"	"2001-03-29"	"1999-03-08"	NA	"NC_001623.1"	"NCBI ELink nuccore_nuccore_gbrs"	"ok_downloaded"
"EF035042"	"EF035042.2"	NA	"Spodoptera frugiperda multiple nucleopolyhedrovirus"	"10455"	"Spodoptera frugiperda multiple nucleopolyhedrovirus"	"no rank"	"Alphabaculovirus spofrugiperdae"	"3048335"	"Alphabaculovirus"	"Baculoviridae"	"Viruses; Naldaviricetes; Lefavirales; Baculoviridae; Alphabaculovirus; Alphabaculovirus spofrugiperdae"	"Spodoptera frugiperda MNPV isolate 3AP2, complete genome"	"insd"	"GenBank"	"genomic DNA"	"circular"	131331	131331	TRUE	40.2441	0	NA	NA	NA	"3AP2"	NA	NA	"2007-01-10"	"2009-09-04"	"2009-09-04"	"2006-10-03"	NA	"NC_009011.2"	"NCBI ELink nuccore_nuccore_gbrs"	"ok_downloaded"
"DQ288858"	"DQ288858.2"	NA	"Spodoptera litura granulovirus"	"359919"	"Spodoptera litura granulovirus"	"no rank"	"Betabaculovirus spliturae"	"3048337"	"Betabaculovirus"	"Baculoviridae"	"Viruses; Naldaviricetes; Lefavirales; Baculoviridae; Betabaculovirus; Betabaculovirus spliturae"	"Spodoptera litura granulovirus isolate SlGV-K1, complete genome"	"insd"	"GenBank"	"genomic DNA"	"circular"	124121	124121	TRUE	38.825	0	NA	NA	NA	"SlGV-K1"	"South Korea"	NA	"2005-12-07"	"2009-11-05"	"2009-11-05"	"2005-11-14"	NA	"NC_009503.1"	"NCBI ELink nuccore_nuccore_gbrs"	"ok_downloaded"
"DQ123841"	"DQ123841.1"	NA	"Agrotis segetum nucleopolyhedrovirus A"	"1962501"	"Agrotis segetum nucleopolyhedrovirus A"	"no rank"	"Alphabaculovirus agsegetum"	"3047354"	"Alphabaculovirus"	"Baculoviridae"	"Viruses; Naldaviricetes; Lefavirales; Baculoviridae; Alphabaculovirus; Alphabaculovirus agsegetum"	"Agrotis segetum nucleopolyhedrovirus, complete genome"	"insd"	"GenBank"	"genomic DNA"	"circular"	147544	147544	TRUE	45.7131	0	NA	NA	NA	NA	NA	NA	"2006-03-03"	"2006-03-03"	"2006-03-03"	"2005-07-12"	NA	"NC_007921.1"	"NCBI ELink nuccore_nuccore_gbrs"	"ok_downloaded"
"AY864330"	"AY864330.1"	"AY456389;AY456390;AY545786;AY545787"	"Chrysodeixis chalcites nucleopolyhedrovirus"	"320432"	"Chrysodeixis chalcites nucleopolyhedrovirus"	"no rank"	"Alphabaculovirus chrychalcites"	"3047753"	"Alphabaculovirus"	"Baculoviridae"	"Viruses; Naldaviricetes; Lefavirales; Baculoviridae; Alphabaculovirus; Alphabaculovirus chrychalcites"	"Chrysodeixis chalcites nucleopolyhedrovirus, complete genome"	"insd"	"GenBank"	"genomic DNA"	"circular"	149622	149622	TRUE	39.0076	0	NA	NA	NA	NA	NA	NA	"2005-06-25"	"2007-12-18"	"2007-12-18"	"2003-11-03"	NA	"NC_007151.1"	"NCBI ELink nuccore_nuccore_gbrs"	"ok_downloaded"
"DQ317692"	"DQ317692.1"	NA	"Neodiprion abietis nucleopolyhedrovirus"	"204507"	"Neodiprion abietis nucleopolyhedrovirus"	"no rank"	"Gammabaculovirus neabietis"	"3060014"	"Gammabaculovirus"	"Baculoviridae"	"Viruses; Naldaviricetes; Lefavirales; Baculoviridae; Gammabaculovirus; Gammabaculovirus neabietis"	"Neodiprion abietis nucleopolyhedrovirus, complete genome"	"insd"	"GenBank"	"genomic DNA"	"circular"	84264	84264	TRUE	33.3772	0	NA	"Neodiprion abietis"	NA	NA	"Canada: between Stephenville and Corner Brook"	"1997"	"2006-06-30"	"2006-06-30"	"2006-06-30"	"2005-12-06"	NA	"NC_008252.1"	"NCBI ELink nuccore_nuccore_gbrs"	"ok_downloaded"
"AF303045"	"AF303045.2"	NA	"Helicoverpa armigera nucleopolyhedrovirus"	"51313"	"Helicoverpa armigera nucleopolyhedrovirus"	"no rank"	"Alphabaculovirus helarmigerae"	"3047947"	"Alphabaculovirus"	"Baculoviridae"	"Viruses; Naldaviricetes; Lefavirales; Baculoviridae; Alphabaculovirus; Alphabaculovirus helarmigerae"	"Helicoverpa armigera nuclear polyhedrosis virus, complete genome"	"insd"	"GenBank"	"genomic DNA"	"circular"	130759	130759	TRUE	38.9205	0	NA	NA	NA	"C1"	NA	NA	"2001-08-31"	"2005-02-10"	"2005-02-10"	"2000-09-07"	NA	"NC_003094.2"	"NCBI ELink nuccore_nuccore_gbrs"	"ok_downloaded"
"AY349019"	"AY349019.1"	NA	"Neodiprion lecontei nucleopolyhedrovirus"	"249151"	"Neodiprion lecontei nucleopolyhedrovirus"	"no rank"	"Gammabaculovirus nelecontei"	"3048221"	"Gammabaculovirus"	"Baculoviridae"	"Viruses; Naldaviricetes; Lefavirales; Baculoviridae; Gammabaculovirus; Gammabaculovirus nelecontei"	"Neodiprion lecontei NPV, complete genome"	"insd"	"GenBank"	"genomic DNA"	"circular"	81755	81755	TRUE	33.3803	162	"DKMRSWY"	NA	NA	NA	NA	NA	"2004-06-15"	"2005-10-12"	"2005-10-12"	"2003-07-23"	NA	"NC_005906.1"	"NCBI ELink nuccore_nuccore_gbrs"	"ok_downloaded"
"AY430810"	"AY430810.1"	NA	"Neodiprion sertifer nucleopolyhedrovirus"	"111874"	"Neodiprion sertifer nucleopolyhedrovirus"	"no rank"	"Gammabaculovirus nesertiferis"	"3048222"	"Gammabaculovirus"	"Baculoviridae"	"Viruses; Naldaviricetes; Lefavirales; Baculoviridae; Gammabaculovirus; Gammabaculovirus nesertiferis"	"Neodiprion sertifer nucleopolyhdrovirus, complete genome"	"insd"	"GenBank"	"genomic DNA"	"circular"	86462	86462	TRUE	33.7593	0	NA	"Neodiprion sertifer"	NA	NA	NA	NA	"2004-06-14"	"2004-06-14"	"2004-06-14"	"2003-10-08"	NA	"NC_005905.1"	"NCBI ELink nuccore_nuccore_gbrs"	"ok_downloaded"
"AY229987"	"AY229987.1"	"AY096241;AY096242;X77048;X79569"	"Cryptophlebia leucotreta granulovirus"	"35254"	"Cryptophlebia leucotreta granulovirus"	"no rank"	"Betabaculovirus cryleucotretae"	"3047776"	"Betabaculovirus"	"Baculoviridae"	"Viruses; Naldaviricetes; Lefavirales; Baculoviridae; Betabaculovirus; Betabaculovirus cryleucotretae"	"Cryptophlebia leucotreta granulovirus isolate CV3, complete genome"	"insd"	"GenBank"	"genomic DNA"	"circular"	110907	110907	TRUE	32.4416	0	NA	NA	NA	"CV3"	"Cape Verde: Cape Verde Islands"	NA	"2003-08-11"	"2004-06-07"	"2004-06-07"	"1993-12-22"	NA	"NC_005068.1"	"NCBI ELink nuccore_nuccore_gbrs"	"ok_downloaded"
"AF547984"	"AF547984.1"	NA	"Adoxophyes orana granulovirus"	"170617"	"Adoxophyes orana granulovirus"	"no rank"	"Betabaculovirus adoranae"	"3047349"	"Betabaculovirus"	"Baculoviridae"	"Viruses; Naldaviricetes; Lefavirales; Baculoviridae; Betabaculovirus; Betabaculovirus adoranae"	"Adoxophyes orana granulovirus, complete genome"	"insd"	"GenBank"	"genomic DNA"	"circular"	99657	99657	TRUE	34.4913	0	NA	NA	NA	NA	NA	NA	"2003-07-11"	"2003-07-16"	"2003-07-16"	"2002-09-20"	NA	"NC_005038.1"	"NCBI ELink nuccore_nuccore_gbrs"	"ok_downloaded"
"AP010907"	"AP010907.1"	NA	"Helicoverpa armigera NPV NNg1"	"566972"	"Helicoverpa armigera NPV NNg1"	"no rank"	"Alphabaculovirus helarmigerae"	"3047947"	"Alphabaculovirus"	"Baculoviridae"	"Viruses; Naldaviricetes; Lefavirales; Baculoviridae; Alphabaculovirus; Alphabaculovirus helarmigerae; Helicoverpa armigera nucleopolyhedrovirus"	"Helicoverpa armigera NPV NNg1 DNA, complete genome"	"insd"	"GenBank"	"genomic DNA"	"circular"	132425	132425	TRUE	39.1505	0	NA	NA	"NNg1"	NA	NA	NA	"2008-10-10"	"2009-11-30"	"2009-11-30"	"2008-10-08"	NA	"NC_011354.1"	"NCBI ELink nuccore_nuccore_gbrs"	"ok_downloaded"
"AY145471"	"AY145471.1"	NA	"Rachiplusia ou multiple nucleopolyhedrovirus"	"80366"	"Rachiplusia ou multiple nucleopolyhedrovirus"	"no rank"	"Alphabaculovirus raous"	"3059715"	"Alphabaculovirus"	"Baculoviridae"	"Viruses; Naldaviricetes; Lefavirales; Baculoviridae; Alphabaculovirus; Alphabaculovirus raous"	"Rachiplusia ou multiple nucleopolyhedrovirus, complete genome"	"insd"	"GenBank"	"genomic DNA"	"circular"	131526	131526	TRUE	39.0972	0	NA	NA	NA	NA	NA	NA	"2002-10-02"	"2003-07-07"	"2003-07-07"	"2002-08-28"	NA	"NC_004323.1"	"NCBI ELink nuccore_nuccore_gbrs"	"ok_downloaded"
"AF499596"	"AF499596.1"	NA	"Phthorimaea operculella granulovirus"	"192584"	"Phthorimaea operculella granulovirus"	"no rank"	"Betabaculovirus phoperculellae"	"3048268"	"Betabaculovirus"	"Baculoviridae"	"Viruses; Naldaviricetes; Lefavirales; Baculoviridae; Betabaculovirus; Betabaculovirus phoperculellae"	"Phthorimaea operculella granulovirus, complete genome"	"insd"	"GenBank"	"genomic DNA"	"circular"	119217	119217	TRUE	35.6979	0	NA	NA	NA	NA	NA	NA	"2002-07-01"	"2002-07-01"	"2002-07-01"	"2002-04-05"	NA	"NC_004062.1"	"NCBI ELink nuccore_nuccore_gbrs"	"ok_downloaded"
"AF325155"	"AF325155.1"	NA	"Spodoptera litura nucleopolyhedrovirus"	"46242"	"Spodoptera litura nucleopolyhedrovirus"	"no rank"	"Alphabaculovirus spliturae"	"3048338"	"Alphabaculovirus"	"Baculoviridae"	"Viruses; Naldaviricetes; Lefavirales; Baculoviridae; Alphabaculovirus; Alphabaculovirus spliturae"	"Spodoptera litura nucleopolyhedrovirus strain G2, complete genome"	"insd"	"GenBank"	"genomic DNA"	"circular"	139342	139342	TRUE	42.7689	0	NA	NA	"G2"	NA	NA	NA	"2001-09-11"	"2001-09-11"	"2001-09-11"	"2000-12-01"	NA	"NC_003102.1"	"NCBI ELink nuccore_nuccore_gbrs"	"ok_cached"
"DQ504428"	"DQ504428.1"	"AY894338;AY894339;AY894340;AY894341;DQ060844;DQ060845;DQ060846"	"Clanis bilineata nucleopolyhedrovirus"	"1307957"	"Clanis bilineata nucleopolyhedrovirus"	"no rank"	"Alphabaculovirus clabilineatae"	"3047759"	"Alphabaculovirus"	"Baculoviridae"	"Viruses; Naldaviricetes; Lefavirales; Baculoviridae; Alphabaculovirus; Alphabaculovirus clabilineatae"	"Clanis bilineata nucleopolyhedrosis virus isolate DZ1, complete genome"	"insd"	"GenBank"	"genomic DNA"	"linear"	135454	135454	TRUE	37.7383	0	NA	NA	NA	"DZ1"	NA	NA	"2006-08-18"	"2009-03-17"	"2009-03-17"	"2005-01-16"	NA	"NC_008293.1"	"NCBI ELink nuccore_nuccore_gbrs"	"ok_downloaded"
"FJ227128"	"FJ227128.1"	NA	"Euproctis pseudoconspersa nucleopolyhedrovirus"	"307467"	"Euproctis pseudoconspersa nucleopolyhedrovirus"	"no rank"	"Alphabaculovirus eupseudoconspersae"	"3047831"	"Alphabaculovirus"	"Baculoviridae"	"Viruses; Naldaviricetes; Lefavirales; Baculoviridae; Alphabaculovirus; Alphabaculovirus eupseudoconspersae"	"Euproctis pseudoconspersa nucleopolyhedrovirus strain Hangzhou, complete genome"	"insd"	"GenBank"	"genomic DNA"	"circular"	141291	141291	TRUE	40.3451	0	NA	"tea tussork"	"Hangzhou"	NA	"China:Zhejiang"	"Aug-1994"	"2009-04-28"	"2009-04-28"	"2009-04-28"	"2008-09-19"	NA	"NC_012639.1"	"NCBI ELink nuccore_nuccore_gbrs"	"ok_downloaded"
"AP009046"	"AP009046.1"	NA	"Hyphantria cunea nucleopolyhedrovirus"	"28288"	"Hyphantria cunea nucleopolyhedrovirus"	"no rank"	"Alphabaculovirus hycuneae"	"3048149"	"Alphabaculovirus"	"Baculoviridae"	"Viruses; Naldaviricetes; Lefavirales; Baculoviridae; Alphabaculovirus; Alphabaculovirus hycuneae"	"Hyphantria cunea nucleopolyhedrovirus genomic DNA, complete genome"	"insd"	"GenBank"	"genomic DNA"	"circular"	132959	132959	TRUE	45.5058	0	NA	NA	NA	NA	NA	NA	"2006-01-31"	"2008-12-18"	"2008-12-18"	"2005-08-17"	NA	"NC_007767.1"	"NCBI ELink nuccore_nuccore_gbrs"	"ok_downloaded"
"EU780426"	"EU780426.1"	NA	"Spodoptera litura nucleopolyhedrovirus II"	"566270"	"Spodoptera litura nucleopolyhedrovirus II"	"species"	"Spodoptera litura nucleopolyhedrovirus II"	"566270"	"Alphabaculovirus"	"Baculoviridae"	"Viruses; Naldaviricetes; Lefavirales; Baculoviridae; Alphabaculovirus; unclassified Alphabaculovirus"	"Spodoptera litura nucleopolyhedrovirus II, complete genome"	"insd"	"GenBank"	"genomic DNA"	"circular"	148634	148634	TRUE	44.9971	0	NA	NA	NA	NA	NA	NA	"2008-11-30"	"2008-11-30"	"2008-11-30"	"2008-05-30"	NA	"NC_011616.1"	"NCBI ELink nuccore_nuccore_gbrs"	"ok_downloaded"
"EU591746"	"EU591746.1"	NA	"Adoxophyes orana nucleopolyhedrovirus"	"542343"	"Adoxophyes orana nucleopolyhedrovirus"	"species"	"Adoxophyes orana nucleopolyhedrovirus"	"542343"	"Alphabaculovirus"	"Baculoviridae"	"Viruses; Naldaviricetes; Lefavirales; Baculoviridae; Alphabaculovirus; unclassified Alphabaculovirus"	"Adoxophyes orana nucleopolyhedrovirus, complete genome"	"insd"	"GenBank"	"genomic DNA"	"circular"	111724	111724	TRUE	34.9952	0	NA	"Adoxophyes orana"	NA	"English"	"United Kingdom"	NA	"2008-10-26"	"2008-10-26"	"2008-10-26"	"2008-03-25"	NA	"NC_011423.1"	"NCBI ELink nuccore_nuccore_gbrs"	"ok_downloaded"
"EU839994"	"EU839994.1"	NA	"Agrotis ipsilon multiple nucleopolyhedrovirus"	"208013"	"Agrotis ipsilon multiple nucleopolyhedrovirus"	"no rank"	"Alphabaculovirus agipsilonis"	"3047352"	"Alphabaculovirus"	"Baculoviridae"	"Viruses; Naldaviricetes; Lefavirales; Baculoviridae; Alphabaculovirus; Alphabaculovirus agipsilonis"	"Agrotis ipsilon multiple nucleopolyhedrovirus strain Illinois, complete genome"	"insd"	"GenBank"	"genomic DNA"	"circular"	155122	155122	TRUE	48.5747	0	NA	NA	"Illinois"	NA	"USA"	NA	"2008-10-08"	"2008-10-08"	"2008-10-08"	"2008-06-20"	NA	"NC_011345.1"	"NCBI ELink nuccore_nuccore_gbrs"	"ok_downloaded"
"EF125867"	"EF125867.1"	NA	"Maruca vitrata nucleopolyhedrovirus"	"1307954"	"Maruca vitrata nucleopolyhedrovirus"	"no rank"	"Alphabaculovirus mavitratae"	"3048197"	"Alphabaculovirus"	"Baculoviridae"	"Viruses; Naldaviricetes; Lefavirales; Baculoviridae; Alphabaculovirus; Alphabaculovirus mavitratae"	"Maruca vitrata MNPV, complete genome"	"insd"	"GenBank"	"genomic DNA"	"circular"	111953	111953	TRUE	38.6162	0	NA	NA	NA	NA	"Taiwan"	NA	"2006-12-23"	"2008-09-10"	"2008-09-10"	"2006-11-19"	NA	"NC_008725.1"	"NCBI ELink nuccore_nuccore_gbrs"	"ok_downloaded"
"EU258200"	"EU258200.1"	NA	"Spodoptera frugiperda multiple nucleopolyhedrovirus"	"10455"	"Spodoptera frugiperda multiple nucleopolyhedrovirus"	"no rank"	"Alphabaculovirus spofrugiperdae"	"3048335"	"Alphabaculovirus"	"Baculoviridae"	"Viruses; Naldaviricetes; Lefavirales; Baculoviridae; Alphabaculovirus; Alphabaculovirus spofrugiperdae"	"Spodoptera frugiperda MNPV isolate 19, complete genome"	"insd"	"GenBank"	"genomic DNA"	"circular"	132565	132565	TRUE	40.2572	0	NA	NA	NA	"19"	"Brazil"	NA	"2008-04-26"	"2008-04-26"	"2008-04-26"	"2007-10-31"	NA	NA	NA	"ok_downloaded"
"EU309041"	"EU309041.1"	NA	"Orgyia leucostigma nucleopolyhedrovirus"	"490711"	"Orgyia leucostigma nucleopolyhedrovirus"	"no rank"	"Alphabaculovirus orleucostigmae"	"3048237"	"Alphabaculovirus"	"Baculoviridae"	"Viruses; Naldaviricetes; Lefavirales; Baculoviridae; Alphabaculovirus; Alphabaculovirus orleucostigmae"	"Orgyia leucostigma NPV isolate CFS-77, complete genome"	"insd"	"GenBank"	"genomic DNA"	"circular"	156179	156179	TRUE	39.8837	0	NA	NA	NA	"CFS-77"	"Canada"	NA	"2008-01-16"	"2008-04-21"	"2008-04-21"	"2007-11-29"	NA	"NC_010276.1"	"NCBI ELink nuccore_nuccore_gbrs"	"ok_downloaded"
"EF207986"	"EF207986.1"	NA	"Antheraea pernyi nucleopolyhedrovirus"	"161494"	"Antheraea pernyi nucleopolyhedrovirus"	"no rank"	"Alphabaculovirus anpernyi"	"3047366"	"Alphabaculovirus"	"Baculoviridae"	"Viruses; Naldaviricetes; Lefavirales; Baculoviridae; Alphabaculovirus; Alphabaculovirus anpernyi"	"Antheraea pernyi nucleopolyhedrovirus isolate AnpeMNPV-L2, complete genome"	"insd"	"GenBank"	"genomic DNA"	"circular"	126246	126246	TRUE	53.4781	0	NA	"Antheraea pernyi"	"Liaoning"	"AnpeMNPV-L2"	"China"	NA	"2007-09-20"	"2007-09-20"	"2007-09-20"	"2007-01-06"	NA	NA	NA	"ok_downloaded"
"DQ486030"	"DQ486030.3"	NA	"Antheraea pernyi nucleopolyhedrovirus"	"161494"	"Antheraea pernyi nucleopolyhedrovirus"	"no rank"	"Alphabaculovirus anpernyi"	"3047366"	"Alphabaculovirus"	"Baculoviridae"	"Viruses; Naldaviricetes; Lefavirales; Baculoviridae; Alphabaculovirus; Alphabaculovirus anpernyi"	"Antheraea pernyi nucleopolyhedrovirus, complete genome"	"insd"	"GenBank"	"genomic DNA"	"circular"	126629	126629	TRUE	53.4693	5	"KSWY"	NA	"Liaoning"	NA	NA	NA	"2006-05-14"	"2007-08-01"	"2007-08-01"	"2006-04-07"	NA	"NC_008035.3"	"NCBI ELink nuccore_nuccore_gbrs"	"ok_downloaded"
"DQ837165"	"DQ837165.1"	"AF107100;U95014"	"Ectropis obliqua nucleopolyhedrovirus"	"59376"	"Ectropis obliqua nucleopolyhedrovirus"	"no rank"	"Alphabaculovirus ecobliquae"	"3047815"	"Alphabaculovirus"	"Baculoviridae"	"Viruses; Naldaviricetes; Lefavirales; Baculoviridae; Alphabaculovirus; Alphabaculovirus ecobliquae"	"Ecotropis obliqua NPV strain A1, complete genome"	"insd"	"GenBank"	"genomic DNA"	"circular"	131204	131204	TRUE	37.6391	0	NA	NA	"A1"	NA	NA	NA	"2006-10-31"	"2007-04-17"	"2007-04-17"	"1997-03-23"	NA	"NC_008586.1"	"NCBI ELink nuccore_nuccore_gbrs"	"ok_downloaded"
"AP006270"	"AP006270.1"	NA	"Adoxophyes honmai nucleopolyhedrovirus"	"224399"	"Adoxophyes honmai nucleopolyhedrovirus"	"no rank"	"Alphabaculovirus adhonmai"	"3047348"	"Alphabaculovirus"	"Baculoviridae"	"Viruses; Naldaviricetes; Lefavirales; Baculoviridae; Alphabaculovirus; Alphabaculovirus adhonmai"	"Adoxophyes honmai nucleopolyhedrovirus DNA, complete genome"	"insd"	"GenBank"	"genomic DNA"	"circular"	113220	113220	TRUE	35.6412	0	NA	NA	"ADN001"	NA	NA	NA	"2003-04-02"	"2003-11-06"	"2003-11-06"	"2003-03-13"	NA	"NC_004690.1"	"NCBI ELink nuccore_nuccore_gbrs"	"ok_downloaded"
